Pirate Name,Pirate URL,Portrait URL,Crew Rank,Crew Job,Crew Name,Flag Role,Flag Name,Navy Rank,Navy Name,Navy Archipelago,Owns Count,Owns List,Manages Count,Manages List,Stalls Count,Stalls List,Houses Count,Houses List,Hearties Count,Hearties List,Reputation Conqueror,Reputation Explorer,Reputation Magnate,Reputation Patron,Skill Category Alchemistry,Skill Category Battle Navigation,Skill Category Bilging,Skill Category Blacksmithing,Skill Category Carpentry,Skill Category Distilling,Skill Category Drinking,Skill Category Foraging,Skill Category Gunning,Skill Category Hearts,Skill Category Navigating,Skill Category Patching,Skill Category Poker,Skill Category Rigging,Skill Category Rumble,Skill Category Sailing,Skill Category Shipwrightery,Skill Category Spades,Skill Category Swordfighting,Skill Category Treasure Drop,Skill Category Treasure Haul,Skill Category Weaving,Skill Experience Alchemistry,Skill Experience Battle Navigation,Skill Experience Bilging,Skill Experience Blacksmithing,Skill Experience Carpentry,Skill Experience Distilling,Skill Experience Drinking,Skill Experience Foraging,Skill Experience Gunning,Skill Experience Hearts,Skill Experience Navigating,Skill Experience Patching,Skill Experience Poker,Skill Experience Rigging,Skill Experience Rumble,Skill Experience Sailing,Skill Experience Shipwrightery,Skill Experience Spades,Skill Experience Swordfighting,Skill Experience Treasure Drop,Skill Experience Treasure Haul,Skill Experience Weaving,Skill Reputation Alchemistry,Skill Reputation Battle Navigation,Skill Reputation Bilging,Skill Reputation Blacksmithing,Skill Reputation Carpentry,Skill Reputation Distilling,Skill Reputation Drinking,Skill Reputation Foraging,Skill Reputation Gunning,Skill Reputation Hearts,Skill Reputation Navigating,Skill Reputation Patching,Skill Reputation Poker,Skill Reputation Rigging,Skill Reputation Rumble,Skill Reputation Sailing,Skill Reputation Shipwrightery,Skill Reputation Spades,Skill Reputation Swordfighting,Skill Reputation Treasure Drop,Skill Reputation Treasure Haul,Skill Reputation Weaving
Brucemcgaw,https://emerald.puzzlepirates.com/yoweb/pirate.wm?classic=false&target=Brucemcgaw,http://emerald.puzzlepirates.com/media/emerald/portraits/1af/69dfcd151d71879a78ebe3d38623d.jpg,Officer,Shopkeeper,Moolah,Member,Pull Out,Stowaway,Admiral Island Navy,Gull,0,,0,,1,Brucemcgaw's Shipbuilding Stall on Admiral Island,1,Love Shack on Caravanserai Island,41,Beckerz | Bekkyjo | Bilager | Blackjacck | Cazix | Darkmouth | Darkwell | Deckpig | Electricio | Fastugio | Gongfu | Gurlar | Kelsarianna | Kikinoki | Koalaking | Kou | Krash | Legoheads | Longsao | Meowsah | Metapuzzle | Mirru | Missroxy | Nautical | Oceanvibe | Oodnadata | Ottilia | Prrettywoman | Rockyb | Ruminmytum | Sparrky | Squares | Teddyb | Tobyeans | Tokkii | Tosikit | Traegs | Wodobols | Xingtairen | Xyc | Yovie,Aspiring,Aspiring,Aspiring,Aspiring,Crafting,Piracy,Piracy,Crafting,Piracy,Crafting,Carousing,Crafting,Piracy,Carousing,Piracy,Piracy,Carousing,Piracy,Piracy,Piracy,Crafting,Carousing,Piracy,Carousing,Piracy,Crafting,Apprentice,Solid,Broad,Narrow,Narrow,Broad,Novice,Narrow,Novice,Novice,Narrow,Solid,Weighty,Solid,Neophyte,Broad,Solid,Novice,Neophyte,Neophyte,Expert,Novice,Able,Distinguished,Proficient,Able,Able,Proficient,Able,Distinguished,Able,Able,Able,Distinguished,Master,Proficient,Proficient,Proficient,Proficient,Able,Able,Able,Respected,Able
Amazingdarts,https://emerald.puzzlepirates.com/yoweb/pirate.wm?classic=false&target=Amazingdarts,http://emerald.puzzlepirates.com/media/emerald/portraits/632/75ddd11b9b0e1a145e49ff12b76c8.jpg,Captain,Strategist,To Throw First,,,Lieutenant,Sayers Rock Navy,Ursa,4,The Drunk Dart on Sayers Rock | The Alchemic Dart on Sayers Rock | The Wright Dart on Sayers Rock | The Molten Dart on Sayers Rock,0,,1,Amazingdarts's Weaving Stall on Doyle Island,6,Sigil Shack on Sayers Rock | Shacky Doo on Hubble's Eye | Minute House on Greenwich Island | Homestead Hut on Lincoln Island | Eccentric Estates on Arakoua Island | Swamp Castle on Bowditch Island,0,,Aspiring,Aspiring,Established,Aspiring,Crafting,Piracy,Piracy,Crafting,Piracy,Crafting,Carousing,Crafting,Piracy,Carousing,Piracy,Piracy,Carousing,Piracy,Piracy,Piracy,Crafting,Carousing,Piracy,Carousing,Piracy,Crafting,Solid,Solid,Solid,Broad,Solid,Neophyte,Neophyte,Neophyte,Solid,Novice,Weighty,Broad,Solid,Weighty,Neophyte,Narrow,Solid,Novice,Narrow,Novice,Solid,Narrow,Distinguished,Master,Proficient,Respected,Distinguished,Able,Proficient,Master,Renowned,Able,Respected,Distinguished,Proficient,Renowned,Proficient,Proficient,Master,Able,Able,Able,Distinguished,Master
Whitesnakes,https://emerald.puzzlepirates.com/yoweb/pirate.wm?classic=false&target=whitesnakes,http://emerald.puzzlepirates.com/media/emerald/portraits/4c4/2a8eadd25f32b025734e74ea351bd.jpg,Senior Officer,Architect,Mayan Empire,Lord,No Strings Attached,Lieutenant,Admiral Island Navy,Gull,9,Jade Industry on Armstrong Island | Dark Sommeliers on Alkaid Island | Bedrock Brewery on Arakoua Island | Forge of Kukulkan on Alkaid Island | Distill My Heart on Alkaid Island | Hallow Bastion on Ventress Island | Knot So Spicy on Arakoua Island | Kukulkan Spirits on Armstrong Island | Go Float Yourself on Ventress Island,3,K TWO on Arakoua Island | Buffalo Trace on Barbary Island | Balls Mafia on Barbary Island,5,Whitesnakes's Apothecary Stall on Aimuari Island | Whitesnakes's Apothecary Stall on Admiral Island | Whitesnakes's Tailoring Stall on Admiral Island | Hydroventure's Ironworking Stall on Wissahickon Island | Woodventure's Ironworking Stall on Wissahickon Island,11,Bungalow Bill on Admiral Island | King Kottage on Admiral Island | Row Me Daddy on Admiral Island | Jonestown Houses on Aimuari Island | Bedside Manors on Admiral Island | Villa Las Vegas on Admiral Island | Villa of the Damned on Aimuari Island | Guardians of the Gallery on Admiral Island | King Kottage on Admiral Island | The Great Estate on Admiral Island | Guardians of the Gallery on Barbary Island,2,Auraluna | Waternymph,Rumored,Celebrated,Illustrious,Aspiring,Crafting,Piracy,Piracy,Crafting,Piracy,Crafting,Carousing,Crafting,Piracy,Carousing,Piracy,Piracy,Carousing,Piracy,Piracy,Piracy,Crafting,Carousing,Piracy,Carousing,Piracy,Crafting,Solid,Paragon,Paragon,Solid,Paragon,Novice,Neophyte,Solid,Solid,Neophyte,Solid,Expert,Solid,Illustrious,Apprentice,Solid,Solid,Neophyte,Solid,Neophyte,Sublime,Solid,Distinguished,Respected,Grand-Master,Master,Grand-Master,Proficient,Distinguished,Ultimate,Proficient,Able,Distinguished,Renowned,Able,Ultimate,Proficient,Proficient,Master,Able,Master,Able,Grand-Master,Respected
Amazingtarts,https://emerald.puzzlepirates.com/yoweb/pirate.wm?classic=false&target=amazingtarts,http://emerald.puzzlepirates.com/media/emerald/portraits/113/ce8721d73b22a1a4ed9e5ae2c5e14.jpg,Fleet Officer,,Raging Waters,Member,Raging Waters,Stowaway,Sayers Rock Navy,Ursa,0,,4,The Drunk Dart on Sayers Rock | The Alchemic Dart on Sayers Rock | The Wright Dart on Sayers Rock | The Molten Dart on Sayers Rock,0,,2,Shack Macaque on Alkaid Island | Eccentric Estates on Arakoua Island,1,Amazingdarts,Aspiring,Aspiring,Aspiring,Aspiring,Crafting,Piracy,Piracy,Crafting,Piracy,Crafting,Carousing,Crafting,Piracy,Carousing,Piracy,Piracy,Carousing,Piracy,Piracy,Piracy,Crafting,Carousing,Piracy,Carousing,Piracy,Crafting,Novice,Neophyte,Apprentice,Apprentice,Novice,Novice,Novice,Neophyte,Novice,Novice,Neophyte,Novice,Novice,Broad,Novice,Novice,Narrow,Novice,Novice,Novice,Novice,Novice,Able,Distinguished,Able,Distinguished,Able,Proficient,Able,Distinguished,Respected,Able,Able,Able,Able,Proficient,Able,Able,Distinguished,Able,Able,Able,Distinguished,Proficient
Drunkdarts,https://emerald.puzzlepirates.com/yoweb/pirate.wm?classic=false&target=drunkdarts,,Pirate,,To Throw First,,,Stowaway,The Lowland Hundred Navy,Horse Head,0,,0,,0,,1,Milkshack on Wensleydale,3,Amazingdarts | Captbiology | Deserteagles,Aspiring,Aspiring,Aspiring,Aspiring,Crafting,Piracy,Piracy,Crafting,Piracy,Crafting,Carousing,Crafting,Piracy,Carousing,Piracy,Piracy,Carousing,Piracy,Piracy,Piracy,Crafting,Carousing,Piracy,Carousing,Piracy,Crafting,Novice,Novice,Neophyte,Solid,Novice,Novice,Novice,Novice,Novice,Novice,Novice,Novice,Novice,Apprentice,Novice,Novice,Neophyte,Novice,Novice,Novice,Novice,Novice,Able,Able,Proficient,Master,Able,Able,Able,Able,Able,Able,Able,Able,Able,Proficient,Able,Able,Proficient,Able,Able,Able,Able,Distinguished
Scozy,https://emerald.puzzlepirates.com/yoweb/pirate.wm?classic=false&target=scozy,http://emerald.puzzlepirates.com/media/emerald/portraits/237/3dc8800fafdcd091d8cb2414eb1e7.jpg,Captain,Warmonger,Washed Up,King,Guppy Gang,Ensign,Alkaid Island Navy,Ursa,21,Falcons Bay on Albatross Island | Fortress of Solitude on Hubble's Eye | Progress Pointe on Gallows Island | New Agent In Town on Ilha da Aguia | Baker Street on Doyle Island | The Norwood Builder on Doyle Island | Unfortunate on Tumult Island | The Iron Ape on Alkaid Island | See Hear Speak and Buy No Evil on Alkaid Island | The Game Is A-Fruit on Doyle Island | Lawless Blonde on Admiral Island | Primate Realty on Alkaid Island | Ships of Prey on Albatross Island | Kick Ash Repairs on Ashkelon Arch | Anchor Management on Tumult Island | The Shrine of the Silver Monkey on Alkaid Island | Such a Lovely Place on Ilha da Aguia | Bob The Builder on Hubble's Eye | The Long Trade Run on Ilha da Aguia | Kick Ash Fort on Ashkelon Arch | Acme Trading Co on Hubble's Eye,3,Dial M for Madder on Admiral Island | Grindylows on Scrimshaw Island | Clothes that Sleigh on Aimuari Island,0,,20,Sigil Shack on Sayers Rock | Caddyshack on Admiral Island | Homestead Hut on Lincoln Island | Milkshack on Wensleydale | Shack eel Oh Kneel on Blackthorpe Island | Adobe Abode on Chachapoya Island | The Cuckoo's Nest on Quetzal Island | Cabin Fever on Admiral Island | Stab In Cabin on Aimuari Island | Cambrian Cabins on Arakoua Island | Bungalow Bill on Admiral Island | Bunker Bungalow on Lincoln Island | Cheesy Pun on Wensleydale | Bringing Town the House on Admiral Island | Sidekick Shacks on Barbary Island | King Kottage on Admiral Island | Row Me Daddy on Admiral Island | Funky Townhouse on Caravanserai Island | Bedside Manors on Admiral Island | Only a Manor of Time on Aimuari Island,0,,Aspiring,Renowned,Illustrious,Aspiring,Crafting,Piracy,Piracy,Crafting,Piracy,Crafting,Carousing,Crafting,Piracy,Carousing,Piracy,Piracy,Carousing,Piracy,Piracy,Piracy,Crafting,Carousing,Piracy,Carousing,Piracy,Crafting,Narrow,Weighty,Solid,Solid,Solid,Apprentice,Neophyte,Solid,Weighty,Narrow,Expert,Broad,Sublime,Narrow,Apprentice,Illustrious,Narrow,Broad,Expert,Narrow,Paragon,Weighty,Proficient,Respected,Proficient,Renowned,Respected,Able,Proficient,Master,Respected,Able,Master,Distinguished,Able,Proficient,Respected,Ultimate,Proficient,Proficient,Master,Proficient,Distinguished,Legendary
Swiggity,https://emerald.puzzlepirates.com/yoweb/pirate.wm?classic=false&target=swiggity,http://emerald.puzzlepirates.com/media/emerald/portraits/e39/93c08462ad7bc7da5a157a87e60c2.jpg,Captain,Drunk,Jack Daniels,Lord,Pull Out,Chief Petty Officer,Admiral Island Navy,Gull,0,,0,,0,,5,Caddyshack on Admiral Island | King Kottage on Admiral Island | Cabin Fever on Admiral Island | Bringing Town the House on Admiral Island | Cthulhu Mansion on Admiral Island,2,Avada | Kedavra,Aspiring,Aspiring,Celebrated,Aspiring,Crafting,Piracy,Piracy,Crafting,Piracy,Crafting,Carousing,Crafting,Piracy,Carousing,Piracy,Piracy,Carousing,Piracy,Piracy,Piracy,Crafting,Carousing,Piracy,Carousing,Piracy,Crafting,Broad,Weighty,Narrow,Broad,Broad,Solid,Neophyte,Broad,Narrow,Solid,Narrow,Broad,Weighty,Narrow,Apprentice,Broad,Narrow,Novice,Narrow,Apprentice,Solid,Neophyte,Proficient,Ultimate,Proficient,Proficient,Proficient,Able,Able,Distinguished,Proficient,Proficient,Able,Proficient,Able,Able,Able,Proficient,Able,Able,Able,Able,Distinguished,Distinguished
Scozydeeds,https://emerald.puzzlepirates.com/yoweb/pirate.wm?classic=false&target=scozydeeds,http://emerald.puzzlepirates.com/media/emerald/portraits/908/b45d71ad9cbfb37ab865290eefd6e.jpg,Captain,,Nein Nein Nein Nein,Prince,Guppy Gang,Chief Petty Officer,Ilha da Aguia Navy,Eagle,0,,0,,0,,6,Love Shack on Caravanserai Island | Sea Shack on Scrimshaw Island | Shack eel Oh Kneel on Blackthorpe Island | Caddyshack on Admiral Island | Milkshack on Wensleydale | Sidekick Shacks on Barbary Island,1,Jobwithme,Aspiring,Rumored,Rumored,Aspiring,Crafting,Piracy,Piracy,Crafting,Piracy,Crafting,Carousing,Crafting,Piracy,Carousing,Piracy,Piracy,Carousing,Piracy,Piracy,Piracy,Crafting,Carousing,Piracy,Carousing,Piracy,Crafting,Novice,Solid,Narrow,Solid,Apprentice,Novice,Novice,Novice,Narrow,Novice,Narrow,Neophyte,Neophyte,Novice,Novice,Solid,Novice,Novice,Novice,Novice,Apprentice,Apprentice,Able,Able,Able,Master,Proficient,Able,Able,Able,Master,Able,Proficient,Proficient,Able,Able,Able,Master,Able,Able,Able,Able,Renowned,Respected
Crushiie,https://emerald.puzzlepirates.com/yoweb/pirate.wm?classic=false&target=crushiie,http://emerald.puzzlepirates.com/media/emerald/portraits/e90/99f5716ae32b288cd56db7f4c3745.jpg,Captain,,Get Scuppered,Queen,Her Majesties Misfits,Lieutenant,Admiral Island Navy,Gull,1,Threadpool on Admiral Island,0,,0,,5,Jurassic Shack on Arakoua Island | King Kottage on Admiral Island | Bringing Town the House on Admiral Island | Jurassic Shack on Arakoua Island | Villa Las Vegas on Admiral Island,0,,Obscure,Aspiring,Illustrious,Aspiring,Crafting,Piracy,Piracy,Crafting,Piracy,Crafting,Carousing,Crafting,Piracy,Carousing,Piracy,Piracy,Carousing,Piracy,Piracy,Piracy,Crafting,Carousing,Piracy,Carousing,Piracy,Crafting,Apprentice,Broad,Weighty,Solid,Broad,Apprentice,Novice,Solid,Solid,Novice,Solid,Illustrious,Solid,Solid,Broad,Solid,Weighty,Neophyte,Solid,Apprentice,Weighty,Solid,Proficient,Proficient,Proficient,Respected,Proficient,Able,Able,Respected,Able,Able,Able,Renowned,Distinguished,Proficient,Able,Proficient,Distinguished,Able,Proficient,Able,Distinguished,Respected
Graysn,https://emerald.puzzlepirates.com/yoweb/pirate.wm?classic=false&target=graysn,http://emerald.puzzlepirates.com/media/emerald/portraits/35f/66eefa189a2576223e5d6dd95af04.jpg,Senior Officer,,The Mob,Prince,Late Night Hoes,Lieutenant,Admiral Island Navy,Gull,0,,3,Blazers of Glory on Admiral Island | Tailor Made on Admiral Island | Dock Dre on Armstrong Island,0,,5,Love Shack on Caravanserai Island | Caddyshack on Admiral Island | The Cuckoo's Nest on Quetzal Island | Cabin Fever on Admiral Island | Bedside Manors on Admiral Island,2,Hielo | Wishfury,Aspiring,Aspiring,Aspiring,Aspiring,Crafting,Piracy,Piracy,Crafting,Piracy,Crafting,Carousing,Crafting,Piracy,Carousing,Piracy,Piracy,Carousing,Piracy,Piracy,Piracy,Crafting,Carousing,Piracy,Carousing,Piracy,Crafting,Narrow,Narrow,Solid,Narrow,Broad,Novice,Novice,Solid,Broad,Novice,Solid,Weighty,Broad,Illustrious,Novice,Broad,Broad,Novice,Weighty,Novice,Illustrious,Solid,Proficient,Distinguished,Respected,Proficient,Proficient,Able,Proficient,Ultimate,Distinguished,Able,Master,Renowned,Able,Legendary,Able,Proficient,Respected,Able,Grand-Master,Proficient,Master,Renowned
Krimz,https://emerald.puzzlepirates.com/yoweb/pirate.wm?classic=false&target=krimz,http://emerald.puzzlepirates.com/media/emerald/portraits/acf/3a511cb523dbdf9695c73cd613359.jpg,Captain,Prisoner,Trippin Balls,Prince,Bad Trip,Admiral,Admiral Island Navy,Gull,1,Hullucination Harbor on Sayers Rock,1,Your Moist Laundry on Caravanserai Island,0,,2,Bedside Manors on Admiral Island | King Kottage on Admiral Island,0,,Aspiring,Eminent,Illustrious,Aspiring,Crafting,Piracy,Piracy,Crafting,Piracy,Crafting,Carousing,Crafting,Piracy,Carousing,Piracy,Piracy,Carousing,Piracy,Piracy,Piracy,Crafting,Carousing,Piracy,Carousing,Piracy,Crafting,Novice,Solid,Weighty,Apprentice,Sublime,Novice,Novice,Solid,Illustrious,Narrow,Weighty,Weighty,Expert,Solid,Neophyte,Paragon,Weighty,Apprentice,Weighty,Neophyte,Illustrious,Neophyte,Able,Ultimate,Legendary,Proficient,Grand-Master,Able,Able,Master,Legendary,Able,Proficient,Renowned,Proficient,Grand-Master,Master,Grand-Master,Respected,Able,Master,Proficient,Master,Proficient
Rickeh,https://emerald.puzzlepirates.com/yoweb/pirate.wm?classic=false&target=rickeh,http://emerald.puzzlepirates.com/media/emerald/portraits/84c/73f7ebe1fe98f0c915b0c6bd608f2.jpg,Captain,Diplomat,Moolah,Prince,Pull Out,Lieutenant,Admiral Island Navy,Gull,0,,2,Biggie Ballistics on Armstrong Island | Mastrology on Sayers Rock,7,Rickeh's Ironworking Stall on Lincoln Island | Rickeh's Ironworking Stall on Kasidim Island | Rickeh's Distilling Stall on Lincoln Island | Rickeh's Ironworking Stall on Greenwich Island | Rickeh's Ironworking Stall on Isle of Kent | Laleh's Apothecary Stall on Wensleydale | Rhay's Distilling Stall on Kasidim Island,5,Caddyshack on Admiral Island | Shack Macaque on Alkaid Island | Villa Las Vegas on Admiral Island | Caddyshack on Admiral Island | The Great Estate on Admiral Island,0,,Aspiring,Aspiring,Aspiring,Aspiring,Crafting,Piracy,Piracy,Crafting,Piracy,Crafting,Carousing,Crafting,Piracy,Carousing,Piracy,Piracy,Carousing,Piracy,Piracy,Piracy,Crafting,Carousing,Piracy,Carousing,Piracy,Crafting,Solid,Broad,Weighty,Weighty,Paragon,Expert,Neophyte,Narrow,Weighty,Broad,Illustrious,Solid,Expert,Weighty,Broad,Solid,Solid,Solid,Narrow,Apprentice,Paragon,Apprentice,Respected,Ultimate,Renowned,Grand-Master,Renowned,Respected,Respected,Ultimate,Respected,Able,Legendary,Legendary,Able,Ultimate,Respected,Respected,Distinguished,Proficient,Ultimate,Proficient,Renowned,Respected
Cashier,https://emerald.puzzlepirates.com/yoweb/pirate.wm?classic=false&target=cashier,http://emerald.puzzlepirates.com/media/emerald/portraits/845/c1c43a8b2e7d482b080f7e9104a2f.jpg,Senior Officer,Ambassador,The Salty Splatoon,King,Party On Olympus,Lieutenant Commander,Doyle Island Navy,Ursa,0,,2,Salty Remedies on Sayers Rock | Negra Arroyo Lane on Alkaid Island,1,Cashier's Tailoring Stall on Admiral Island,6,Caddyshack on Admiral Island | Sea Shack on Scrimshaw Island | Milkshack on Wensleydale | Bedside Manors on Admiral Island | Tortilla Villas on Chachapoya Island | Keep Calm and Love King Kong on Alkaid Island,1,Jezerbell,Aspiring,Aspiring,Aspiring,Aspiring,Crafting,Piracy,Piracy,Crafting,Piracy,Crafting,Carousing,Crafting,Piracy,Carousing,Piracy,Piracy,Carousing,Piracy,Piracy,Piracy,Crafting,Carousing,Piracy,Carousing,Piracy,Crafting,Narrow,Weighty,Expert,Solid,Expert,Neophyte,Apprentice,Weighty,Broad,Neophyte,Solid,Weighty,Solid,Illustrious,Neophyte,Narrow,Broad,Novice,Weighty,Broad,Paragon,Weighty,Proficient,Distinguished,Legendary,Grand-Master,Respected,Able,Able,Ultimate,Proficient,Able,Master,Master,Able,Ultimate,Proficient,Able,Master,Able,Master,Respected,Grand-Master,Ultimate
Chefdavid,https://emerald.puzzlepirates.com/yoweb/pirate.wm?classic=false&target=chefdavid,http://emerald.puzzlepirates.com/media/emerald/portraits/3b8/2b6ddb53f4d2aed595ff6eff3e01e.jpg,Senior Officer,Cook,Euthanasia,Prince,No Strings Attached,Petty Officer,Barbary Island Navy,Ibis,6,Daily Plan-It on Barbary Island | Haute Couture Cafe on Sayers Rock | Bananaman on Barbary Island | uballs on Barbary Island | Hall of Justice on Barbary Island | Soggy Biscuit Suckers on Barbary Island,16,Calico Cut Pants on Alkaid Island | Only Frigs on Barbary Island | Frigate Driver on Admiral Island | Blow My Bellows on Barbary Island | Gentleman's Quarterly on Barbary Island | Rocket Power on Barbary Island | The Lab on Arakoua Island | Spirited Away on Admiral Island | Jurassic Arch on Arakoua Island | Longneck Lager on Arakoua Island | Skail Spice on Sayers Rock | Wonder Weaves on Barbary Island | Kryptonite Concoctions on Barbary Island | Frig Off on Barbary Island | Altered Reality on Kasidim Island | The Crystal Palace on Arakoua Island,1,Katzecradle's Apothecary Stall on Greenwich Island,9,Sidekick Shacks on Barbary Island | Sigil Shack on Sayers Rock | Cabin Fever on Admiral Island | A Theatre To Watch My Movies on Sayers Rock | Caddyshack on Admiral Island | Bungalow Bill on Admiral Island | Tortilla Villas on Chachapoya Island | Villayria on Barbary Island | Guardians of the Gallery on Barbary Island,20,Amayabella | Ashleydawn | Bekwreck | Cozi | Doomkitty | Finbarr | Fools | Goldenbears | Loons | Macsii | Mattrimc | Mrflop | Obaider | Ottilia | Quap | Rockstarg | Senara | Slows | Thelifeofme | Yassenn,Rumored,Noted,Illustrious,Aspiring,Crafting,Piracy,Piracy,Crafting,Piracy,Crafting,Carousing,Crafting,Piracy,Carousing,Piracy,Piracy,Carousing,Piracy,Piracy,Piracy,Crafting,Carousing,Piracy,Carousing,Piracy,Crafting,Novice,Expert,Expert,Solid,Novice,Novice,Apprentice,Broad,Narrow,Broad,Narrow,Broad,Solid,Solid,Neophyte,Neophyte,Neophyte,Novice,Broad,Novice,Illustrious,Novice,Able,Ultimate,Proficient,Able,Able,Able,Distinguished,Proficient,Able,Proficient,Able,Proficient,Master,Able,Respected,Able,Able,Able,Able,Able,Proficient,Able
Chefdavidd,https://emerald.puzzlepirates.com/yoweb/pirate.wm?classic=false&target=chefdavidd,http://emerald.puzzlepirates.com/media/emerald/portraits/9b9/b6388cbde4a0e66bf59d920425441.jpg,Senior Officer,,Friends with Benefits,Member,No Strings Attached,Stowaway,Kasidim Island Navy,Ibis,0,,0,,0,,1,Aural Shacks on Bowditch Island,0,,Aspiring,Aspiring,Aspiring,Aspiring,Crafting,Piracy,Piracy,Crafting,Piracy,Crafting,Carousing,Crafting,Piracy,Carousing,Piracy,Piracy,Carousing,Piracy,Piracy,Piracy,Crafting,Carousing,Piracy,Carousing,Piracy,Crafting,Novice,Novice,Novice,Novice,Novice,Novice,Novice,Novice,Narrow,Novice,Novice,Novice,Novice,Novice,Novice,Novice,Novice,Novice,Novice,Novice,Solid,Novice,Able,Able,Able,Able,Able,Able,Able,Able,Able,Able,Able,Able,Able,Able,Able,Able,Able,Able,Able,Able,Able,Able
Danuc,https://emerald.puzzlepirates.com/yoweb/pirate.wm?classic=false&target=danuc,http://emerald.puzzlepirates.com/media/emerald/portraits/7e5/457452165bc7a309fe76d794e9696.jpg,Captain,Strategist,Twisted Minds,Queen,Mind The Gap,Lieutenant,Scrimshaw Island Navy,Stork,11,Barrelhouse Bastion on Amity Island | Wraithwright Wharf on Amity Island | Ah Ship on Scrimshaw Island | Ah Rum on Scrimshaw Island | Steel Base on Armstrong Island | Steel Base on Scrimshaw Island | Ah Spice on Scrimshaw Island | Ah Cloth on Scrimshaw Island | Steel Base on Barbary Island | Steel Base on Caravanserai Island | Your Moist Laundry on Caravanserai Island,1,Sunk Cost on Sayers Rock,1,Danuc's Shipbuilding Stall on Isle of Kent,3,Black Villa Black on Scrimshaw Island | Cottage Cove on Scrimshaw Island | Bedside Manors on Admiral Island,1,Disruptor,Renowned,Eminent,Illustrious,Aspiring,Crafting,Piracy,Piracy,Crafting,Piracy,Crafting,Carousing,Crafting,Piracy,Carousing,Piracy,Piracy,Carousing,Piracy,Piracy,Piracy,Crafting,Carousing,Piracy,Carousing,Piracy,Crafting,Broad,Weighty,Illustrious,Weighty,Illustrious,Novice,Novice,Weighty,Solid,Novice,Illustrious,Sublime,Novice,Illustrious,Broad,Weighty,Expert,Novice,Solid,Novice,Sublime,Solid,Distinguished,Master,Legendary,Grand-Master,Legendary,Able,Able,Ultimate,Master,Able,Grand-Master,Renowned,Able,Grand-Master,Renowned,Ultimate,Grand-Master,Able,Legendary,Able,Grand-Master,Legendary
Danr,https://emerald.puzzlepirates.com/yoweb/pirate.wm?classic=false&target=danr,http://emerald.puzzlepirates.com/media/emerald/portraits/c99/8645780f88398e3dd3e956bfa76f0.jpg,Senior Officer,,The Mob,Lord,Late Night Hoes,Lieutenant Commander,Admiral Island Navy,Gull,0,,0,,1,Amaliie's Tailoring Stall on Lincoln Island,10,Pine Boxes on Aimuari Island | Caddyshack on Admiral Island | Shack eel Oh Kneel on Blackthorpe Island | Shack Macaque on Alkaid Island | Bedside Manors on Admiral Island | The Dove Shack on Armstrong Island | Past Tents on Greenwich Island | Bringing Town the House on Admiral Island | Villa Las Vegas on Admiral Island | Makavilli on Armstrong Island,0,,Aspiring,Celebrated,Established,Aspiring,Crafting,Piracy,Piracy,Crafting,Piracy,Crafting,Carousing,Crafting,Piracy,Carousing,Piracy,Piracy,Carousing,Piracy,Piracy,Piracy,Crafting,Carousing,Piracy,Carousing,Piracy,Crafting,Solid,Broad,Sublime,Solid,Expert,Apprentice,Narrow,Weighty,Weighty,Apprentice,Solid,Expert,Solid,Illustrious,Broad,Revered,Broad,Apprentice,Weighty,Narrow,Illustrious,Solid,Respected,Renowned,Legendary,Grand-Master,Ultimate,Proficient,Respected,Ultimate,Master,Able,Distinguished,Legendary,Grand-Master,Ultimate,Renowned,Ultimate,Distinguished,Able,Renowned,Proficient,Distinguished,Legendary
Hielo,https://emerald.puzzlepirates.com/yoweb/pirate.wm?classic=false&target=hielo,http://emerald.puzzlepirates.com/media/emerald/portraits/e75/b4b72792452ec0702b8b042912683.jpg,Senior Officer,Curmudgeon,Twisted Minds,Prince,Mind The Gap,Admiral,Admiral Island Navy,Gull,2,Tailor Made on Admiral Island | Sunk Cost on Sayers Rock,1,Barrelhouse Bastion on Amity Island,2,Hielo's Weaving Stall on Doyle Island | Demonologist's Tailoring Stall on Admiral Island,9,Sigil Shack on Sayers Rock | Pine Boxes on Aimuari Island | Caddyshack on Admiral Island | Love Shack on Caravanserai Island | Pine Boxes on Aimuari Island | Caddyshack on Admiral Island | Bungalow Bill on Admiral Island | King Kottage on Admiral Island | Bedside Manors on Admiral Island,2,Graysn | Wishfury,Renowned,Celebrated,Eminent,Aspiring,Crafting,Piracy,Piracy,Crafting,Piracy,Crafting,Carousing,Crafting,Piracy,Carousing,Piracy,Piracy,Carousing,Piracy,Piracy,Piracy,Crafting,Carousing,Piracy,Carousing,Piracy,Crafting,Neophyte,Solid,Sublime,Solid,Solid,Novice,Apprentice,Solid,Broad,Neophyte,Expert,Solid,Solid,Solid,Narrow,Narrow,Solid,Apprentice,Narrow,Novice,Expert,Narrow,Able,Master,Ultimate,Grand-Master,Distinguished,Able,Proficient,Master,Able,Able,Legendary,Respected,Renowned,Master,Respected,Proficient,Renowned,Able,Proficient,Proficient,Distinguished,Proficient
Mikassa,https://emerald.puzzlepirates.com/yoweb/pirate.wm?classic=false&target=mikassa,http://emerald.puzzlepirates.com/media/emerald/portraits/84c/c80e6ffde46ff908a0f12e6ef0b62.jpg,Captain,Astronomer,The Unevolved Atlanteans,Lady,Rum and Regrets,Admiral,Ix Chel Navy,Eagle,0,,0,,0,,1,Bedside Manors on Admiral Island,4,Emerite | Holyemperor | Huttonion | Mikalt,Aspiring,Aspiring,Aspiring,Aspiring,Crafting,Piracy,Piracy,Crafting,Piracy,Crafting,Carousing,Crafting,Piracy,Carousing,Piracy,Piracy,Carousing,Piracy,Piracy,Piracy,Crafting,Carousing,Piracy,Carousing,Piracy,Crafting,Narrow,Expert,Sublime,Narrow,Expert,Neophyte,Apprentice,Solid,Weighty,Solid,Sublime,Expert,Broad,Illustrious,Broad,Solid,Apprentice,Novice,Solid,Narrow,Illustrious,Neophyte,Proficient,Proficient,Renowned,Proficient,Respected,Proficient,Able,Ultimate,Proficient,Proficient,Respected,Master,Renowned,Ultimate,Able,Proficient,Proficient,Able,Master,Able,Master,Distinguished
Sinkz,https://emerald.puzzlepirates.com/yoweb/pirate.wm?classic=false&target=sinkz,http://emerald.puzzlepirates.com/media/emerald/portraits/826/50747120f877f37e54171169d0eb2.jpg,Captain,Ambassador,The Union,Lord,No Bamboozles,Lieutenant Commander,Blackthorpe Island Navy,Pelican,1,Bang from Downtown on Blackthorpe Island,2,Good Swill Hunting on Barbary Island | Balls Mafia on Barbary Island,3,Sinkz's Ironworking Stall on Greenwich Island | Eviltwigster's Ironworking Stall on Blackthorpe Island | Gotch's Apothecary Stall on Greenwich Island,5,Shack eel Oh Kneel on Blackthorpe Island | Caddyshack on Admiral Island | Minute House on Greenwich Island | Homestead Hut on Lincoln Island | Homestead Hut on Lincoln Island,3,Cozi | Quap | Vickyicky,Aspiring,Aspiring,Aspiring,Aspiring,Crafting,Piracy,Piracy,Crafting,Piracy,Crafting,Carousing,Crafting,Piracy,Carousing,Piracy,Piracy,Carousing,Piracy,Piracy,Piracy,Crafting,Carousing,Piracy,Carousing,Piracy,Crafting,Solid,Solid,Solid,Solid,Solid,Narrow,Neophyte,Solid,Solid,Neophyte,Broad,Solid,Weighty,Solid,Broad,Solid,Solid,Novice,Solid,Narrow,Expert,Solid,Respected,Distinguished,Distinguished,Master,Respected,Able,Respected,Master,Master,Able,Proficient,Renowned,Renowned,Master,Master,Respected,Master,Able,Distinguished,Able,Distinguished,Grand-Master
Cazix,https://emerald.puzzlepirates.com/yoweb/pirate.wm?classic=false&target=cazix,http://emerald.puzzlepirates.com/media/emerald/portraits/e28/1278d769d142c60340af9df546885.jpg,Fleet Officer,,E-Girls,Member,Late Night Hoes,Captain,Scrimshaw Island Navy,Stork,0,,5,Sky Weaving on Arakoua Island | Dock Dre on Armstrong Island | Sew Ideal on Sayers Rock | Sky Harbor on Arakoua Island | Off Pace Weaving on Alkaid Island,1,Cazix's Tailoring Stall on Wensleydale,24,Sea Shack on Scrimshaw Island | The Dove Shack on Armstrong Island | Pine Boxes on Aimuari Island | Shack Macaque on Alkaid Island | Sidekick Shacks on Barbary Island | Love Shack on Caravanserai Island | Aural Shacks on Bowditch Island | Cabin Fever on Admiral Island | Bungalow Bill on Admiral Island | Mayfair Mansions on Pukru Island | Only a Manor of Time on Aimuari Island | Poseidon's Castle on Scrimshaw Island | Sea Shack on Scrimshaw Island | Milkshack on Wensleydale | Homestead Hut on Lincoln Island | Homestead Hut on Lincoln Island | The Dove Shack on Armstrong Island | Bunga Lowrider on Armstrong Island | Blackgate on Barbary Island | Gardens of Babylon on Kasidim Island | Mayfair Mansions on Pukru Island | Dead Mansion Walking on Aimuari Island | Guardians of the Gallery on Barbary Island | Gallery of Gilgul on Sayers Rock,1,Ninjy,Obscure,Celebrated,Eminent,Aspiring,Crafting,Piracy,Piracy,Crafting,Piracy,Crafting,Carousing,Crafting,Piracy,Carousing,Piracy,Piracy,Carousing,Piracy,Piracy,Piracy,Crafting,Carousing,Piracy,Carousing,Piracy,Crafting,Narrow,Weighty,Illustrious,Solid,Illustrious,Neophyte,Narrow,Weighty,Weighty,Broad,Illustrious,Expert,Paragon,Expert,Neophyte,Solid,Solid,Novice,Narrow,Neophyte,Illustrious,Solid,Proficient,Distinguished,Renowned,Renowned,Master,Proficient,Distinguished,Ultimate,Renowned,Proficient,Master,Grand-Master,Able,Master,Proficient,Respected,Grand-Master,Able,Respected,Able,Respected,Legendary
Affectionate,https://emerald.puzzlepirates.com/yoweb/pirate.wm?classic=false&target=affectionate,http://emerald.puzzlepirates.com/media/emerald/portraits/d84/4de913bc123288a597472a4c0ede4.jpg,Captain,Magician,Kisses,Member,Crash Out,Admiral,Admiral Island Navy,Gull,0,,7,Widow's Wail on Admiral Island | Citizen Cane on Admiral Island | Beauclair Fittings on Admiral Island | Casterly Sock on Admiral Island | Cloth Encounters of the Third Kind on Admiral Island | Bad Dyes on Admiral Island | Sloopdog Millionaire on Admiral Island,1,Affectionate's Tailoring Stall on Wensleydale,10,Caddyshack on Admiral Island | Cabin Fever on Admiral Island | Bungalow Bill on Admiral Island | King Kottage on Admiral Island | Row Me Daddy on Admiral Island | Bedside Manors on Admiral Island | King Kottage on Admiral Island | Row Me Daddy on Admiral Island | Bedside Manors on Admiral Island | Guardians of the Gallery on Barbary Island,1,Technitium,Celebrated,Eminent,Illustrious,Established,Crafting,Piracy,Piracy,Crafting,Piracy,Crafting,Carousing,Crafting,Piracy,Carousing,Piracy,Piracy,Carousing,Piracy,Piracy,Piracy,Crafting,Carousing,Piracy,Carousing,Piracy,Crafting,Solid,Solid,Illustrious,Novice,Weighty,Novice,Apprentice,Solid,Illustrious,Novice,Novice,Novice,Solid,Novice,Apprentice,Paragon,Neophyte,Broad,Narrow,Apprentice,Sublime,Novice,Distinguished,Respected,Renowned,Able,Renowned,Able,Proficient,Legendary,Legendary,Able,Able,Able,Proficient,Able,Renowned,Ultimate,Able,Able,Master,Able,Master,Able
Hertez,https://emerald.puzzlepirates.com/yoweb/pirate.wm?classic=false&target=hertez,http://emerald.puzzlepirates.com/media/emerald/portraits/b3e/e5c1e2bcdb4352aeb3b5e85995d97.jpg,Captain,Treasurer,Ghost Fleet,King,Carnage,Admiral,Admiral Island Navy,Gull,0,,0,,1,Hertez's Tailoring Stall on Wensleydale,4,The Dove Shack on Armstrong Island | Bunga Lowrider on Armstrong Island | Bedside Manors on Admiral Island | Guardians of the Gallery on Barbary Island,45,Affame | Affectionate | Aquaneer | Canceer | Cashier | Cazix | Dahlgren | Dalnoth | Danuc | Dragz | Dudusierra | Eleoss | Fileopen | Flucinn | Frostease | Galantis | Graysn | Hanzoo | Herse | Historian | Jollylama | Joshsivils | Kasaba | Kushlorde | Lethality | Lmg | Loons | Monlizzy | Quantums | Rickeh | Robinhoodx | Rubanyo | Scozy | Silvafin | Sinkz | Sscc | Technitium | Texnikos | Tsujin | Twopock | Umami | Verstappen | Veylor | Yassenn | Zeroxo,Established,Eminent,Eminent,Aspiring,Crafting,Piracy,Piracy,Crafting,Piracy,Crafting,Carousing,Crafting,Piracy,Carousing,Piracy,Piracy,Carousing,Piracy,Piracy,Piracy,Crafting,Carousing,Piracy,Carousing,Piracy,Crafting,Narrow,Broad,Paragon,Solid,Expert,Novice,Novice,Solid,Weighty,Novice,Weighty,Paragon,Solid,Solid,Novice,Weighty,Broad,Novice,Broad,Novice,Illustrious,Broad,Distinguished,Distinguished,Grand-Master,Grand-Master,Grand-Master,Able,Able,Ultimate,Proficient,Able,Grand-Master,Legendary,Able,Ultimate,Able,Renowned,Master,Able,Grand-Master,Able,Renowned,Renowned
Ninjy,https://emerald.puzzlepirates.com/yoweb/pirate.wm?classic=false&target=ninjy,http://emerald.puzzlepirates.com/media/emerald/portraits/5e3/c8bbd071380e86cc6391bcea9e33e.jpg,Captain,Prisoner,Dopamine,King,Do Not Reply,Chief Petty Officer,Aimuari Island Navy,Orion,1,Sew Ideal on Sayers Rock,2,The Spinner's Stitch on Scrimshaw Island | Eye-Witness Fashion on Pukru Island,2,Ninjy's Shipbuilding Stall on Pukru Island | Hdyntn's Ironworking Stall on Hubble's Eye,18,The Cuckoo's Nest on Quetzal Island | Riemann Slums on Descartes Isle | Caddyshack on Admiral Island | Shacky Doo on Hubble's Eye | Cabin Fever on Admiral Island | Blackgate on Barbary Island | Gardens of Babylon on Kasidim Island | Mayfair Mansions on Pukru Island | Sherlock Homes on Doyle Island | Dead Mansion Walking on Aimuari Island | Guardians of the Gallery on Barbary Island | Stab In Cabin on Aimuari Island | Bungalow Bill on Admiral Island | Gardens of Babylon on Kasidim Island | Mayfair Mansions on Pukru Island | Row Me Daddy on Admiral Island | Sherlock Homes on Doyle Island | Great Ape Escapes on Alkaid Island,1,Cazix,Established,Established,Celebrated,Obscure,Crafting,Piracy,Piracy,Crafting,Piracy,Crafting,Carousing,Crafting,Piracy,Carousing,Piracy,Piracy,Carousing,Piracy,Piracy,Piracy,Crafting,Carousing,Piracy,Carousing,Piracy,Crafting,Solid,Weighty,Solid,Neophyte,Solid,Apprentice,Apprentice,Broad,Weighty,Novice,Expert,Paragon,Solid,Illustrious,Broad,Broad,Solid,Narrow,Solid,Apprentice,Expert,Neophyte,Respected,Master,Proficient,Proficient,Proficient,Proficient,Distinguished,Master,Proficient,Able,Proficient,Renowned,Able,Respected,Master,Proficient,Grand-Master,Proficient,Respected,Proficient,Distinguished,Able
Emerlaus,https://emerald.puzzlepirates.com/yoweb/pirate.wm?classic=false&target=emerlaus,http://emerald.puzzlepirates.com/media/emerald/portraits/b04/ebc5d4c083e16507908d914973b44.jpg,Senior Officer,Navigator,Thank You Next,Lord,Pull Out,Commander,Cryo Island Navy,Puffin,0,,0,,0,,11,Love Shack on Caravanserai Island | Sea Shack on Scrimshaw Island | Row Me Daddy on Admiral Island | The Great Estate on Admiral Island | Shacky Doo on Hubble's Eye | The Dove Shack on Armstrong Island | Pine Boxes on Aimuari Island | Sea Shack on Scrimshaw Island | Sea Shack on Scrimshaw Island | Sigil Shack on Sayers Rock | Villa Las Vegas on Admiral Island,2,Forkwithme | Zaiita,Established,Illustrious,Illustrious,Obscure,Crafting,Piracy,Piracy,Crafting,Piracy,Crafting,Carousing,Crafting,Piracy,Carousing,Piracy,Piracy,Carousing,Piracy,Piracy,Piracy,Crafting,Carousing,Piracy,Carousing,Piracy,Crafting,Solid,Sublime,Sublime,Solid,Expert,Broad,Broad,Expert,Expert,Sublime,Illustrious,Solid,Paragon,Weighty,Broad,Illustrious,Solid,Illustrious,Weighty,Broad,Sublime,Broad,Distinguished,Legendary,Proficient,Respected,Distinguished,Able,Respected,Legendary,Distinguished,Renowned,Legendary,Distinguished,Able,Proficient,Renowned,Renowned,Respected,Distinguished,Grand-Master,Proficient,Renowned,Respected
Bellaciiaoo,https://emerald.puzzlepirates.com/yoweb/pirate.wm?classic=false&target=bellaciiaoo,http://emerald.puzzlepirates.com/media/emerald/portraits/ed2/4b64f8e51dbe82d41a1e7dbfda146.jpg,Senior Officer,Monster Hunter,Dopamine,Lady,Do Not Reply,Lieutenant Commander,Admiral Island Navy,Gull,0,,0,,0,,2,Sidekick Shacks on Barbary Island | Bungalow Bill on Admiral Island,0,,Aspiring,Noted,Obscure,Aspiring,Crafting,Piracy,Piracy,Crafting,Piracy,Crafting,Carousing,Crafting,Piracy,Carousing,Piracy,Piracy,Carousing,Piracy,Piracy,Piracy,Crafting,Carousing,Piracy,Carousing,Piracy,Crafting,Novice,Broad,Illustrious,Solid,Paragon,Broad,Novice,Narrow,Broad,Novice,Broad,Illustrious,Narrow,Illustrious,Apprentice,Weighty,Broad,Novice,Broad,Novice,Illustrious,Apprentice,Able,Proficient,Respected,Master,Respected,Able,Proficient,Respected,Proficient,Able,Respected,Distinguished,Proficient,Proficient,Proficient,Proficient,Master,Able,Master,Able,Proficient,Master
Keviv,https://emerald.puzzlepirates.com/yoweb/pirate.wm?classic=false&target=keviv,http://emerald.puzzlepirates.com/media/emerald/portraits/314/45aa7f807b0f88e2371caf3562d8b.jpg,Captain,,Double Helix,King,Harlem Shake,Commander,Sayers Rock Navy,Ursa,1,One in the Chamber on Armstrong Island,0,,1,Keviv's Ironworking Stall on Aimuari Island,9,Sigil Shack on Sayers Rock | Caddyshack on Admiral Island | Shacky Doo on Hubble's Eye | Pine Boxes on Aimuari Island | Cabin Fever on Admiral Island | A Theatre To Watch My Movies on Sayers Rock | Emu-ving on Up on Quetzal Island | A State Of Love & Happiness on Aimuari Island | Guardians of the Gallery on Admiral Island,0,,Obscure,Renowned,Renowned,Obscure,Crafting,Piracy,Piracy,Crafting,Piracy,Crafting,Carousing,Crafting,Piracy,Carousing,Piracy,Piracy,Carousing,Piracy,Piracy,Piracy,Crafting,Carousing,Piracy,Carousing,Piracy,Crafting,Expert,Weighty,Illustrious,Solid,Solid,Broad,Narrow,Expert,Weighty,Solid,Paragon,Expert,Illustrious,Sublime,Broad,Expert,Solid,Narrow,Weighty,Narrow,Weighty,Solid,Legendary,Respected,Grand-Master,Legendary,Respected,Proficient,Able,Master,Distinguished,Proficient,Legendary,Ultimate,Respected,Ultimate,Proficient,Master,Master,Able,Proficient,Able,Master,Renowned
Mirru,https://emerald.puzzlepirates.com/yoweb/pirate.wm?classic=false&target=mirru,http://emerald.puzzlepirates.com/media/emerald/portraits/032/4089b571da383cd8d91793542977a.jpg,Officer,Bilge Rat,The Imperial Guild,Member,The Scarlet Empire,Petty Officer,Admiral Island Navy,Gull,0,,1,Biggie Ballistics on Armstrong Island,1,Mirru's Tailoring Stall on Admiral Island,2,Shacky Doo on Hubble's Eye | The Great Estate on Admiral Island,16,Angelxx | Bluerain | Bvbgio | Cazix | Jeezuschrist | Kingbeverly | Marijuanita | Matrixisreal | Missroxy | Pablomagaa | Rickeh | Salttree | Sublixor | Tiramisue | Windblows | Wishfury,Aspiring,Noted,Obscure,Aspiring,Crafting,Piracy,Piracy,Crafting,Piracy,Crafting,Carousing,Crafting,Piracy,Carousing,Piracy,Piracy,Carousing,Piracy,Piracy,Piracy,Crafting,Carousing,Piracy,Carousing,Piracy,Crafting,Solid,Solid,Expert,Narrow,Solid,Neophyte,Neophyte,Apprentice,Solid,Solid,Narrow,Solid,Illustrious,Broad,Apprentice,Solid,Solid,Novice,Broad,Narrow,Illustrious,Novice,Distinguished,Respected,Proficient,Proficient,Able,Able,Able,Able,Proficient,Proficient,Able,Proficient,Distinguished,Able,Proficient,Proficient,Proficient,Able,Able,Able,Proficient,Able
Liquicity,https://emerald.puzzlepirates.com/yoweb/pirate.wm?classic=false&target=liquicity,,Senior Officer,,Cul De Sac,Member,Trampoline Park,Commander,Admiral Island Navy,Gull,0,,0,,0,,1,Sidekick Shacks on Barbary Island,1,Veylor,Aspiring,Aspiring,Aspiring,Aspiring,Crafting,Piracy,Piracy,Crafting,Piracy,Crafting,Carousing,Crafting,Piracy,Carousing,Piracy,Piracy,Carousing,Piracy,Piracy,Piracy,Crafting,Carousing,Piracy,Carousing,Piracy,Crafting,Novice,Novice,Novice,Novice,Neophyte,Novice,Novice,Narrow,Weighty,Novice,Novice,Broad,Novice,Novice,Novice,Narrow,Novice,Novice,Novice,Novice,Weighty,Novice,Able,Able,Able,Able,Proficient,Able,Able,Able,Ultimate,Able,Able,Master,Able,Able,Able,Able,Able,Able,Able,Able,Proficient,Able
Rustedhook,https://emerald.puzzlepirates.com/yoweb/pirate.wm?classic=false&target=rustedhook,http://emerald.puzzlepirates.com/media/emerald/portraits/2ea/2711fa50e58a051ae072ecb3a499f.jpg,Senior Officer,Shopkeeper,Dopamine,Lord,Do Not Reply,Ensign,Scrimshaw Island Navy,Stork,1,Friggin Waves on Scrimshaw Island,0,,0,,4,Sigil Shack on Sayers Rock | Stab In Cabin on Aimuari Island | Cottagious Disease on Aimuari Island | Bedside Manors on Admiral Island,0,,Aspiring,Aspiring,Noted,Aspiring,Crafting,Piracy,Piracy,Crafting,Piracy,Crafting,Carousing,Crafting,Piracy,Carousing,Piracy,Piracy,Carousing,Piracy,Piracy,Piracy,Crafting,Carousing,Piracy,Carousing,Piracy,Crafting,Neophyte,Solid,Solid,Solid,Illustrious,Neophyte,Neophyte,Solid,Weighty,Solid,Expert,Expert,Expert,Broad,Novice,Solid,Weighty,Narrow,Broad,Neophyte,Solid,Neophyte,Able,Legendary,Distinguished,Renowned,Respected,Proficient,Distinguished,Respected,Distinguished,Proficient,Master,Master,Respected,Proficient,Proficient,Respected,Legendary,Proficient,Respected,Able,Renowned,Proficient
Shiaku,https://emerald.puzzlepirates.com/yoweb/pirate.wm?classic=false&target=shiaku,http://emerald.puzzlepirates.com/media/emerald/portraits/c1d/db86965cf70d8badffe2064559520.jpg,Captain,,Kroengard,Prince,Do Not Reply,Chief Petty Officer,Arakoua Island Navy,Ibis,0,,4,Sky Harbor on Arakoua Island | Sky Forge on Arakoua Island | Sky Weaving on Arakoua Island | Sky Nocturne on Arakoua Island,0,,1,Jurassic Shack on Arakoua Island,0,,Obscure,Noted,Noted,Aspiring,Crafting,Piracy,Piracy,Crafting,Piracy,Crafting,Carousing,Crafting,Piracy,Carousing,Piracy,Piracy,Carousing,Piracy,Piracy,Piracy,Crafting,Carousing,Piracy,Carousing,Piracy,Crafting,Narrow,Weighty,Narrow,Neophyte,Weighty,Neophyte,Novice,Solid,Broad,Narrow,Narrow,Neophyte,Solid,Neophyte,Novice,Expert,Weighty,Novice,Narrow,Novice,Weighty,Narrow,Proficient,Distinguished,Distinguished,Proficient,Respected,Able,Able,Ultimate,Master,Able,Proficient,Proficient,Grand-Master,Able,Master,Ultimate,Grand-Master,Able,Grand-Master,Able,Master,Master
Tsujin,https://emerald.puzzlepirates.com/yoweb/pirate.wm?classic=false&target=tsujin,http://emerald.puzzlepirates.com/media/emerald/portraits/403/2c362b75e4d9abae7cf154b56dbad.jpg,Senior Officer,Astronomer,Kisses,Member,Crash Out,Admiral,Admiral Island Navy,Gull,0,,0,,0,,2,Cabin Fever on Admiral Island | Row Me Daddy on Admiral Island,0,,Aspiring,Aspiring,Rumored,Aspiring,Crafting,Piracy,Piracy,Crafting,Piracy,Crafting,Carousing,Crafting,Piracy,Carousing,Piracy,Piracy,Carousing,Piracy,Piracy,Piracy,Crafting,Carousing,Piracy,Carousing,Piracy,Crafting,Broad,Solid,Weighty,Broad,Expert,Neophyte,Narrow,Narrow,Solid,Broad,Solid,Novice,Paragon,Solid,Broad,Illustrious,Apprentice,Narrow,Solid,Narrow,Weighty,Neophyte,Proficient,Distinguished,Master,Proficient,Master,Able,Proficient,Able,Grand-Master,Able,Proficient,Able,Proficient,Proficient,Proficient,Legendary,Able,Able,Distinguished,Proficient,Legendary,Proficient
Weewenchie,https://emerald.puzzlepirates.com/yoweb/pirate.wm?classic=false&target=weewenchie,http://emerald.puzzlepirates.com/media/emerald/portraits/3c4/fbe556240fe01259891a586e48d35.jpg,Captain,Wench,Free Spirits,Lady,Do Not Reply,Admiral,Aimuari Island Navy,Orion,0,,0,,0,,6,Homestead Hut on Lincoln Island | Past Tents on Greenwich Island | Bungalow Bill on Admiral Island | Cottagious Disease on Aimuari Island | A State Of Love & Happiness on Aimuari Island | Tomb of the Hallowed Soul on Aimuari Island,0,,Rumored,Celebrated,Celebrated,Aspiring,Crafting,Piracy,Piracy,Crafting,Piracy,Crafting,Carousing,Crafting,Piracy,Carousing,Piracy,Piracy,Carousing,Piracy,Piracy,Piracy,Crafting,Carousing,Piracy,Carousing,Piracy,Crafting,Solid,Paragon,Exalted,Broad,Exalted,Broad,Novice,Weighty,Paragon,Neophyte,Sublime,Weighty,Revered,Paragon,Narrow,Transcendent,Weighty,Novice,Broad,Novice,Illustrious,Narrow,Distinguished,Respected,Master,Proficient,Respected,Proficient,Proficient,Renowned,Proficient,Able,Proficient,Respected,Able,Able,Able,Ultimate,Proficient,Able,Able,Able,Respected,Proficient
Alykat,https://emerald.puzzlepirates.com/yoweb/pirate.wm?classic=false&target=alykat,http://emerald.puzzlepirates.com/media/emerald/portraits/a3e/72abb1aa3faf1fd28a9833a4c014a.jpg,,,,,,Lieutenant,Descartes Isle Navy,Pelican,0,,0,,0,,6,Shack Macaque on Alkaid Island | Sea Shack on Scrimshaw Island | Caddyshack on Admiral Island | Pine Boxes on Aimuari Island | The Cuckoo's Nest on Quetzal Island | Bedside Manors on Admiral Island,0,,Aspiring,Obscure,Rumored,Aspiring,Crafting,Piracy,Piracy,Crafting,Piracy,Crafting,Carousing,Crafting,Piracy,Carousing,Piracy,Piracy,Carousing,Piracy,Piracy,Piracy,Crafting,Carousing,Piracy,Carousing,Piracy,Crafting,Narrow,Narrow,Weighty,Apprentice,Broad,Narrow,Novice,Solid,Broad,Novice,Solid,Broad,Broad,Expert,Novice,Solid,Narrow,Novice,Narrow,Neophyte,Solid,Broad,Proficient,Proficient,Renowned,Able,Distinguished,Proficient,Proficient,Able,Able,Able,Able,Respected,Respected,Distinguished,Master,Distinguished,Proficient,Able,Able,Proficient,Proficient,Distinguished
Mattystrong,https://emerald.puzzlepirates.com/yoweb/pirate.wm?classic=false&target=mattystrong,http://emerald.puzzlepirates.com/media/emerald/portraits/bc5/6fde4b89714fcab58d1058cad9702.jpg,Captain,Politician,The Salty Splatoon,Prince,Party On Olympus,Lieutenant,Alkaid Island Navy,Ursa,6,Salty Balls on Sayers Rock | Cannon Balls & Swords on Alkaid Island | Salty Remedies on Sayers Rock | Salty Threads of Temptation on Sayers Rock | Salty Spirits on Sayers Rock | Negra Arroyo Lane on Alkaid Island,0,,0,,5,Sea Shack on Scrimshaw Island | Bungalow Bill on Admiral Island | Tarzan's Treehouse on Alkaid Island | Mangrove Mansion on Alkaid Island | Keep Calm and Love King Kong on Alkaid Island,10,Cashier | Graymouser | Gusher | Hiddenaerial | Jezerbell | Mrflop | Nailbanger | Nishaa | Prevailed | Shigby,Aspiring,Aspiring,Aspiring,Aspiring,Crafting,Piracy,Piracy,Crafting,Piracy,Crafting,Carousing,Crafting,Piracy,Carousing,Piracy,Piracy,Carousing,Piracy,Piracy,Piracy,Crafting,Carousing,Piracy,Carousing,Piracy,Crafting,Narrow,Weighty,Expert,Expert,Solid,Solid,Narrow,Solid,Weighty,Broad,Weighty,Weighty,Weighty,Expert,Neophyte,Solid,Solid,Weighty,Solid,Narrow,Expert,Solid,Proficient,Proficient,Proficient,Master,Proficient,Proficient,Distinguished,Master,Proficient,Able,Able,Distinguished,Proficient,Proficient,Able,Proficient,Distinguished,Proficient,Able,Proficient,Proficient,Renowned
Tinkkabell,https://emerald.puzzlepirates.com/yoweb/pirate.wm?classic=false&target=tinkkabell,,Senior Officer,,The Salty Splatoon,Princess,Party On Olympus,Petty Officer,Admiral Island Navy,Gull,0,,0,,2,Jezerbell's Tailoring Stall on Pukru Island | Cashier's Tailoring Stall on Admiral Island,4,The Cuckoo's Nest on Quetzal Island | Pine Boxes on Aimuari Island | Tortilla Villas on Chachapoya Island | Tomb of the Hallowed Soul on Aimuari Island,1,Cashier,Aspiring,Rumored,Aspiring,Aspiring,Crafting,Piracy,Piracy,Crafting,Piracy,Crafting,Carousing,Crafting,Piracy,Carousing,Piracy,Piracy,Carousing,Piracy,Piracy,Piracy,Crafting,Carousing,Piracy,Carousing,Piracy,Crafting,Broad,Narrow,Solid,Apprentice,Narrow,Novice,Novice,Solid,Narrow,Novice,Narrow,Solid,Novice,Narrow,Novice,Broad,Apprentice,Novice,Neophyte,Novice,Weighty,Apprentice,Proficient,Distinguished,Proficient,Proficient,Able,Able,Able,Renowned,Proficient,Able,Proficient,Respected,Able,Able,Proficient,Distinguished,Proficient,Able,Proficient,Able,Respected,Proficient
Dryke,https://emerald.puzzlepirates.com/yoweb/pirate.wm?classic=false&target=dryke,http://emerald.puzzlepirates.com/media/emerald/portraits/efc/7a72ef47e94bb0b61648d44078385.jpg,Captain,Sailmaster,Mayan Empire,Member,No Strings Attached,Chief Petty Officer,Admiral Island Navy,Gull,1,Forge of Kukulkan on Sayers Rock,0,,0,,6,Shack Macaque on Alkaid Island | Caddyshack on Admiral Island | The Cuckoo's Nest on Quetzal Island | Sea Shack on Scrimshaw Island | Bedside Manors on Admiral Island | Jonestown Houses on Aimuari Island,2,Octosquids | Whitesnakes,Aspiring,Aspiring,Aspiring,Aspiring,Crafting,Piracy,Piracy,Crafting,Piracy,Crafting,Carousing,Crafting,Piracy,Carousing,Piracy,Piracy,Carousing,Piracy,Piracy,Piracy,Crafting,Carousing,Piracy,Carousing,Piracy,Crafting,Broad,Solid,Solid,Solid,Broad,Apprentice,Neophyte,Broad,Solid,Neophyte,Broad,Solid,Solid,Narrow,Novice,Solid,Apprentice,Novice,Narrow,Narrow,Weighty,Apprentice,Distinguished,Respected,Proficient,Respected,Able,Proficient,Able,Respected,Proficient,Able,Able,Distinguished,Distinguished,Able,Able,Respected,Proficient,Able,Able,Able,Proficient,Distinguished
Aperion,https://emerald.puzzlepirates.com/yoweb/pirate.wm?classic=false&target=aperion,,,,,,,Stowaway,Admiral Island Navy,Gull,0,,0,,0,,14,Pine Boxes on Aimuari Island | Sidekick Shacks on Barbary Island | Shacky Doo on Hubble's Eye | Shack Macaque on Alkaid Island | Love Shack on Caravanserai Island | Milkshack on Wensleydale | The Dove Shack on Armstrong Island | Sea Shack on Scrimshaw Island | Homestead Hut on Lincoln Island | Sigil Shack on Sayers Rock | Jurassic Shack on Arakoua Island | Munky Town on Alkaid Island | Cthulhu Mansion on Admiral Island | Sidekick Shacks on Barbary Island,12,Bigbea | Clmdoughboy | Coaxoch | Danipop | Gafgarion | Mrflop | Mrspongebob | Mrsvastfury | Msworldnv | Paleblade | Whitesnakes | Wishfury,Aspiring,Aspiring,Aspiring,Aspiring,Crafting,Piracy,Piracy,Crafting,Piracy,Crafting,Carousing,Crafting,Piracy,Carousing,Piracy,Piracy,Carousing,Piracy,Piracy,Piracy,Crafting,Carousing,Piracy,Carousing,Piracy,Crafting,Solid,Solid,Weighty,Solid,Broad,Novice,Apprentice,Solid,Apprentice,Solid,Neophyte,Expert,Solid,Solid,Neophyte,Neophyte,Apprentice,Narrow,Narrow,Broad,Sublime,Apprentice,Distinguished,Master,Proficient,Distinguished,Proficient,Able,Able,Master,Able,Proficient,Able,Renowned,Renowned,Able,Able,Able,Able,Able,Able,Proficient,Distinguished,Proficient
Graymouser,https://emerald.puzzlepirates.com/yoweb/pirate.wm?classic=false&target=graymouser,http://emerald.puzzlepirates.com/media/emerald/portraits/2ce/71dfee1b11a760da7f4d1b86bf9c0.jpg,Senior Officer,,Cheers,Lord,Ad Finem Maris,Lieutenant,Alkaid Island Navy,Ursa,0,,0,,0,,5,Caddyshack on Admiral Island | Sigil Shack on Sayers Rock | Past Tents on Greenwich Island | Just a Bungalow on Caravanserai Island | Liana Villa on Alkaid Island,0,,Aspiring,Aspiring,Rumored,Aspiring,Crafting,Piracy,Piracy,Crafting,Piracy,Crafting,Carousing,Crafting,Piracy,Carousing,Piracy,Piracy,Carousing,Piracy,Piracy,Piracy,Crafting,Carousing,Piracy,Carousing,Piracy,Crafting,Narrow,Paragon,Broad,Weighty,Weighty,Neophyte,Novice,Solid,Solid,Novice,Neophyte,Apprentice,Solid,Narrow,Apprentice,Expert,Solid,Novice,Narrow,Apprentice,Solid,Expert,Proficient,Master,Proficient,Master,Distinguished,Able,Distinguished,Master,Proficient,Able,Able,Proficient,Proficient,Able,Proficient,Renowned,Distinguished,Able,Proficient,Proficient,Distinguished,Legendary
Gusher,https://emerald.puzzlepirates.com/yoweb/pirate.wm?classic=false&target=gusher,http://emerald.puzzlepirates.com/media/emerald/portraits/dc7/fee0d7ab3bca586e60101075d47df.jpg,Senior Officer,First Mate,The Salty Splatoon,Member,Party On Olympus,Admiral,Admiral Island Navy,Gull,0,,0,,0,,4,Caddyshack on Admiral Island | Cabin Fever on Admiral Island | Bungalow Bill on Admiral Island | Keep Calm and Love King Kong on Alkaid Island,4,Crip | Jezerbell | Mattystrong | Rojavey,Aspiring,Aspiring,Aspiring,Aspiring,Crafting,Piracy,Piracy,Crafting,Piracy,Crafting,Carousing,Crafting,Piracy,Carousing,Piracy,Piracy,Carousing,Piracy,Piracy,Piracy,Crafting,Carousing,Piracy,Carousing,Piracy,Crafting,Narrow,Narrow,Revered,Narrow,Paragon,Novice,Narrow,Solid,Weighty,Expert,Paragon,Weighty,Solid,Illustrious,Narrow,Narrow,Expert,Solid,Solid,Narrow,Illustrious,Neophyte,Proficient,Distinguished,Legendary,Master,Grand-Master,Able,Master,Ultimate,Distinguished,Distinguished,Legendary,Renowned,Proficient,Ultimate,Able,Proficient,Legendary,Proficient,Renowned,Able,Grand-Master,Proficient
Toastyboy,https://emerald.puzzlepirates.com/yoweb/pirate.wm?classic=false&target=toastyboy,http://emerald.puzzlepirates.com/media/emerald/portraits/b96/c1c65598aa8cab7f1107486772a36.jpg,Captain,Troublemaker,Keep Going,Prince,Ad Finem Maris,Captain,Admiral Island Navy,Gull,3,Toasty Tipple on Barbary Island | Toasty Balls on Barbary Island | Toasty Tonics on Barbary Island,6,King Couch on Admiral Island | Toasty Tassels on Barbary Island | Jade Industry on Armstrong Island | Frig It on Arakoua Island | Mesozoic Mantels on Arakoua Island | Master Exploder on Barbary Island,6,Toastyboy's Tailoring Stall on Barbary Island | Toastyboy's Ironworking Stall on Barbary Island | Toastyboy's Weaving Stall on Barbary Island | Toastyboy's Weaving Stall on Arakoua Island | Whitesnakes's Apothecary Stall on Aimuari Island | Whitesnakes's Apothecary Stall on Admiral Island,6,Pine Boxes on Aimuari Island | Bedside Manors on Admiral Island | Bringing Town the House on Admiral Island | Bringing Town the House on Admiral Island | Bedside Manors on Admiral Island | Only a Manor of Time on Aimuari Island,0,,Renowned,Illustrious,Illustrious,Rumored,Crafting,Piracy,Piracy,Crafting,Piracy,Crafting,Carousing,Crafting,Piracy,Carousing,Piracy,Piracy,Carousing,Piracy,Piracy,Piracy,Crafting,Carousing,Piracy,Carousing,Piracy,Crafting,Weighty,Weighty,Sublime,Solid,Paragon,Solid,Apprentice,Solid,Expert,Neophyte,Paragon,Expert,Weighty,Illustrious,Broad,Weighty,Solid,Narrow,Solid,Narrow,Sublime,Solid,Grand-Master,Respected,Ultimate,Renowned,Master,Proficient,Able,Ultimate,Distinguished,Able,Legendary,Renowned,Grand-Master,Renowned,Respected,Renowned,Respected,Able,Grand-Master,Distinguished,Distinguished,Master
Ulygold,https://emerald.puzzlepirates.com/yoweb/pirate.wm?classic=false&target=ulygold,http://emerald.puzzlepirates.com/media/emerald/portraits/25f/ad56761afd6c258ee9ad609592b1a.jpg,Senior Officer,Troublemaker,Bomb It Like It's Hot,Prince,Bombaholics Anonymous,Lieutenant,Admiral Island Navy,Gull,3,Big Beautiful Ball on Sayers Rock | Snoop Forge on Armstrong Island | Unstable Concoction on Sayers Rock,4,Weaving in Traffic on Sayers Rock | Cursed Cauldron on Alkaid Island | Pimps N Potions on Arakoua Island | The Way You Make Me Steel on Caravanserai Island,1,Lozenger's Apothecary Stall on Chachapoya Island,11,Aural Shacks on Bowditch Island | Caddyshack on Admiral Island | Bungalow Bill on Admiral Island | Villa of the Damned on Aimuari Island | Got Your Girlfriend on Sayers Rock | Guardians of the Gallery on Admiral Island | Mirror Mirror Hanging On The Wall on Sayers Rock | Krypton Kottage on Barbary Island | Sherlock Homes on Doyle Island | Bedside Manors on Admiral Island | Tortilla Villas on Chachapoya Island,0,,Aspiring,Celebrated,Illustrious,Aspiring,Crafting,Piracy,Piracy,Crafting,Piracy,Crafting,Carousing,Crafting,Piracy,Carousing,Piracy,Piracy,Carousing,Piracy,Piracy,Piracy,Crafting,Carousing,Piracy,Carousing,Piracy,Crafting,Solid,Expert,Paragon,Solid,Paragon,Neophyte,Neophyte,Solid,Weighty,Novice,Solid,Solid,Broad,Illustrious,Narrow,Weighty,Solid,Apprentice,Solid,Neophyte,Illustrious,Solid,Proficient,Distinguished,Renowned,Renowned,Respected,Proficient,Proficient,Respected,Distinguished,Able,Proficient,Renowned,Master,Ultimate,Master,Respected,Respected,Able,Proficient,Able,Distinguished,Master
Xanorth,https://emerald.puzzlepirates.com/yoweb/pirate.wm?classic=false&target=xanorth,http://emerald.puzzlepirates.com/media/emerald/portraits/3cd/d3078adba9fb28997f49a65e6b401.jpg,Captain,Wildcard,Chaotic Disposition,,,Lieutenant Commander,Aimuari Island Navy,Orion,0,,0,,0,,3,Minute House on Greenwich Island | Cabin Fever on Admiral Island | Villa of the Damned on Aimuari Island,0,,Aspiring,Aspiring,Rumored,Aspiring,Crafting,Piracy,Piracy,Crafting,Piracy,Crafting,Carousing,Crafting,Piracy,Carousing,Piracy,Piracy,Carousing,Piracy,Piracy,Piracy,Crafting,Carousing,Piracy,Carousing,Piracy,Crafting,Apprentice,Solid,Solid,Narrow,Illustrious,Apprentice,Novice,Solid,Solid,Novice,Solid,Narrow,Solid,Solid,Apprentice,Narrow,Weighty,Novice,Narrow,Neophyte,Expert,Neophyte,Proficient,Respected,Distinguished,Proficient,Grand-Master,Able,Distinguished,Grand-Master,Distinguished,Able,Proficient,Proficient,Respected,Proficient,Respected,Proficient,Master,Able,Grand-Master,Distinguished,Master,Distinguished
Dalnoth,https://emerald.puzzlepirates.com/yoweb/pirate.wm?classic=false&target=Dalnoth,http://emerald.puzzlepirates.com/media/emerald/portraits/e60/2dbf4ce83bcb39d477b6788cff64b.jpg,Captain,,Keyboard Warrior,King,Don't Open Till Doomsday,Commander,Admiral Island Navy,Gull,4,Blackjack Betty on Armstrong Island | Warship's Eulogy on Aimuari Island | Bar With No Name on Barbary Island | Bring Out Your Thread on Aimuari Island,12,National Paint's on Admiral Island | King's Iron on Admiral Island | Gun Clappers on Barbary Island | A Stitch In Time on Aimuari Island | Old Shipyard on Admiral Island | How Tee Vest Waz Won on Admiral Island | Rhesus Pieces on Alkaid Island | Cool Ocean Shipyard on Arakoua Island | Dr Doom's Dyes on Barbary Island | Sink Factory on Admiral Island | Gucci Gang on Admiral Island | Cannonballs Do Migrate on Bowditch Island,0,,16,The Cuckoo's Nest on Quetzal Island | King Kottage on Admiral Island | Cottagious Disease on Aimuari Island | Eazy Street on Armstrong Island | The Cuckoo's Nest on Quetzal Island | Mayfair Mansions on Pukru Island | Mayfair Mansions on Pukru Island | Row Me Daddy on Admiral Island | Death Row on Aimuari Island | Only a Manor of Time on Aimuari Island | Villa of the Damned on Aimuari Island | Makavilli on Armstrong Island | Villa Las Vegas on Admiral Island | Cthulhu Mansion on Admiral Island | The Great Estate on Admiral Island | Guardians of the Gallery on Admiral Island,0,,Noted,Renowned,Celebrated,Aspiring,Crafting,Piracy,Piracy,Crafting,Piracy,Crafting,Carousing,Crafting,Piracy,Carousing,Piracy,Piracy,Carousing,Piracy,Piracy,Piracy,Crafting,Carousing,Piracy,Carousing,Piracy,Crafting,Narrow,Expert,Revered,Broad,Paragon,Narrow,Solid,Narrow,Expert,Solid,Illustrious,Neophyte,Sublime,Broad,Paragon,Illustrious,Weighty,Solid,Revered,Broad,Weighty,Neophyte,Proficient,Grand-Master,Grand-Master,Distinguished,Ultimate,Proficient,Master,Distinguished,Legendary,Proficient,Grand-Master,Proficient,Distinguished,Proficient,Ultimate,Master,Renowned,Proficient,Ultimate,Distinguished,Ultimate,Able
Codefish,https://emerald.puzzlepirates.com/yoweb/pirate.wm?classic=false&target=codefish,http://emerald.puzzlepirates.com/media/emerald/portraits/403/9310083f9632cc71c5bad6cd583ae.jpg,Captain,,Silver Storm,Princess,Don't Open Till Doomsday,Admiral,Sayers Rock Navy,Ursa,2,Wicked Stitch of the Vest on Sayers Rock | Cool Ocean Shipyard on Arakoua Island,9,National Paint's on Admiral Island | King's Iron on Admiral Island | Unicorn Blood on Aimuari Island | The Night Tables on Admiral Island | Old Shipyard on Admiral Island | All Dyes On You on Admiral Island | Living Death on Aimuari Island | Sink Factory on Admiral Island | Basilisk's Fang on Aimuari Island,0,,28,Homestead Hut on Lincoln Island | Sidekick Shacks on Barbary Island | Sigil Shack on Sayers Rock | Jurassic Shack on Arakoua Island | The Cuckoo's Nest on Quetzal Island | Caddyshack on Admiral Island | Love Shack on Caravanserai Island | Pine Boxes on Aimuari Island | Shacky Doo on Hubble's Eye | The Dove Shack on Armstrong Island | Stab In Cabin on Aimuari Island | King Kottage on Admiral Island | Row Me Daddy on Admiral Island | Jonestown Houses on Aimuari Island | A Jacuzzi on Sayers Rock | The Great Estate on Admiral Island | Pine Boxes on Aimuari Island | Cottagious Disease on Aimuari Island | King Kottage on Admiral Island | Bringing Town the House on Admiral Island | Bedside Manors on Admiral Island | Bedside Manors on Admiral Island | Chatham Manor on Lincoln Island | Only a Manor of Time on Aimuari Island | Villa Las Vegas on Admiral Island | Dead Mansion Walking on Aimuari Island | Cthulhu Mansion on Admiral Island | Guardians of the Gallery on Admiral Island,0,,Aspiring,Noted,Obscure,Aspiring,Crafting,Piracy,Piracy,Crafting,Piracy,Crafting,Carousing,Crafting,Piracy,Carousing,Piracy,Piracy,Carousing,Piracy,Piracy,Piracy,Crafting,Carousing,Piracy,Carousing,Piracy,Crafting,Illustrious,Illustrious,Revered,Weighty,Illustrious,Expert,Narrow,Sublime,Illustrious,Solid,Revered,Illustrious,Paragon,Expert,Solid,Exalted,Illustrious,Solid,Solid,Broad,Illustrious,Expert,Master,Respected,Proficient,Respected,Able,Proficient,Able,Respected,Able,Proficient,Able,Proficient,Grand-Master,Able,Proficient,Distinguished,Distinguished,Proficient,Able,Able,Distinguished,Respected
Drinkkoolaid,https://emerald.puzzlepirates.com/yoweb/pirate.wm?classic=false&target=drinkkoolaid,,Senior Officer,,- Virtute et Armis -,Princess,Don't Open Till Doomsday,Stowaway,Admiral Island Navy,Gull,0,,0,,0,,4,Caddyshack on Admiral Island | The Dove Shack on Armstrong Island | Bungalow Bill on Admiral Island | Bungalow Bill on Admiral Island,1,Bungeegum,Aspiring,Aspiring,Obscure,Aspiring,Crafting,Piracy,Piracy,Crafting,Piracy,Crafting,Carousing,Crafting,Piracy,Carousing,Piracy,Piracy,Carousing,Piracy,Piracy,Piracy,Crafting,Carousing,Piracy,Carousing,Piracy,Crafting,Novice,Narrow,Apprentice,Novice,Broad,Novice,Novice,Novice,Novice,Novice,Narrow,Novice,Weighty,Novice,Novice,Apprentice,Novice,Illustrious,Weighty,Novice,Broad,Novice,Able,Able,Able,Able,Proficient,Able,Able,Able,Able,Able,Able,Able,Distinguished,Able,Able,Able,Able,Renowned,Master,Proficient,Distinguished,Able
Imgonnanut,https://emerald.puzzlepirates.com/yoweb/pirate.wm?classic=false&target=imgonnanut,,Senior Officer,,Keyboard Warrior,Member,Don't Open Till Doomsday,Sailor,Sayers Rock Navy,Ursa,0,,0,,0,,1,Milkshack on Wensleydale,1,Yburr,Aspiring,Aspiring,Rumored,Aspiring,Crafting,Piracy,Piracy,Crafting,Piracy,Crafting,Carousing,Crafting,Piracy,Carousing,Piracy,Piracy,Carousing,Piracy,Piracy,Piracy,Crafting,Carousing,Piracy,Carousing,Piracy,Crafting,Novice,Solid,Apprentice,Novice,Broad,Novice,Novice,Apprentice,Narrow,Novice,Neophyte,Novice,Weighty,Novice,Novice,Broad,Narrow,Novice,Narrow,Novice,Novice,Novice,Able,Proficient,Proficient,Able,Legendary,Able,Proficient,Grand-Master,Legendary,Able,Able,Able,Able,Able,Proficient,Ultimate,Master,Able,Respected,Proficient,Proficient,Able
Misstrix,https://emerald.puzzlepirates.com/yoweb/pirate.wm?classic=false&target=misstrix,http://emerald.puzzlepirates.com/media/emerald/portraits/b68/f32304379ad7e03de08779aa88acb.jpg,Senior Officer,,Keyboard Warrior,Member,Don't Open Till Doomsday,Stowaway,Admiral Island Navy,Gull,0,,0,,0,,1,Aural Shacks on Bowditch Island,0,,Aspiring,Aspiring,Aspiring,Aspiring,Crafting,Piracy,Piracy,Crafting,Piracy,Crafting,Carousing,Crafting,Piracy,Carousing,Piracy,Piracy,Carousing,Piracy,Piracy,Piracy,Crafting,Carousing,Piracy,Carousing,Piracy,Crafting,Neophyte,Broad,Weighty,Novice,Novice,Novice,Novice,Solid,Apprentice,Novice,Solid,Solid,Neophyte,Neophyte,Novice,Solid,Broad,Novice,Novice,Novice,Neophyte,Novice,Able,Renowned,Proficient,Able,Able,Able,Able,Distinguished,Proficient,Able,Proficient,Proficient,Able,Able,Proficient,Distinguished,Distinguished,Able,Proficient,Able,Proficient,Able
Sscc,https://emerald.puzzlepirates.com/yoweb/pirate.wm?classic=false&target=sscc,http://emerald.puzzlepirates.com/media/emerald/portraits/738/21996baf4aa953f73fa7410cff047.jpg,Senior Officer,,Keyboard Warrior,Prince,Don't Open Till Doomsday,Lieutenant Commander,Admiral Island Navy,Gull,10,National Paint's on Admiral Island | Bull Market on Admiral Island | King's Iron on Admiral Island | Hollywood Palace on Admiral Island | Old Shipyard on Admiral Island | All Dyes On You on Admiral Island | King's Chair on Admiral Island | Wits' End on Admiral Island | Sink Factory on Admiral Island | Gucci Gang on Admiral Island,4,Blackjack Betty on Armstrong Island | Warship's Eulogy on Aimuari Island | The Night Tables on Admiral Island | Cool Ocean Shipyard on Arakoua Island,0,,11,Love Shack on Caravanserai Island | Caddyshack on Admiral Island | Sea Shack on Scrimshaw Island | Bungalow Bill on Admiral Island | King Kottage on Admiral Island | Row Me Daddy on Admiral Island | Caddyshack on Admiral Island | Bungalow Bill on Admiral Island | Row Me Daddy on Admiral Island | Villa Las Vegas on Admiral Island | The Great Estate on Admiral Island,28,Aazy | Bobswald | Cairna | Carpaccio | Daeris | Dalnoth | Eyad | Hesperus | Icefiredad | Incineration | Joshsivils | Kingofthewar | Liud | Mahsa | Mahta | Mfw | Muli | Pasteyman | Ractor | Shadowiie | Shar | Shroomy | Sidero | Tempix | Texnikos | Tswifty | Tzz | Wowriver,Aspiring,Aspiring,Illustrious,Aspiring,Crafting,Piracy,Piracy,Crafting,Piracy,Crafting,Carousing,Crafting,Piracy,Carousing,Piracy,Piracy,Carousing,Piracy,Piracy,Piracy,Crafting,Carousing,Piracy,Carousing,Piracy,Crafting,Narrow,Solid,Solid,Apprentice,Paragon,Solid,Narrow,Narrow,Solid,Novice,Solid,Broad,Illustrious,Weighty,Neophyte,Solid,Narrow,Narrow,Expert,Neophyte,Solid,Solid,Proficient,Ultimate,Respected,Able,Distinguished,Able,Master,Able,Distinguished,Able,Distinguished,Distinguished,Ultimate,Respected,Master,Distinguished,Able,Able,Renowned,Proficient,Master,Master
Robinhoodx,https://emerald.puzzlepirates.com/yoweb/pirate.wm?classic=false&target=robinhoodx,http://emerald.puzzlepirates.com/media/emerald/portraits/12b/d77d112d0e68939997449e440fc8f.jpg,Senior Officer,,Thank You Next,King,Pull Out,Lieutenant Commander,Admiral Island Navy,Gull,5,Reef Reelators on Scrimshaw Island | So Frigging Low on Sayers Rock | Iron Calcium on Scrimshaw Island | Trap House on Scrimshaw Island | Trade Winds on Scrimshaw Island,4,Rent Free Graveyards on Aimuari Island | Loaded Balls on Sayers Rock | Ships For Days on Aimuari Island | Dawn of the Deed on Aimuari Island,3,Robinhoodx's Apothecary Stall on Admiral Island | Robinhoodx's Apothecary Stall on Scrimshaw Island | Robinaltx's Apothecary Stall on Admiral Island,7,The Dove Shack on Armstrong Island | Stab In Cabin on Aimuari Island | Cabin Fever on Admiral Island | Bungalow Bill on Admiral Island | Caddyshack on Admiral Island | Bringing Town the House on Admiral Island | The Great Estate on Admiral Island,0,,Aspiring,Celebrated,Renowned,Aspiring,Crafting,Piracy,Piracy,Crafting,Piracy,Crafting,Carousing,Crafting,Piracy,Carousing,Piracy,Piracy,Carousing,Piracy,Piracy,Piracy,Crafting,Carousing,Piracy,Carousing,Piracy,Crafting,Solid,Weighty,Broad,Apprentice,Solid,Novice,Narrow,Solid,Broad,Illustrious,Narrow,Apprentice,Revered,Solid,Apprentice,Paragon,Weighty,Expert,Expert,Weighty,Solid,Neophyte,Respected,Ultimate,Distinguished,Able,Master,Able,Able,Proficient,Grand-Master,Proficient,Able,Distinguished,Ultimate,Respected,Able,Master,Master,Proficient,Ultimate,Master,Proficient,Proficient
Bobswald,https://emerald.puzzlepirates.com/yoweb/pirate.wm?classic=false&target=bobswald,http://emerald.puzzlepirates.com/media/emerald/portraits/4cc/ed9584d3dfe5b0c1e4770abac50b7.jpg,Senior Officer,,Atlantean Explorers,Prince,Pull Out,Apprentice Sailor,Admiral Island Navy,Gull,0,,1,Labyrinth on Caravanserai Island,0,,2,Caddyshack on Admiral Island | Bringing Town the House on Admiral Island,8,Anchovia | Cairna | Dagnanlian | Iwnabeu | Joshsivils | Ltrekess | Sscc | Yassenn,Aspiring,Aspiring,Aspiring,Aspiring,Crafting,Piracy,Piracy,Crafting,Piracy,Crafting,Carousing,Crafting,Piracy,Carousing,Piracy,Piracy,Carousing,Piracy,Piracy,Piracy,Crafting,Carousing,Piracy,Carousing,Piracy,Crafting,Neophyte,Narrow,Broad,Novice,Weighty,Apprentice,Novice,Novice,Narrow,Narrow,Solid,Novice,Solid,Narrow,Novice,Solid,Novice,Apprentice,Solid,Novice,Apprentice,Novice,Proficient,Master,Master,Able,Grand-Master,Distinguished,Able,Able,Proficient,Able,Master,Able,Renowned,Master,Proficient,Grand-Master,Able,Able,Respected,Proficient,Respected,Able
Cencul,https://emerald.puzzlepirates.com/yoweb/pirate.wm?classic=false&target=cencul,http://emerald.puzzlepirates.com/media/emerald/portraits/d61/c8fb688b128907e81a951fcff2cb0.jpg,Captain,,Forward,Prince,Pull Out,Lieutenant,Admiral Island Navy,Gull,0,,2,Trap House on Admiral Island | The Boys on Admiral Island,1,Xii's Tailoring Stall on Pukru Island,3,Cabin Fever on Admiral Island | Bungalow Bill on Admiral Island | The Great Estate on Admiral Island,1,Xii,Aspiring,Aspiring,Aspiring,Aspiring,Crafting,Piracy,Piracy,Crafting,Piracy,Crafting,Carousing,Crafting,Piracy,Carousing,Piracy,Piracy,Carousing,Piracy,Piracy,Piracy,Crafting,Carousing,Piracy,Carousing,Piracy,Crafting,Weighty,Solid,Solid,Solid,Solid,Weighty,Broad,Narrow,Broad,Solid,Weighty,Weighty,Transcendent,Solid,Broad,Solid,Solid,Broad,Solid,Broad,Solid,Solid,Ultimate,Ultimate,Ultimate,Ultimate,Ultimate,Legendary,Ultimate,Ultimate,Legendary,Proficient,Ultimate,Ultimate,Ultimate,Ultimate,Ultimate,Ultimate,Legendary,Legendary,Ultimate,Ultimate,Ultimate,Ultimate
Discriminate,https://emerald.puzzlepirates.com/yoweb/pirate.wm?classic=false&target=discriminate,http://emerald.puzzlepirates.com/media/emerald/portraits/2eb/da280e2d7a2480453d650673a37cd.jpg,Senior Officer,Ambassador,Thank You Next,Prince,Pull Out,Lieutenant,Admiral Island Navy,Gull,1,Ships For Days on Aimuari Island,8,So Frigging Low on Sayers Rock | Rent Free Graveyards on Aimuari Island | Bronx Zoo on Paihia Island | Trap House on Scrimshaw Island | Trap House on Admiral Island | The Boys on Admiral Island | King's Landing on Wissahickon Island | Dawn of the Deed on Aimuari Island,3,Robinaltx's Apothecary Stall on Admiral Island | Robinhoodx's Apothecary Stall on Admiral Island | Robinhoodx's Apothecary Stall on Scrimshaw Island,17,Homestead Hut on Lincoln Island | Milkshack on Wensleydale | Shack eel Oh Kneel on Blackthorpe Island | Pine Boxes on Aimuari Island | Shack Macaque on Alkaid Island | Caddyshack on Admiral Island | Cabin Fever on Admiral Island | Bringing Town the House on Admiral Island | Bedside Manors on Admiral Island | Love Shack on Caravanserai Island | The Cuckoo's Nest on Quetzal Island | Cabin Fever on Admiral Island | Bungalow Bill on Admiral Island | Row Me Daddy on Admiral Island | Bringing Town the House on Admiral Island | Bringing Town the House on Admiral Island | Villa Las Vegas on Admiral Island,0,,Aspiring,Celebrated,Illustrious,Aspiring,Crafting,Piracy,Piracy,Crafting,Piracy,Crafting,Carousing,Crafting,Piracy,Carousing,Piracy,Piracy,Carousing,Piracy,Piracy,Piracy,Crafting,Carousing,Piracy,Carousing,Piracy,Crafting,Apprentice,Solid,Expert,Narrow,Solid,Novice,Novice,Solid,Solid,Expert,Solid,Solid,Sublime,Narrow,Neophyte,Weighty,Solid,Novice,Weighty,Neophyte,Solid,Neophyte,Proficient,Grand-Master,Grand-Master,Distinguished,Proficient,Able,Proficient,Distinguished,Distinguished,Respected,Proficient,Distinguished,Ultimate,Able,Able,Distinguished,Proficient,Able,Master,Proficient,Distinguished,Proficient
Joshsivils,https://emerald.puzzlepirates.com/yoweb/pirate.wm?classic=false&target=joshsivils,http://emerald.puzzlepirates.com/media/emerald/portraits/c0a/e7aef844953cab85421729b820c99.jpg,Captain,Explorer,Atlantean Explorers,Prince,Pull Out,Commander,Admiral Island Navy,Gull,3,House of the Undying on Wissahickon Island | King's Landing on Wissahickon Island | Castle Black on Wissahickon Island,1,Pirates Pantaloons on Scrimshaw Island,0,,4,Caddyshack on Admiral Island | Caddyshack on Admiral Island | Sigil Shack on Sayers Rock | Villa Las Vegas on Admiral Island,21,Accoutre | Aeri | Amaliie | Anchovia | Bobswald | Cairna | Caitman | Captnpugwash | Caramaria | Dagnanlian | Daquan | Flourish | Hellacious | Jevons | Kikkit | Kingtomy | Ltrekess | Maeven | Seepnah | Sscc | Yassenn,Aspiring,Celebrated,Eminent,Aspiring,Crafting,Piracy,Piracy,Crafting,Piracy,Crafting,Carousing,Crafting,Piracy,Carousing,Piracy,Piracy,Carousing,Piracy,Piracy,Piracy,Crafting,Carousing,Piracy,Carousing,Piracy,Crafting,Solid,Expert,Sublime,Broad,Illustrious,Narrow,Solid,Solid,Paragon,Weighty,Weighty,Novice,Sublime,Expert,Solid,Expert,Weighty,Solid,Illustrious,Solid,Paragon,Narrow,Distinguished,Ultimate,Renowned,Proficient,Ultimate,Proficient,Master,Master,Grand-Master,Proficient,Ultimate,Able,Distinguished,Ultimate,Legendary,Ultimate,Master,Able,Legendary,Respected,Ultimate,Respected
Kushlorde,https://emerald.puzzlepirates.com/yoweb/pirate.wm?classic=false&target=kushlorde,http://emerald.puzzlepirates.com/media/emerald/portraits/b05/879af91dfbab45c2c0e6ba2374f8f.jpg,Senior Officer,,Forward,Princess,Pull Out,Commander,Admiral Island Navy,Gull,3,Bronx Zoo on Paihia Island | Trap House on Admiral Island | Off Pace Weaving on Alkaid Island,3,Backwoods on Paihia Island | The Boys on Admiral Island | My Face When on Caravanserai Island,5,Kushlorde's Weaving Stall on Scrimshaw Island | Kushlorde's Apothecary Stall on Scrimshaw Island | Kyubi's Tailoring Stall on Admiral Island | Cazix's Tailoring Stall on Wensleydale | Twitcher's Tailoring Stall on Aimuari Island,26,The Cuckoo's Nest on Quetzal Island | Caddyshack on Admiral Island | Shack eel Oh Kneel on Blackthorpe Island | King Kottage on Admiral Island | Row Me Daddy on Admiral Island | Villa Las Vegas on Admiral Island | Sea Shack on Scrimshaw Island | Sea Shack on Scrimshaw Island | Milkshack on Wensleydale | Caddyshack on Admiral Island | Caddyshack on Admiral Island | Caddyshack on Admiral Island | Caddyshack on Admiral Island | Caddyshack on Admiral Island | Sigil Shack on Sayers Rock | Minute House on Greenwich Island | Bungalow Bill on Admiral Island | King Kottage on Admiral Island | King Kottage on Admiral Island | Mayfair Mansions on Pukru Island | Jonestown Houses on Aimuari Island | Bedside Manors on Admiral Island | Villa of the Damned on Aimuari Island | Villa Las Vegas on Admiral Island | Villa Las Vegas on Admiral Island | Poseidon's Castle on Scrimshaw Island,1,Ihaveabigd,Rumored,Eminent,Celebrated,Aspiring,Crafting,Piracy,Piracy,Crafting,Piracy,Crafting,Carousing,Crafting,Piracy,Carousing,Piracy,Piracy,Carousing,Piracy,Piracy,Piracy,Crafting,Carousing,Piracy,Carousing,Piracy,Crafting,Weighty,Solid,Revered,Solid,Expert,Novice,Narrow,Expert,Weighty,Apprentice,Illustrious,Expert,Expert,Exalted,Narrow,Weighty,Broad,Novice,Solid,Narrow,Exalted,Weighty,Distinguished,Proficient,Respected,Distinguished,Master,Able,Able,Renowned,Able,Able,Legendary,Master,Legendary,Legendary,Able,Able,Proficient,Able,Proficient,Able,Distinguished,Distinguished
Mockworld,https://emerald.puzzlepirates.com/yoweb/pirate.wm?classic=false&target=mockworld,http://emerald.puzzlepirates.com/media/emerald/portraits/c86/d8847eb2371bef54962e54d54284c.jpg,Captain,Nap Specialist,Thank You Next,Prince,Pull Out,Admiral,Admiral Island Navy,Gull,0,,2,The Shrine of the Silver Monkey on Alkaid Island | So Frigging Low on Sayers Rock,0,,7,Caddyshack on Admiral Island | Row Me Daddy on Admiral Island | Villa Las Vegas on Admiral Island | Caddyshack on Admiral Island | Caddyshack on Admiral Island | Sigil Shack on Sayers Rock | Bungalow Bill on Admiral Island,1,Urgal,Aspiring,Eminent,Renowned,Aspiring,Crafting,Piracy,Piracy,Crafting,Piracy,Crafting,Carousing,Crafting,Piracy,Carousing,Piracy,Piracy,Carousing,Piracy,Piracy,Piracy,Crafting,Carousing,Piracy,Carousing,Piracy,Crafting,Novice,Neophyte,Broad,Solid,Weighty,Novice,Neophyte,Solid,Sublime,Solid,Illustrious,Weighty,Weighty,Solid,Novice,Broad,Narrow,Novice,Narrow,Neophyte,Exalted,Novice,Proficient,Able,Proficient,Grand-Master,Distinguished,Able,Respected,Ultimate,Master,Proficient,Master,Respected,Proficient,Proficient,Master,Distinguished,Distinguished,Able,Proficient,Proficient,Distinguished,Proficient
Robinaltx,https://emerald.puzzlepirates.com/yoweb/pirate.wm?classic=false&target=robinaltx,,Captain,,Pink Hair Don't Care,Lord,Pull Out,Ensign,Admiral Island Navy,Gull,0,,0,,2,Robinaltx's Apothecary Stall on Admiral Island | Robinhoodx's Apothecary Stall on Scrimshaw Island,1,Homestead Hut on Lincoln Island,1,Danswald,Aspiring,Aspiring,Rumored,Aspiring,Crafting,Piracy,Piracy,Crafting,Piracy,Crafting,Carousing,Crafting,Piracy,Carousing,Piracy,Piracy,Carousing,Piracy,Piracy,Piracy,Crafting,Carousing,Piracy,Carousing,Piracy,Crafting,Broad,Narrow,Neophyte,Novice,Novice,Novice,Novice,Novice,Novice,Novice,Solid,Novice,Solid,Novice,Novice,Solid,Solid,Novice,Novice,Novice,Novice,Novice,Distinguished,Distinguished,Able,Able,Able,Able,Able,Proficient,Able,Able,Able,Able,Legendary,Able,Able,Master,Respected,Able,Able,Able,Able,Able
Jollylama,https://emerald.puzzlepirates.com/yoweb/pirate.wm?classic=false&target=jollylama,http://emerald.puzzlepirates.com/media/emerald/portraits/0c6/73bc0233a45acea866c297f77ed67.jpg,Captain,First Mate,The Academia,Princess,Rum and Regrets,Petty Officer,Sayers Rock Navy,Ursa,1,Demolition Yard on Armstrong Island,3,Smoking Spice on Alkaid Island | Shipwrecked on Alkaid Island | Swill and Regrets on Sayers Rock,1,Clmdoughboy's Tailoring Stall on Admiral Island,6,Sigil Shack on Sayers Rock | Bungalow Bill on Admiral Island | Caddyshack on Admiral Island | Cabin Fever on Admiral Island | Canopy Manors on Alkaid Island | Guardians of the Gallery on Admiral Island,1,Shiinto,Rumored,Established,Eminent,Aspiring,Crafting,Piracy,Piracy,Crafting,Piracy,Crafting,Carousing,Crafting,Piracy,Carousing,Piracy,Piracy,Carousing,Piracy,Piracy,Piracy,Crafting,Carousing,Piracy,Carousing,Piracy,Crafting,Narrow,Expert,Solid,Novice,Solid,Novice,Neophyte,Broad,Solid,Apprentice,Weighty,Novice,Solid,Neophyte,Neophyte,Weighty,Weighty,Novice,Solid,Narrow,Expert,Novice,Able,Master,Proficient,Able,Proficient,Able,Able,Distinguished,Proficient,Able,Able,Able,Able,Able,Able,Master,Proficient,Able,Able,Able,Distinguished,Able
Cmdoughboy,https://emerald.puzzlepirates.com/yoweb/pirate.wm?classic=false&target=cmdoughboy,,,,,,,Stowaway,Scrimshaw Island Navy,Stork,0,,0,,0,,1,Sea Shack on Scrimshaw Island,0,,Aspiring,Aspiring,Aspiring,Aspiring,Crafting,Piracy,Piracy,Crafting,Piracy,Crafting,Carousing,Crafting,Piracy,Carousing,Piracy,Piracy,Carousing,Piracy,Piracy,Piracy,Crafting,Carousing,Piracy,Carousing,Piracy,Crafting,Novice,Novice,Novice,Novice,Novice,Novice,Novice,Novice,Novice,Novice,Novice,Novice,Novice,Novice,Novice,Novice,Novice,Novice,Novice,Novice,Novice,Novice,Able,Able,Able,Able,Able,Able,Able,Able,Able,Able,Able,Able,Able,Able,Able,Able,Able,Able,Able,Able,Able,Able
Aaeglar,https://emerald.puzzlepirates.com/yoweb/pirate.wm?classic=false&target=aaeglar,http://emerald.puzzlepirates.com/media/emerald/portraits/469/8a6ca422dc847c20544db86756d41.jpg,Senior Officer,,The Blue Bandits,Member,Twist of Fate,Petty Officer,Quetzal Island Navy,Orion,0,,0,,0,,7,Was A Marked Down Shack on Wissahickon Island | Milkshack on Wensleydale | Bungallows on Aimuari Island | Emu-ving on Up on Quetzal Island | Tortilla Villas on Chachapoya Island | Cthulhu Mansion on Admiral Island | Be Our Guest Gallery on Armstrong Island,1,Spiritualist,Aspiring,Aspiring,Aspiring,Aspiring,Crafting,Piracy,Piracy,Crafting,Piracy,Crafting,Carousing,Crafting,Piracy,Carousing,Piracy,Piracy,Carousing,Piracy,Piracy,Piracy,Crafting,Carousing,Piracy,Carousing,Piracy,Crafting,Narrow,Expert,Neophyte,Solid,Broad,Neophyte,Novice,Broad,Apprentice,Novice,Solid,Broad,Solid,Solid,Neophyte,Broad,Solid,Novice,Narrow,Novice,Weighty,Novice,Proficient,Distinguished,Able,Respected,Proficient,Able,Distinguished,Distinguished,Proficient,Able,Proficient,Respected,Distinguished,Ultimate,Proficient,Proficient,Master,Able,Grand-Master,Proficient,Master,Able
Outlander,https://emerald.puzzlepirates.com/yoweb/pirate.wm?classic=false&target=outlander,http://emerald.puzzlepirates.com/media/emerald/portraits/bd4/f2a77cd34a60416eeabf5d7280e66.jpg,Captain,Bilge Rat,The Mob,Queen,Late Night Hoes,Admiral,Arakoua Island Navy,Ibis,13,Two Dock Shakur on Armstrong Island | Drop it Like it's Yacht on Armstrong Island | Guppy Yard on Caravanserai Island | Dock Dre on Armstrong Island | Triceratops on Arakoua Island | Wasted Bastards on Caravanserai Island | The Mightiest Shipyard on Caravanserai Island | Mastodons on Arakoua Island | The Mighty Yard on Caravanserai Island | Veclothiraptor on Arakoua Island | Nautical With Attitude on Armstrong Island | Stringasaurus on Arakoua Island | Happy Little Drugs on Bowditch Island,13,Weave No Trace on Caravanserai Island | Fondle My Balls on Bowditch Island | Sailing Rent Free on Arakoua Island | Great Rack on Admiral Island | Black Sails on Armstrong Island | Happy Little Threads on Bowditch Island | Sugar and Spice on Caravanserai Island | Happy Little Masts on Bowditch Island | Happy Little Flags on Bowditch Island | Happy Little Frigs on Bowditch Island | Cowboy on Admiral Island | Beat the Balls on Bowditch Island | Mesozoic Masts on Arakoua Island,1,Blaviken's Tailoring Stall on Admiral Island,24,The Dove Shack on Armstrong Island | Pine Boxes on Aimuari Island | Shack Macaque on Alkaid Island | Caddyshack on Admiral Island | Love Shack on Caravanserai Island | Jurassic Shack on Arakoua Island | Sigil Shack on Sayers Rock | Bungalow Bill on Admiral Island | King Kottage on Admiral Island | Hero Houses on Barbary Island | Funky Townhouse on Caravanserai Island | Jurassic Shack on Arakoua Island | The Cuckoo's Nest on Quetzal Island | Caddyshack on Admiral Island | Caddyshack on Admiral Island | Cambrian Cabins on Arakoua Island | Cambrian Cabins on Arakoua Island | Mayfair Mansions on Pukru Island | Row Me Daddy on Admiral Island | Live Organ Townhouses on Bowditch Island | Bedside Manors on Admiral Island | Villas of Jericho on Arakoua Island | Poseidon's Castle on Scrimshaw Island | Guardians of the Gallery on Admiral Island,0,,Aspiring,Celebrated,Renowned,Aspiring,Crafting,Piracy,Piracy,Crafting,Piracy,Crafting,Carousing,Crafting,Piracy,Carousing,Piracy,Piracy,Carousing,Piracy,Piracy,Piracy,Crafting,Carousing,Piracy,Carousing,Piracy,Crafting,Weighty,Solid,Expert,Broad,Illustrious,Expert,Neophyte,Solid,Illustrious,Novice,Illustrious,Solid,Solid,Expert,Solid,Exalted,Expert,Novice,Solid,Apprentice,Expert,Weighty,Renowned,Proficient,Distinguished,Respected,Master,Distinguished,Able,Ultimate,Distinguished,Able,Distinguished,Distinguished,Renowned,Proficient,Renowned,Ultimate,Master,Able,Distinguished,Able,Grand-Master,Grand-Master
Anichi,https://emerald.puzzlepirates.com/yoweb/pirate.wm?classic=false&target=anichi,http://emerald.puzzlepirates.com/media/emerald/portraits/70c/e9b92547814629228b2eab590b914.jpg,Senior Officer,Explosives Expert,The Mob,Princess,Late Night Hoes,Chief Petty Officer,Admiral Island Navy,Gull,5,Here Comes The Frigs on Caravanserai Island | Fondle My Balls on Bowditch Island | Sloop-La-Di | Sloop-La-Da on Caravanserai Island | Beat the Balls on Bowditch Island,12,Sailing Rent Free on Arakoua Island | Great Rack on Admiral Island | Happy Little Threads on Bowditch Island | Triceratops on Arakoua Island | Happy Little Masts on Bowditch Island | The Mightiest Shipyard on Caravanserai Island | Mastodons on Arakoua Island | Happy Little Flags on Bowditch Island | Happy Little Frigs on Bowditch Island | Veclothiraptor on Arakoua Island | Stringasaurus on Arakoua Island | Happy Little Drugs on Bowditch Island,2,Anichi's Ironworking Stall on Admiral Island | Rhay's Distilling Stall on Kasidim Island,11,Shack eel Oh Kneel on Blackthorpe Island | Shack Macaque on Alkaid Island | Bungalow Bill on Admiral Island | Row Me Daddy on Admiral Island | Villa Las Vegas on Admiral Island | Love Shack on Caravanserai Island | Caddyshack on Admiral Island | Cottage Cleese Shop on Bowditch Island | Hero Houses on Barbary Island | Villa Las Vegas on Admiral Island | Whisking Whale Road on Arakoua Island,0,,Aspiring,Celebrated,Celebrated,Aspiring,Crafting,Piracy,Piracy,Crafting,Piracy,Crafting,Carousing,Crafting,Piracy,Carousing,Piracy,Piracy,Carousing,Piracy,Piracy,Piracy,Crafting,Carousing,Piracy,Carousing,Piracy,Crafting,Solid,Solid,Solid,Solid,Narrow,Novice,Novice,Solid,Broad,Apprentice,Narrow,Broad,Solid,Broad,Novice,Narrow,Solid,Solid,Neophyte,Novice,Illustrious,Neophyte,Proficient,Ultimate,Distinguished,Grand-Master,Proficient,Able,Able,Grand-Master,Able,Able,Proficient,Proficient,Able,Proficient,Able,Proficient,Master,Proficient,Able,Proficient,Renowned,Proficient
Barrys,https://emerald.puzzlepirates.com/yoweb/pirate.wm?classic=false&target=barrys,http://emerald.puzzlepirates.com/media/emerald/portraits/d61/b2e802defa8603f4fe2f2504e75e9.jpg,Senior Officer,Bait,The Mob,Princess,Late Night Hoes,Lieutenant,Admiral Island Navy,Gull,6,Sailing Rent Free on Arakoua Island | Great Rack on Admiral Island | Happy Little Threads on Bowditch Island | Happy Little Masts on Bowditch Island | Happy Little Flags on Bowditch Island | Happy Little Frigs on Bowditch Island,10,Fondle My Balls on Bowditch Island | Guppy Yard on Caravanserai Island | Triceratops on Arakoua Island | The Mightiest Shipyard on Caravanserai Island | Mastodons on Arakoua Island | The Mighty Yard on Caravanserai Island | Veclothiraptor on Arakoua Island | Stringasaurus on Arakoua Island | Beat the Balls on Bowditch Island | Happy Little Drugs on Bowditch Island,2,Anichi's Ironworking Stall on Admiral Island | Rosieex's Tailoring Stall on Admiral Island,12,Caddyshack on Admiral Island | Love Shack on Caravanserai Island | Cottage Cleese Shop on Bowditch Island | Love Shack on Caravanserai Island | Cabin Fever on Admiral Island | Row Me Daddy on Admiral Island | Bringing Town the House on Admiral Island | Bedside Manors on Admiral Island | Villa Las Vegas on Admiral Island | Whisking Whale Road on Arakoua Island | Guardians of the Gallery on Admiral Island | Guardians of the Gallery on Admiral Island,0,,Aspiring,Eminent,Celebrated,Aspiring,Crafting,Piracy,Piracy,Crafting,Piracy,Crafting,Carousing,Crafting,Piracy,Carousing,Piracy,Piracy,Carousing,Piracy,Piracy,Piracy,Crafting,Carousing,Piracy,Carousing,Piracy,Crafting,Broad,Solid,Weighty,Narrow,Solid,Expert,Apprentice,Solid,Solid,Novice,Expert,Solid,Solid,Paragon,Narrow,Solid,Solid,Apprentice,Solid,Neophyte,Weighty,Solid,Distinguished,Ultimate,Master,Proficient,Legendary,Respected,Distinguished,Master,Master,Able,Legendary,Ultimate,Proficient,Respected,Legendary,Ultimate,Legendary,Able,Grand-Master,Distinguished,Respected,Legendary
Discrims,https://emerald.puzzlepirates.com/yoweb/pirate.wm?classic=false&target=discrims,,Senior Officer,,The Mob,Prince,Late Night Hoes,Stowaway,Wensleydale Navy,Gull,0,,0,,0,,1,Milkshack on Wensleydale,0,,Aspiring,Aspiring,Aspiring,Aspiring,Crafting,Piracy,Piracy,Crafting,Piracy,Crafting,Carousing,Crafting,Piracy,Carousing,Piracy,Piracy,Carousing,Piracy,Piracy,Piracy,Crafting,Carousing,Piracy,Carousing,Piracy,Crafting,Novice,Novice,Novice,Novice,Novice,Novice,Novice,Novice,Novice,Novice,Novice,Novice,Novice,Novice,Novice,Novice,Novice,Novice,Novice,Novice,Novice,Novice,Able,Able,Able,Able,Able,Able,Able,Able,Able,Able,Able,Able,Able,Able,Able,Able,Able,Able,Able,Able,Able,Able
Dexedrine,https://emerald.puzzlepirates.com/yoweb/pirate.wm?classic=false&target=dexedrine,http://emerald.puzzlepirates.com/media/emerald/portraits/e6b/458b8dd34e9edc128c7b02b8d9e86.jpg,Senior Officer,Politician,The Mob,Lord,Late Night Hoes,Commander,Admiral Island Navy,Gull,0,,1,Triceratops on Arakoua Island,0,,7,Pine Boxes on Aimuari Island | Caddyshack on Admiral Island | Bedside Manors on Admiral Island | Jurassic Shack on Arakoua Island | King Kottage on Admiral Island | A State Of Love & Happiness on Aimuari Island | Guardians of the Gallery on Admiral Island,17,Blinksy | Bronzy | Capnray | Fattalex | Feniiah | Iaago | Koax | Lengthy | Ninjy | Outlander | Satisfies | Sheidheda | Stormiee | Strategyy | Todeshund | Umami | Zinke,Aspiring,Aspiring,Established,Aspiring,Crafting,Piracy,Piracy,Crafting,Piracy,Crafting,Carousing,Crafting,Piracy,Carousing,Piracy,Piracy,Carousing,Piracy,Piracy,Piracy,Crafting,Carousing,Piracy,Carousing,Piracy,Crafting,Apprentice,Expert,Solid,Solid,Weighty,Neophyte,Novice,Solid,Solid,Novice,Broad,Solid,Weighty,Weighty,Apprentice,Solid,Illustrious,Novice,Broad,Apprentice,Weighty,Broad,Proficient,Ultimate,Ultimate,Renowned,Ultimate,Able,Distinguished,Ultimate,Master,Able,Proficient,Grand-Master,Proficient,Legendary,Legendary,Renowned,Ultimate,Able,Ultimate,Proficient,Ultimate,Master
Encode,https://emerald.puzzlepirates.com/yoweb/pirate.wm?classic=false&target=encode,http://emerald.puzzlepirates.com/media/emerald/portraits/5b9/60fbb6a053e487ecb07f960a88b0a.jpg,Senior Officer,Explosives Expert,Tilted,Prince,Late Night Hoes,Lieutenant,Admiral Island Navy,Gull,0,,4,Happy Little Frigs on Bowditch Island | Happy Little Masts on Bowditch Island | Happy Little Threads on Bowditch Island | Happy Little Flags on Bowditch Island,0,,4,Adobe Abode on Chachapoya Island | King Kottage on Admiral Island | Caddyshack on Admiral Island | Whisking Whale Road on Arakoua Island,0,,Aspiring,Established,Rumored,Aspiring,Crafting,Piracy,Piracy,Crafting,Piracy,Crafting,Carousing,Crafting,Piracy,Carousing,Piracy,Piracy,Carousing,Piracy,Piracy,Piracy,Crafting,Carousing,Piracy,Carousing,Piracy,Crafting,Solid,Broad,Weighty,Narrow,Solid,Novice,Novice,Narrow,Solid,Solid,Solid,Weighty,Solid,Weighty,Narrow,Solid,Narrow,Novice,Broad,Novice,Illustrious,Solid,Renowned,Legendary,Grand-Master,Ultimate,Master,Able,Respected,Distinguished,Legendary,Able,Grand-Master,Master,Proficient,Master,Grand-Master,Ultimate,Legendary,Able,Master,Respected,Legendary,Ultimate
Joeyjoe,https://emerald.puzzlepirates.com/yoweb/pirate.wm?classic=false&target=joeyjoe,http://emerald.puzzlepirates.com/media/emerald/portraits/72c/9b1988058f118944fe815ddceaee5.jpg,Senior Officer,First Mate,Reign of Terror,Lord,Late Night Hoes,Lieutenant Commander,Admiral Island Navy,Gull,3,Bad Threads on Alkaid Island | Cold Blooded on Alkaid Island | Killer Vessels on The Lowland Hundred,0,,0,,8,Adobe Abode on Chachapoya Island | Pine Boxes on Aimuari Island | Munky Town on Alkaid Island | Bedside Manors on Admiral Island | Bedside Manors on Admiral Island | Only a Manor of Time on Aimuari Island | The Great Estate on Admiral Island | The Great Estate on Admiral Island,12,Bunnibun | Cheezz | Crazotiic | Flamingboat | Sheidheda | Shoyoroll | Skittlemiss | Uzed | Wagers | Xpac | Youngkdog | Zakilla,Aspiring,Aspiring,Aspiring,Aspiring,Crafting,Piracy,Piracy,Crafting,Piracy,Crafting,Carousing,Crafting,Piracy,Carousing,Piracy,Piracy,Carousing,Piracy,Piracy,Piracy,Crafting,Carousing,Piracy,Carousing,Piracy,Crafting,Neophyte,Solid,Paragon,Solid,Solid,Neophyte,Narrow,Solid,Weighty,Neophyte,Solid,Solid,Expert,Solid,Broad,Solid,Narrow,Neophyte,Solid,Broad,Solid,Novice,Able,Respected,Ultimate,Ultimate,Distinguished,Proficient,Able,Proficient,Master,Able,Able,Master,Grand-Master,Proficient,Able,Proficient,Proficient,Able,Proficient,Proficient,Master,Able
Sheidheda,https://emerald.puzzlepirates.com/yoweb/pirate.wm?classic=false&target=sheidheda,http://emerald.puzzlepirates.com/media/emerald/portraits/d0b/31e20cf7cb647e0d3a5da9d4b1867.jpg,Captain,Treasurer,Reign of Terror,Prince,Late Night Hoes,Ensign,Admiral Island Navy,Gull,0,,1,Mastodons on Arakoua Island,0,,5,Pine Boxes on Aimuari Island | The Great Estate on Admiral Island | Bedside Manors on Admiral Island | Whisking Whale Road on Arakoua Island | Guardians of the Gallery on Admiral Island,11,Anichi | Barrys | Blinkyy | Bunnibun | Convictt | Dexedrine | Joeyjoe | License | Outlander | Skittlemiss | Strategyy,Aspiring,Aspiring,Aspiring,Obscure,Crafting,Piracy,Piracy,Crafting,Piracy,Crafting,Carousing,Crafting,Piracy,Carousing,Piracy,Piracy,Carousing,Piracy,Piracy,Piracy,Crafting,Carousing,Piracy,Carousing,Piracy,Crafting,Novice,Apprentice,Broad,Novice,Solid,Novice,Novice,Novice,Weighty,Novice,Weighty,Broad,Solid,Broad,Novice,Weighty,Novice,Novice,Broad,Novice,Broad,Novice,Able,Proficient,Proficient,Able,Renowned,Able,Proficient,Able,Grand-Master,Able,Able,Proficient,Grand-Master,Able,Proficient,Proficient,Able,Able,Renowned,Able,Able,Able
Skittlemiss,https://emerald.puzzlepirates.com/yoweb/pirate.wm?classic=false&target=skittlemiss,http://emerald.puzzlepirates.com/media/emerald/portraits/f31/bd2aeb6ac76e010d536169d529857.jpg,Senior Officer,,Tilted,Princess,Late Night Hoes,Captain,Admiral Island Navy,Gull,0,,3,Happy Little Frigs on Bowditch Island | Happy Little Masts on Bowditch Island | Sailing Rent Free on Arakoua Island,0,,7,Caddyshack on Admiral Island | Stab In Cabin on Aimuari Island | Only a Manor of Time on Aimuari Island | Cottagious Disease on Aimuari Island | Jonestown Houses on Aimuari Island | Whisking Whale Road on Arakoua Island | Gallery of Gilgul on Sayers Rock,0,,Aspiring,Aspiring,Aspiring,Aspiring,Crafting,Piracy,Piracy,Crafting,Piracy,Crafting,Carousing,Crafting,Piracy,Carousing,Piracy,Piracy,Carousing,Piracy,Piracy,Piracy,Crafting,Carousing,Piracy,Carousing,Piracy,Crafting,Weighty,Solid,Expert,Expert,Weighty,Apprentice,Broad,Broad,Solid,Narrow,Solid,Apprentice,Illustrious,Broad,Broad,Revered,Solid,Apprentice,Broad,Narrow,Solid,Neophyte,Distinguished,Ultimate,Ultimate,Respected,Master,Proficient,Proficient,Distinguished,Master,Able,Distinguished,Distinguished,Respected,Distinguished,Respected,Ultimate,Able,Able,Master,Able,Ultimate,Respected
Swizzo,https://emerald.puzzlepirates.com/yoweb/pirate.wm?classic=false&target=swizzo,http://emerald.puzzlepirates.com/media/emerald/portraits/d3d/dfd28afd02f9a2df4fab5c8a416fb.jpg,Senior Officer,First Mate,The Mob,Lord,Late Night Hoes,Admiral,Admiral Island Navy,Gull,0,,0,,0,,10,Sidekick Shacks on Barbary Island | Caddyshack on Admiral Island | Shack Macaque on Alkaid Island | Sea Shack on Scrimshaw Island | What the Cabins on Bowditch Island | Bedside Manors on Admiral Island | Sea Shack on Scrimshaw Island | Stab In Cabin on Aimuari Island | Cottage Cove on Scrimshaw Island | Jonestown Houses on Aimuari Island,0,,Aspiring,Aspiring,Aspiring,Aspiring,Crafting,Piracy,Piracy,Crafting,Piracy,Crafting,Carousing,Crafting,Piracy,Carousing,Piracy,Piracy,Carousing,Piracy,Piracy,Piracy,Crafting,Carousing,Piracy,Carousing,Piracy,Crafting,Novice,Solid,Revered,Expert,Paragon,Neophyte,Apprentice,Weighty,Solid,Novice,Expert,Expert,Expert,Sublime,Narrow,Solid,Expert,Novice,Weighty,Apprentice,Weighty,Neophyte,Able,Grand-Master,Legendary,Ultimate,Renowned,Able,Grand-Master,Ultimate,Master,Able,Grand-Master,Ultimate,Proficient,Ultimate,Master,Ultimate,Legendary,Able,Ultimate,Grand-Master,Legendary,Distinguished
Uzed,https://emerald.puzzlepirates.com/yoweb/pirate.wm?classic=false&target=uzed,http://emerald.puzzlepirates.com/media/emerald/portraits/016/0b051bfe51888abccd82d38049a15.jpg,Senior Officer,Politician,Tilted,Lord,Late Night Hoes,Lieutenant Commander,Admiral Island Navy,Gull,0,,9,Happy Little Masts on Bowditch Island | The Mightiest Shipyard on Caravanserai Island | Mastodons on Arakoua Island | Sailing Rent Free on Arakoua Island | The Mighty Yard on Caravanserai Island | Happy Little Flags on Bowditch Island | Happy Little Frigs on Bowditch Island | Guppy Yard on Caravanserai Island | Happy Little Threads on Bowditch Island,0,,4,The Cuckoo's Nest on Quetzal Island | Caddyshack on Admiral Island | King Kottage on Admiral Island | Villa Las Vegas on Admiral Island,1,Euphoria,Aspiring,Obscure,Rumored,Aspiring,Crafting,Piracy,Piracy,Crafting,Piracy,Crafting,Carousing,Crafting,Piracy,Carousing,Piracy,Piracy,Carousing,Piracy,Piracy,Piracy,Crafting,Carousing,Piracy,Carousing,Piracy,Crafting,Narrow,Narrow,Solid,Novice,Weighty,Novice,Novice,Apprentice,Solid,Novice,Solid,Broad,Solid,Solid,Neophyte,Solid,Broad,Neophyte,Broad,Novice,Expert,Broad,Proficient,Distinguished,Distinguished,Able,Master,Able,Able,Renowned,Legendary,Able,Renowned,Distinguished,Able,Distinguished,Proficient,Respected,Distinguished,Able,Respected,Able,Master,Grand-Master
Bea,https://emerald.puzzlepirates.com/yoweb/pirate.wm?classic=false&target=bea,,Senior Officer,,Tilted,Lady,Late Night Hoes,Chief Petty Officer,Admiral Island Navy,Gull,0,,3,Best Dressed In Town on Alkaid Island | Jurrasic Potions on Arakoua Island | Tyrumosaurus on Arakoua Island,0,,3,The Cuckoo's Nest on Quetzal Island | Guardians of the Gallery on Admiral Island | Bringing Town the House on Admiral Island,3,Phaeirie | Samblack | Skittlemiss,Aspiring,Aspiring,Aspiring,Aspiring,Crafting,Piracy,Piracy,Crafting,Piracy,Crafting,Carousing,Crafting,Piracy,Carousing,Piracy,Piracy,Carousing,Piracy,Piracy,Piracy,Crafting,Carousing,Piracy,Carousing,Piracy,Crafting,Apprentice,Solid,Solid,Narrow,Weighty,Solid,Novice,Narrow,Broad,Novice,Weighty,Solid,Novice,Narrow,Apprentice,Illustrious,Broad,Novice,Apprentice,Novice,Weighty,Neophyte,Proficient,Distinguished,Respected,Distinguished,Respected,Distinguished,Able,Master,Distinguished,Able,Respected,Respected,Able,Able,Renowned,Legendary,Distinguished,Able,Master,Able,Distinguished,Distinguished
Euphoria,https://emerald.puzzlepirates.com/yoweb/pirate.wm?classic=false&target=euphoria,http://emerald.puzzlepirates.com/media/emerald/portraits/39d/92351794d541baa63548ac80a8723.jpg,Captain,Decorator,Pho Real,Queen,My Bad,Admiral,Admiral Island Navy,Gull,1,Threads of Culture on Admiral Island,4,My Bad Masts on Admiral Island | My Bad Spice on Admiral Island | My Bad Balls on Bowditch Island | Queef Balls on Armstrong Island,0,,12,Row Me Daddy on Admiral Island | The Great Estate on Admiral Island | The Dove Shack on Armstrong Island | Milkshack on Wensleydale | King Kottage on Admiral Island | Row Me Daddy on Admiral Island | Manor of Steel on Barbary Island | Villa of the Damned on Aimuari Island | Villa Las Vegas on Admiral Island | Villa Las Vegas on Admiral Island | The Great Estate on Admiral Island | Be Our Guest Gallery on Armstrong Island,1,Pickfriendly,Aspiring,Aspiring,Aspiring,Aspiring,Crafting,Piracy,Piracy,Crafting,Piracy,Crafting,Carousing,Crafting,Piracy,Carousing,Piracy,Piracy,Carousing,Piracy,Piracy,Piracy,Crafting,Carousing,Piracy,Carousing,Piracy,Crafting,Solid,Narrow,Paragon,Solid,Illustrious,Solid,Novice,Broad,Illustrious,Narrow,Paragon,Novice,Illustrious,Paragon,Apprentice,Sublime,Solid,Neophyte,Narrow,Neophyte,Illustrious,Novice,Respected,Distinguished,Distinguished,Master,Distinguished,Distinguished,Proficient,Proficient,Master,Able,Distinguished,Able,Able,Respected,Ultimate,Master,Distinguished,Able,Ultimate,Respected,Proficient,Able
Aceyy,https://emerald.puzzlepirates.com/yoweb/pirate.wm?classic=false&target=aceyy,http://emerald.puzzlepirates.com/media/emerald/portraits/a94/c811419f9c4cc92d8e67ff046934f.jpg,Senior Officer,First Mate,Pho Real,Prince,My Bad,Commander,Admiral Island Navy,Gull,0,,7,My Bad Masts on Admiral Island | My Bad Spice on Bowditch Island | Suit & Tie on Caravanserai Island | My Bad Balls on Bowditch Island | My Bad Spice on Admiral Island | Threads of Culture on Admiral Island | The longest ships on Sayers Rock,1,Charters's Shipbuilding Stall on Hubble's Eye,35,Pine Boxes on Aimuari Island | Shack Macaque on Alkaid Island | Milkshack on Wensleydale | The Cuckoo's Nest on Quetzal Island | Was A Marked Down Shack on Wissahickon Island | Homestead Hut on Lincoln Island | Caddyshack on Admiral Island | Love Shack on Caravanserai Island | Riemann Slums on Descartes Isle | Shack eel Oh Kneel on Blackthorpe Island | The Dove Shack on Armstrong Island | Sidekick Shacks on Barbary Island | Sea Shack on Scrimshaw Island | Aural Shacks on Bowditch Island | Sigil Shack on Sayers Rock | Jurassic Shack on Arakoua Island | Shacky Doo on Hubble's Eye | Stab In Cabin on Aimuari Island | Cabin Fever on Admiral Island | Bungalow Bill on Admiral Island | King Kottage on Admiral Island | Villa Las Vegas on Admiral Island | Cthulhu Mansion on Admiral Island | Sea Shack on Scrimshaw Island | Minute House on Greenwich Island | Coral Cabins on Scrimshaw Island | Cabin Fever on Admiral Island | Bungalow Bill on Admiral Island | Bungalow Bill on Admiral Island | Cottagious Disease on Aimuari Island | Cottage Cove on Scrimshaw Island | Jonestown Houses on Aimuari Island | Only a Manor of Time on Aimuari Island | Cthulhu Mansion on Admiral Island | The Great Estate on Admiral Island,2,Alayziah | Chickynuggy,Aspiring,Rumored,Eminent,Aspiring,Crafting,Piracy,Piracy,Crafting,Piracy,Crafting,Carousing,Crafting,Piracy,Carousing,Piracy,Piracy,Carousing,Piracy,Piracy,Piracy,Crafting,Carousing,Piracy,Carousing,Piracy,Crafting,Solid,Solid,Paragon,Weighty,Solid,Narrow,Narrow,Expert,Weighty,Broad,Solid,Weighty,Paragon,Solid,Narrow,Revered,Weighty,Apprentice,Expert,Broad,Illustrious,Weighty,Respected,Distinguished,Legendary,Distinguished,Grand-Master,Able,Able,Master,Proficient,Able,Able,Renowned,Proficient,Grand-Master,Renowned,Master,Proficient,Able,Ultimate,Able,Proficient,Grand-Master
Odds,https://emerald.puzzlepirates.com/yoweb/pirate.wm?classic=false&target=odds,http://emerald.puzzlepirates.com/media/emerald/portraits/897/932035107f020f924b266cf560ed0.jpg,,,,,,Commander,Admiral Island Navy,Gull,4,My Bad Masts on Admiral Island | My Bad Spice on Admiral Island | My Bad Threads on Admiral Island | My Bad Balls on Bowditch Island,3,My Bad Spice on Bowditch Island | Primative Potions on Alkaid Island | Queef Balls on Armstrong Island,0,,11,Pine Boxes on Aimuari Island | Love Shack on Caravanserai Island | Caddyshack on Admiral Island | Was A Marked Down Shack on Wissahickon Island | Shack Macaque on Alkaid Island | King Kottage on Admiral Island | Row Me Daddy on Admiral Island | Cthulhu Mansion on Admiral Island | Milkshack on Wensleydale | Cabin Fever on Admiral Island | Gallery of Gilgul on Sayers Rock,13,Absolum | Aceyy | Disengaged | Euphoria | Flucinn | Izziecakes | Lengthy | Ruxo | Sincap | Straft | Toddler | Vanin | Yburr,Aspiring,Aspiring,Aspiring,Aspiring,Crafting,Piracy,Piracy,Crafting,Piracy,Crafting,Carousing,Crafting,Piracy,Carousing,Piracy,Piracy,Carousing,Piracy,Piracy,Piracy,Crafting,Carousing,Piracy,Carousing,Piracy,Crafting,Narrow,Solid,Expert,Solid,Expert,Narrow,Broad,Solid,Weighty,Revered,Illustrious,Solid,Illustrious,Expert,Novice,Solid,Paragon,Broad,Solid,Apprentice,Expert,Solid,Proficient,Grand-Master,Ultimate,Ultimate,Master,Proficient,Ultimate,Legendary,Legendary,Ultimate,Legendary,Ultimate,Proficient,Ultimate,Renowned,Master,Legendary,Ultimate,Ultimate,Ultimate,Distinguished,Legendary
Sincap,https://emerald.puzzlepirates.com/yoweb/pirate.wm?classic=false&target=sincap,http://emerald.puzzlepirates.com/media/emerald/portraits/bfb/ba4cfca0282d5fac1c2d69783f5cc.jpg,,,,,,Admiral,Admiral Island Navy,Gull,0,,7,My Bad Masts on Admiral Island | My Bad Spice on Admiral Island | My Bad Threads on Admiral Island | My Bad Spice on Bowditch Island | My Bad Spice on Sayers Rock | I Have Big Balls on Barbary Island | My Bad Balls on Bowditch Island,0,,7,Pine Boxes on Aimuari Island | The Great Estate on Admiral Island | King Kottage on Admiral Island | Row Me Daddy on Admiral Island | Bedside Manors on Admiral Island | Villa of the Damned on Aimuari Island | Cthulhu Mansion on Admiral Island,14,Bertaa | Bluerain | Bunnahabhain | Disengaged | Euphoria | Flucinn | Katsan | Kccat | Odds | Ruxo | Tontis | Vanin | Yassenn | Yburr,Aspiring,Aspiring,Aspiring,Aspiring,Crafting,Piracy,Piracy,Crafting,Piracy,Crafting,Carousing,Crafting,Piracy,Carousing,Piracy,Piracy,Carousing,Piracy,Piracy,Piracy,Crafting,Carousing,Piracy,Carousing,Piracy,Crafting,Apprentice,Solid,Weighty,Expert,Weighty,Neophyte,Apprentice,Broad,Illustrious,Broad,Solid,Solid,Expert,Solid,Broad,Solid,Solid,Broad,Solid,Narrow,Expert,Novice,Able,Grand-Master,Proficient,Renowned,Proficient,Proficient,Proficient,Grand-Master,Respected,Able,Able,Respected,Proficient,Proficient,Master,Distinguished,Distinguished,Proficient,Master,Able,Distinguished,Proficient
Straft,https://emerald.puzzlepirates.com/yoweb/pirate.wm?classic=false&target=straft,http://emerald.puzzlepirates.com/media/emerald/portraits/860/ccd7aaf2d0354e8ec9219ea0e63c0.jpg,Fleet Officer,,Capybara Cafe,Member,Crash Out,Admiral,Aimuari Island Navy,Orion,0,,2,The Hempire Strikes Back on Sayers Rock | Pillaging Incorporated on Sayers Rock,0,,6,The Dove Shack on Armstrong Island | Caddyshack on Admiral Island | The Cuckoo's Nest on Quetzal Island | Sidekick Shacks on Barbary Island | Bungallows on Aimuari Island | Villa of the Damned on Aimuari Island,8,Daftsadie | Helium | Senara | Sheownsme | Sirlimpsalot | Skinnyminnie | Troubledbob | Turtlefox,Aspiring,Aspiring,Rumored,Aspiring,Crafting,Piracy,Piracy,Crafting,Piracy,Crafting,Carousing,Crafting,Piracy,Carousing,Piracy,Piracy,Carousing,Piracy,Piracy,Piracy,Crafting,Carousing,Piracy,Carousing,Piracy,Crafting,Solid,Expert,Illustrious,Solid,Expert,Solid,Narrow,Expert,Paragon,Broad,Illustrious,Solid,Expert,Paragon,Solid,Paragon,Expert,Broad,Weighty,Broad,Expert,Broad,Distinguished,Distinguished,Legendary,Proficient,Renowned,Proficient,Distinguished,Legendary,Respected,Able,Renowned,Master,Distinguished,Ultimate,Grand-Master,Distinguished,Grand-Master,Proficient,Master,Able,Grand-Master,Respected
Cheryll,https://emerald.puzzlepirates.com/yoweb/pirate.wm?classic=false&target=cheryll,http://emerald.puzzlepirates.com/media/emerald/portraits/1ab/9f93285f42c357b06f26c65bb7d72.jpg,Captain,Diplomat,Privateers,Queen,Black Flag,Admiral,Admiral Island Navy,Gull,9,Peat Oak on Isle of Kent | Cherry Blossom on Barbary Island | Smash on Caravanserai Island | Kentucky Palace on Isle of Kent | Hempasaurus Rex on Arakoua Island | Budding Traders on Isle of Kent | The Dadao Parrot on Bowditch Island | GoldenDye on Admiral Island | The Incredible Hull on Barbary Island,11,The Royal Weaver on Admiral Island | Licence to Swill on Admiral Island | The Royal Potion on Admiral Island | Prydwen on Bowditch Island | Ball So Hard on Caravanserai Island | The Royal Clothier on Admiral Island | Quickie Mart on Kashgar Island | Kegs-R-Us on Kashgar Island | Hedge Cutters on Isle of Kent | Thread Wringers on Admiral Island | Butter Mug on Isle of Kent,0,,8,Milkshack on Wensleydale | Bringing Town the House on Admiral Island | Villa Las Vegas on Admiral Island | Cheesy Pun on Wensleydale | The Great Estate on Admiral Island | The Great Estate on Admiral Island | The Great Estate on Admiral Island | Guardians of the Gallery on Admiral Island,1,Crazydonkey,Aspiring,Rumored,Eminent,Aspiring,Crafting,Piracy,Piracy,Crafting,Piracy,Crafting,Carousing,Crafting,Piracy,Carousing,Piracy,Piracy,Carousing,Piracy,Piracy,Piracy,Crafting,Carousing,Piracy,Carousing,Piracy,Crafting,Paragon,Paragon,Exalted,Solid,Sublime,Weighty,Apprentice,Illustrious,Sublime,Solid,Illustrious,Expert,Sublime,Revered,Broad,Sublime,Illustrious,Broad,Expert,Narrow,Illustrious,Solid,Master,Ultimate,Master,Master,Distinguished,Distinguished,Proficient,Legendary,Distinguished,Proficient,Distinguished,Respected,Respected,Proficient,Able,Respected,Renowned,Able,Distinguished,Proficient,Ultimate,Master
Boomshots,https://emerald.puzzlepirates.com/yoweb/pirate.wm?classic=false&target=boomshots,http://emerald.puzzlepirates.com/media/emerald/portraits/999/8e79405e5c3d760c6735a5558efe6.jpg,Senior Officer,Monster Hunter,Wanted ll,Lord,Black Flag,Lieutenant Commander,Admiral Island Navy,Gull,0,,1,Kegs-R-Us on Kashgar Island,0,,1,The Great Estate on Admiral Island,332,Alexco | Alitar | Amillia | Andoran | Anellia | Annto | Ardash | Arialover | Ashcrow | Aurorabones | Ausausaus | Avatarj | Avienda | Ayani | Badjobber | Balouche | Battal | Beia | Betty | Birdeh | Bisca | Blacksmokej | Blackteach | Bluedaemon | Bonna | Bookly | Bootymo | Brachy | Brocket | Bubbleyummy | Bwchurch | Byobsoul | Bythestars | Camelrider | Canadagoose | Capablanca | Capmo | Capsing | Captainkelty | Carpaccio | Cases | Charika | Chartable | Chatita | Cherilicious | Cheryll | Chimpduck | Cinderpool | Ckmelody | Clovestdk | Codefish | Colegg | Condoor | Crazydonkey | Cynestria | Czarina | Daftsadie | Daquan | Darlie | Darlingest | Davidek | Daxskipster | Deathhunter | Deepside | Dekay | Delores | Dignity | Dlaria | Doggieb | Doghnut | Doseofcudi | Dotterbart | Dragonsfire | Dragonskeep | Dreamsayer | Dreamynose | Dwyder | Ehabeby | Eldodd | Electro | Elsol | Embargo | Emerlaus | Empathetic | Ennazus | Enyalios | Eriica | Evocation | Exaulted | Exparte | Favela | Fenixrise | Filthyjake | Finishedlast | Firedan | Fools | Fretfuls | Fritbri | Getahelmet | Goblins | Gonez | Goobz | Gorbatsjov | Gschatzi | Gwendolyne | Haiyou | Hangh | Headshots | Helenp | Hexhunter | Homtrix | Hugoboss | Icce | Icemiyuki | Icerider | Ifairmaidenl | Igboo | Imaduck | Imrans | Imstoned | Infectiouss | Inkyduck | Ivyy | Jaxxa | Jbghost | Jfmaa | Jieret | Jimmiebuffet | Jinglebelle | Jobforkh | Jonxthexkite | Jstgeorge | Justu | Kageri | Kaltrina | Kalynalt | Karupin-West | Katsan | Kcalany | Kenchio | Kersje | Kichi | Kikinoki | Kiva | Knecht | Koax | Kriosx | Kromf | Kumari | Ladybonna | Lani | Latix | Leenieboo | Legendu | Likeeaboss | Lindseyloo | Lithien | Littleus | Lj | Lobosterazo | Loiosch | Longpaul | Loupoe | Lovelylass | Lucicafer | Luciely | Lululala | Lulularousse | Lunaplata | Magiere | Mahtia | Maidenfair | Malliik | Margaroo | Mariusz | Masterdodo | Masters | Mcgie | Meaganz | Meeow | Mehide | Melee | Minigun | Minirob | Misteryoyo | Monlizzy | Mrboom | Mrchristian | Mrsqueak | Mukundgoel | Naphina | Narci | Narphus | Nastything | Nauty | Nayland | Nerdx | Ngarla | Nightkiller | Nilegod | Niv | Nolim | Notelaz | Nothudey | Noushka | Oceanbeast | Oddpoe | Oldpiratee | Oliverwood | Oompa | Outlander | Paimon | Palmtree | Palmu | Paperfroggy | Pella | Pengybr | Pepaya | Peperox | Petaparka | Pinkpearls | Pixxel | Polishx | Potts | Privatesam | Profy | Prudance | Pumadace | Quansha | Queenofspace | Quinnbarbosa | Ramengal | Ramenspice | Rechiva | Reclaim | Redcheek | Redtart | Rekin | Revkoolaid | Ricardinio | Rikko | Robbolad | Robey | Rohitpa | Romi | Rompinrabbit | Rosaliea | Roxane-East | Rriel | Rsolo | Ruhrpottcutt | Ruimiguel | Ruin | Rumdum | Rummie | Rytastic | Saintmistery | Sapphiregem | Sartlu | Sassi | Scotlandrule | Scrib | Sealdiver | Secutore | Seleenn | Shabana | Sherlocks | Sherry | Silverhammer | Siobhana | Sirlimpsalot | Skjold | Skytte | Smilodon | Snakehunter | Sorileea | Splashtache | Spookyy | Squelchyman | Sscc | Stargazie | Stripenose | Stumpbob | Subhadra | Superguido | Supremu | Swizzo | Sydney | Tacticss | Tandecker | Terrorted | Times | Tinkerbella | Titevie | Tosl | Touareg | Toxicsolo | Tribal | Trinamy | Tro | Trunks | Tykki | Tzz | Umami | Usidore | Vackert | Vampirekitty | Vancord | Vandalize | Vif | Vittario | Wackyraces | Warofwords | Willepi | Wilyam | Wiserytoo | Wizdom | Xcomplicated | Xoemerlaus | Yassenn | Yiu | Zafiron | Zantrix | Zeagull | Zeiknums | Zekalina | Zelin | Zilver | Zilvy | Zirra | Zofeya | Zompie,Aspiring,Aspiring,Aspiring,Aspiring,Crafting,Piracy,Piracy,Crafting,Piracy,Crafting,Carousing,Crafting,Piracy,Carousing,Piracy,Piracy,Carousing,Piracy,Piracy,Piracy,Crafting,Carousing,Piracy,Carousing,Piracy,Crafting,Novice,Solid,Expert,Novice,Illustrious,Novice,Novice,Broad,Paragon,Novice,Sublime,Neophyte,Broad,Expert,Broad,Illustrious,Illustrious,Neophyte,Narrow,Novice,Expert,Neophyte,Able,Ultimate,Distinguished,Able,Respected,Able,Able,Distinguished,Distinguished,Able,Master,Proficient,Renowned,Proficient,Master,Master,Master,Able,Legendary,Proficient,Respected,Able
Brocket,https://emerald.puzzlepirates.com/yoweb/pirate.wm?classic=false&target=brocket,http://emerald.puzzlepirates.com/media/emerald/portraits/804/e847a4476be5628946ef08ce0eb6a.jpg,Senior Officer,First Mate,Spirit of the Caribbean,Prince,Black Flag,Admiral,Sayers Rock Navy,Ursa,1,Prydwen on Bowditch Island,3,Eye-Witness Fashion on Pukru Island | The Rusting Dead on Aimuari Island | Cherry Blossom on Barbary Island,0,,11,Sigil Shack on Sayers Rock | Caddyshack on Admiral Island | Sea Shack on Scrimshaw Island | Gallery of Gilgul on Sayers Rock | Sea Shack on Scrimshaw Island | Adobe Abode on Chachapoya Island | Caddyshack on Admiral Island | Aural Shacks on Bowditch Island | The Dove Shack on Armstrong Island | King Kottage on Admiral Island | Only a Manor of Time on Aimuari Island,1,Amillia,Established,Established,Illustrious,Aspiring,Crafting,Piracy,Piracy,Crafting,Piracy,Crafting,Carousing,Crafting,Piracy,Carousing,Piracy,Piracy,Carousing,Piracy,Piracy,Piracy,Crafting,Carousing,Piracy,Carousing,Piracy,Crafting,Weighty,Illustrious,Paragon,Weighty,Illustrious,Solid,Narrow,Expert,Illustrious,Solid,Revered,Solid,Paragon,Weighty,Broad,Sublime,Sublime,Broad,Solid,Narrow,Expert,Weighty,Master,Respected,Proficient,Master,Respected,Proficient,Able,Renowned,Master,Proficient,Master,Distinguished,Able,Proficient,Able,Master,Renowned,Able,Able,Able,Distinguished,Respected
Chimpduck,https://emerald.puzzlepirates.com/yoweb/pirate.wm?classic=false&target=chimpduck,http://emerald.puzzlepirates.com/media/emerald/portraits/13e/acd4e24705610cc6a09cbcd50bac0.jpg,Senior Officer,Distiller,Privateers,Prince,Black Flag,Commander,Kashgar Island Navy,Tern,5,Dhowdevil on Barbary Island | Quickie Mart on Kashgar Island | Kegs-R-Us on Kashgar Island | Cut and Rum on Scrimshaw Island | Shut Up and Drink on Caravanserai Island,8,Licence to Swill on Admiral Island | Dirty Dyeing on Admiral Island | Captain Loomerang on Barbary Island | Paint Shop on Caravanserai Island | Smash on Caravanserai Island | Rusty Reaper on Aimuari Island | Crate Outline on Caravanserai Island | GoldenDye on Admiral Island,0,,19,Love Shack on Caravanserai Island | Sidekick Shacks on Barbary Island | Riemann Slums on Descartes Isle | Caddyshack on Admiral Island | Sea Shack on Scrimshaw Island | Shack Macaque on Alkaid Island | Cabin Fever on Admiral Island | Stab In Cabin on Aimuari Island | Just a Bungalow on Caravanserai Island | Bungallows on Aimuari Island | Bungalow Bill on Admiral Island | Love Shack on Caravanserai Island | Love Shack on Caravanserai Island | Pine Boxes on Aimuari Island | King Kottage on Admiral Island | Death Row on Aimuari Island | Bringing Town the House on Admiral Island | Bringing Town the House on Admiral Island | Bedside Manors on Admiral Island,1,Lcawte,Aspiring,Aspiring,Aspiring,Aspiring,Crafting,Piracy,Piracy,Crafting,Piracy,Crafting,Carousing,Crafting,Piracy,Carousing,Piracy,Piracy,Carousing,Piracy,Piracy,Piracy,Crafting,Carousing,Piracy,Carousing,Piracy,Crafting,Solid,Weighty,Solid,Solid,Weighty,Illustrious,Neophyte,Solid,Paragon,Narrow,Expert,Broad,Weighty,Weighty,Narrow,Sublime,Weighty,Broad,Broad,Narrow,Solid,Solid,Respected,Master,Respected,Respected,Master,Legendary,Able,Respected,Respected,Able,Master,Master,Grand-Master,Respected,Master,Ultimate,Grand-Master,Proficient,Renowned,Able,Legendary,Respected
Deepside,https://emerald.puzzlepirates.com/yoweb/pirate.wm?classic=false&target=deepside,http://emerald.puzzlepirates.com/media/emerald/portraits/b3c/057dfe058825535ae653f880346a2.jpg,Senior Officer,,Privateers,Lord,Black Flag,Admiral,Admiral Island Navy,Gull,0,,1,Daisy Dukes on Arakoua Island,0,,4,Pine Boxes on Aimuari Island | Shack Macaque on Alkaid Island | Caddyshack on Admiral Island | The Great Estate on Admiral Island,8,Beia | Carpaccio | Eriica | Legendhunter | Marioman | Meaganz | Validon | Zilver,Aspiring,Aspiring,Aspiring,Aspiring,Crafting,Piracy,Piracy,Crafting,Piracy,Crafting,Carousing,Crafting,Piracy,Carousing,Piracy,Piracy,Carousing,Piracy,Piracy,Piracy,Crafting,Carousing,Piracy,Carousing,Piracy,Crafting,Novice,Solid,Illustrious,Broad,Expert,Neophyte,Novice,Broad,Solid,Novice,Weighty,Illustrious,Weighty,Sublime,Solid,Weighty,Solid,Novice,Solid,Neophyte,Weighty,Narrow,Able,Ultimate,Legendary,Master,Legendary,Able,Able,Renowned,Grand-Master,Able,Ultimate,Ultimate,Proficient,Ultimate,Legendary,Grand-Master,Grand-Master,Able,Ultimate,Able,Distinguished,Distinguished
Imaduck,https://emerald.puzzlepirates.com/yoweb/pirate.wm?classic=false&target=imaduck,http://emerald.puzzlepirates.com/media/emerald/portraits/d8b/89cac74f4f2950c156061d8824040.jpg,Senior Officer,First Mate,Wanted ll,Princess,Black Flag,Ensign,Kashgar Island Navy,Tern,3,Tempest Dock on Aimuari Island | The Almighty Yard on Caravanserai Island | Gorilla Galleons on Alkaid Island,3,Adventures in Ball Making on Alkaid Island | Boats n Flows on Armstrong Island | The longest ships on Sayers Rock,6,Imaduck's Shipbuilding Stall on Pukru Island | Imaduck's Shipbuilding Stall on Descartes Isle | Imaduck's Shipbuilding Stall on Spaniel Island | Imaduck's Shipbuilding Stall on Greenwich Island | Imaduck's Shipbuilding Stall on Hubble's Eye | Imaduck's Shipbuilding Stall on Chachapoya Island,3,Sigil Shack on Sayers Rock | Cthulhu Mansion on Admiral Island | Cthulhu Mansion on Admiral Island,207,Adelaidean | Akrut | Alexixsz | Altaren | Ambrene | Anamari | Aquamman | Arvven | Ashcrow | Authority | Bairoun | Barcan-East | Beat | Bellaannie | Bigbro | Birdeh | Blacksmokej | Blokkertiger | Boarslayer | Bonna | Boomshots | Borac | Bungeegum | Caprio | Cases | Chaboogie | Charik | Chatita | Cheevalry | Chefsam | Cheryll | Chimpduck | Chromate | Cindytje | Cindytjee | Ckmelody | Cocacolas | Codefish | Cookie | Counting | Crystalchaos | Cyphoria | Czarina | Darley | Darthbaston | Daxskipster | Deepside | Domme | Dorama | Doulber | Doylebrunson | Dragonsfire | Dreamynose | Droidy | Drya | Dukeofwales | Dwolf | Eaae | Easyrun | Eckehart | Edjohn | Electriclime | Elkorsan | Engy | Ezzybelle | Favela | Felismajor | Goadalt | Greetingz | Gyrfalcon | Haikkra | Haiyou | Haluu | Hangh | Hiddenaerial | Homtrix | Hrackcoe | Iamangryjava | Idkwhy | Ifairmaidenl | Illustriious | Ilovetux | Infectiouss | Informer | Iphigenie | Irollerblade | Ithingar | Ivyy | Izziecakes | Jacklloyd | Jaean | Jaylong | Jbghost | Jesee | Joch | Johnnyz | Jsparrowack | Keverrs | Kewldud | Kiatai | Knecht | Koax | Kupfis | Lanlaiely | Laticus | Lengford | Lilsky | Lobosterazo | Longsao | Lorddark | Lovelylollie | Magikeren | Mapei | Maragato | Marioman | Martyhur | Meaneel | Mechinlite | Midblue | Minirob | Miror | Misspickle | Missrain | Missroxy | Missyoghurt | Momentary | Mrbengaluru-West | Mrmafia | Mrsqueak | Namour-East | Naph | Naphina | Narcosis | Narphus | Niasha-East | Nightkiller | Nosense | Noushka | Nudist | Oceanbeast | Ohfroggyone | Oompa | Ottilia | Paddock | Paimon | Paperfroggy | Perikita | Perishables | Pirachato | Piraclaudio | Plof | Pokercard | Pokerextra | Pugwashh | Qays | Raaz | Ramenspice | Redshorts | Ricardinio | Ripicliff | Roii | Romeoh | Rriel | Rubia | Sestosenso | Sexyjo | Shabana | Shiliew | Silencia | Silverhammer | Sincap | Smunkiez | Snarrf | Soldsoul | Solyma | Soulsearcher | Spadesonly | Sparklette | Stuardo | Subhadra | Surg | Swizzo | Sydney | Taehyungs | Tallsean | Tatiah | Teclis | Theepicness | Times | Trinamy | Typicaldrunk | Vandalize | Vittario | Vivikinha | Waleedz | Walmartt | Warcry | Warofwords | Weile | Wertlsa | Whiteboy | Wickitywakma | Wolfus | Xaunder | Xirkevx | Yassenn | Zekalina,Aspiring,Aspiring,Aspiring,Aspiring,Crafting,Piracy,Piracy,Crafting,Piracy,Crafting,Carousing,Crafting,Piracy,Carousing,Piracy,Piracy,Carousing,Piracy,Piracy,Piracy,Crafting,Carousing,Piracy,Carousing,Piracy,Crafting,Neophyte,Solid,Expert,Apprentice,Expert,Solid,Novice,Weighty,Narrow,Novice,Illustrious,Broad,Neophyte,Neophyte,Novice,Solid,Expert,Sublime,Novice,Novice,Solid,Narrow,Able,Ultimate,Master,Proficient,Renowned,Distinguished,Able,Legendary,Proficient,Able,Ultimate,Distinguished,Renowned,Able,Proficient,Master,Grand-Master,Legendary,Proficient,Proficient,Master,Respected
Jobblack,https://emerald.puzzlepirates.com/yoweb/pirate.wm?classic=false&target=jobblack,http://emerald.puzzlepirates.com/media/emerald/portraits/ec9/f54b9d83a15af73253c62ad11d54f.jpg,Captain,,Blackade,Princess,Black Flag,Petty Officer,Isle of Kent Navy,Gull,0,,0,,0,,1,Row Me Daddy on Admiral Island,1,Brianjd,Aspiring,Aspiring,Aspiring,Aspiring,Crafting,Piracy,Piracy,Crafting,Piracy,Crafting,Carousing,Crafting,Piracy,Carousing,Piracy,Piracy,Carousing,Piracy,Piracy,Piracy,Crafting,Carousing,Piracy,Carousing,Piracy,Crafting,Neophyte,Apprentice,Broad,Neophyte,Solid,Neophyte,Novice,Novice,Solid,Novice,Expert,Neophyte,Neophyte,Solid,Novice,Narrow,Narrow,Novice,Neophyte,Novice,Broad,Novice,Proficient,Proficient,Proficient,Proficient,Proficient,Proficient,Able,Able,Distinguished,Able,Legendary,Proficient,Distinguished,Proficient,Able,Distinguished,Distinguished,Able,Distinguished,Able,Renowned,Able
Zilver,https://emerald.puzzlepirates.com/yoweb/pirate.wm?classic=false&target=zilver,http://emerald.puzzlepirates.com/media/emerald/portraits/ce6/823c2f59c3e77e0adb4ed51210298.jpg,Senior Officer,Mascot,Privateers,Prince,Black Flag,Commander,Admiral Island Navy,Gull,3,The Royal Clothier on Admiral Island | The Royal Weaver on Admiral Island | The Royal Potion on Admiral Island,1,The Drunk Knight on Barbary Island,0,,11,Riemann Slums on Descartes Isle | Caddyshack on Admiral Island | King Kottage on Admiral Island | The Great Estate on Admiral Island | Aural Shacks on Bowditch Island | Caddyshack on Admiral Island | King Kottage on Admiral Island | Bedside Manors on Admiral Island | Bedside Manors on Admiral Island | Villa Las Vegas on Admiral Island | Villa Las Vegas on Admiral Island,11,Carpaccio | Cheryll | Deepside | Eriica | Formido | Haiyou | Meaganz | Oldpiratee | Salvy | Terrorted | Zeagull,Aspiring,Aspiring,Aspiring,Aspiring,Crafting,Piracy,Piracy,Crafting,Piracy,Crafting,Carousing,Crafting,Piracy,Carousing,Piracy,Piracy,Carousing,Piracy,Piracy,Piracy,Crafting,Carousing,Piracy,Carousing,Piracy,Crafting,Solid,Weighty,Expert,Broad,Expert,Narrow,Apprentice,Weighty,Expert,Broad,Illustrious,Sublime,Solid,Weighty,Broad,Paragon,Solid,Neophyte,Solid,Apprentice,Weighty,Broad,Distinguished,Legendary,Proficient,Proficient,Distinguished,Proficient,Able,Distinguished,Distinguished,Able,Proficient,Ultimate,Legendary,Proficient,Proficient,Master,Respected,Able,Master,Able,Respected,Proficient
Iaago,https://emerald.puzzlepirates.com/yoweb/pirate.wm?classic=false&target=Iaago,http://emerald.puzzlepirates.com/media/emerald/portraits/9f7/a8290420f162bde0191f517b933f0.jpg,Senior Officer,Lazy Bones,Reverie,Lord,Crash Out,Lieutenant Commander,Scrimshaw Island Navy,Stork,6,Capybara Cryptyard on Aimuari Island | High Supply on Scrimshaw Island | No Ballboozles on Aimuari Island | Ball-Mart on Scrimshaw Island | Cloak & Dagger on Barbary Island | Kinky Chemistry on Aimuari Island,11,Greece My Sword on Caravanserai Island | Desert Rose on Caravanserai Island | Apple Bottom Jeans on Caravanserai Island | Hollywood Palace on Admiral Island | Greece's Pieces on Aimuari Island | Whisk It For The Biscuit on Caravanserai Island | Fat Shack on Bowditch Island | Fortini on Ambush Island | Sanctuary for Sin on Kasidim Island | Fleet Pics on Caravanserai Island | Tequila Mockingbird on Aimuari Island,0,,8,Sea Shack on Scrimshaw Island | Caddyshack on Admiral Island | Coral Cabins on Scrimshaw Island | Cypress Cabins on Alkaid Island | Cabin Fever on Admiral Island | Row Me Daddy on Admiral Island | Whisking Whale Road on Arakoua Island | Guardians of the Gallery on Admiral Island,17,Acidd | Capnray | Dexedrine | Frostease | Greecefeva | Hexhunter | Jice | Judithxoxo | Margaroo | Monlizzy | Nitrology | Ryuken | Salvame | Tortuosity | Umami | Ylisse | Youngsinatra,Aspiring,Established,Established,Aspiring,Crafting,Piracy,Piracy,Crafting,Piracy,Crafting,Carousing,Crafting,Piracy,Carousing,Piracy,Piracy,Carousing,Piracy,Piracy,Piracy,Crafting,Carousing,Piracy,Carousing,Piracy,Crafting,Weighty,Expert,Sublime,Solid,Paragon,Narrow,Broad,Weighty,Expert,Novice,Paragon,Revered,Apprentice,Illustrious,Broad,Paragon,Paragon,Novice,Broad,Narrow,Revered,Solid,Renowned,Distinguished,Respected,Master,Respected,Able,Able,Master,Distinguished,Able,Respected,Renowned,Able,Distinguished,Respected,Grand-Master,Grand-Master,Able,Respected,Able,Distinguished,Grand-Master
Galantis,https://emerald.puzzlepirates.com/yoweb/pirate.wm?classic=false&target=Galantis,http://emerald.puzzlepirates.com/media/emerald/portraits/c36/8cf51987245600bfbb7f0f41adf45.jpg,Senior Officer,Artist,Reverie,Member,Crash Out,Captain,Greenwich Island Navy,Pelican,0,,0,,3,Galantis's Tailoring Stall on Greenwich Island | Galantis's Ironworking Stall on Greenwich Island | Galantis's Apothecary Stall on Greenwich Island,40,Shack Macaque on Alkaid Island | Pine Boxes on Aimuari Island | Sidekick Shacks on Barbary Island | Caddyshack on Admiral Island | The Dove Shack on Armstrong Island | Love Shack on Caravanserai Island | Once Upon A Time In The Projects on Armstrong Island | Cabin Fever on Admiral Island | Shadow Cabin on Barbary Island | Uncle Tom's Cabin on Caravanserai Island | Stab In Cabin on Aimuari Island | Cypress Cabins on Alkaid Island | Bungalow Bill on Admiral Island | Just a Bungalow on Caravanserai Island | Bunga Lowrider on Armstrong Island | Blackgate on Barbary Island | Beech Bungalow on Alkaid Island | Bungallows on Aimuari Island | King Kottage on Admiral Island | Chestnut Cottage on Alkaid Island | Krypton Kottage on Barbary Island | Cottagious Disease on Aimuari Island | Long Beach Cribs on Armstrong Island | A Cottage for Sale on Caravanserai Island | Row Me Daddy on Admiral Island | Hero Houses on Barbary Island | Doctor in the Row House on Bowditch Island | Row House of the Rising Sun on Caravanserai Island | Death Row on Aimuari Island | Tarzan's Treehouse on Alkaid Island | Bringing Town the House on Admiral Island | Stark Towerhouse on Barbary Island | Munky Town on Alkaid Island | Live Organ Townhouses on Bowditch Island | Jonestown Houses on Aimuari Island | Funky Townhouse on Caravanserai Island | Bedside Manors on Admiral Island | Villa Las Vegas on Admiral Island | Cthulhu Mansion on Admiral Island | The Great Estate on Admiral Island,3,Eltaro | Stinksofpoo | Tysm,Obscure,Renowned,Illustrious,Aspiring,Crafting,Piracy,Piracy,Crafting,Piracy,Crafting,Carousing,Crafting,Piracy,Carousing,Piracy,Piracy,Carousing,Piracy,Piracy,Piracy,Crafting,Carousing,Piracy,Carousing,Piracy,Crafting,Expert,Sublime,Paragon,Solid,Revered,Sublime,Broad,Exalted,Sublime,Expert,Sublime,Sublime,Sublime,Expert,Solid,Revered,Weighty,Weighty,Illustrious,Broad,Sublime,Solid,Legendary,Able,Respected,Master,Ultimate,Able,Grand-Master,Ultimate,Grand-Master,Distinguished,Able,Renowned,Distinguished,Proficient,Master,Ultimate,Able,Proficient,Master,Grand-Master,Distinguished,Renowned
Oomami,https://emerald.puzzlepirates.com/yoweb/pirate.wm?classic=false&target=Oomami,,Fleet Officer,,Reverie,Member,Crash Out,Ensign,Caravanserai Island Navy,Ibis,0,,0,,0,,1,Sigil Shack on Sayers Rock,1,Whaalien,Aspiring,Aspiring,Aspiring,Aspiring,Crafting,Piracy,Piracy,Crafting,Piracy,Crafting,Carousing,Crafting,Piracy,Carousing,Piracy,Piracy,Carousing,Piracy,Piracy,Piracy,Crafting,Carousing,Piracy,Carousing,Piracy,Crafting,Novice,Weighty,Solid,Novice,Solid,Novice,Novice,Apprentice,Solid,Novice,Narrow,Novice,Novice,Narrow,Novice,Solid,Neophyte,Novice,Novice,Novice,Solid,Novice,Able,Proficient,Respected,Able,Respected,Able,Proficient,Grand-Master,Grand-Master,Able,Able,Able,Able,Respected,Proficient,Respected,Able,Able,Proficient,Able,Proficient,Able
Umami,https://emerald.puzzlepirates.com/yoweb/pirate.wm?classic=false&target=Umami,http://emerald.puzzlepirates.com/media/emerald/portraits/819/796628e7c1b5f70355ddea7c01ccd.jpg,Senior Officer,Food Taster,Reverie,Lady,Crash Out,Admiral,Aimuari Island Navy,Orion,2,That's a Wrap on Armstrong Island | Tequila Mockingbird on Aimuari Island,19,Capybara Cryptyard on Aimuari Island | Ship Shape on Alkaid Island | High Supply on Scrimshaw Island | Cannonball Farming on Barbary Island | Dye Young on Caravanserai Island | Rum n Spice on Admiral Island | Sloops of Galilee on Kasidim Island | Sword and the Serpant on Kasidim Island | Crash Out Balls on Armstrong Island | Juicy Banana on Alkaid Island | Boogie Man Brews on Arakoua Island | Chaotic Knots on Aimuari Island | Iron Age on Admiral Island | No Ballboozles on Aimuari Island | Dad Bod Thor Supplies on Barbary Island | Lord of the Drinks on Admiral Island | Cloak & Dagger on Barbary Island | Double Cup O' Spice on Armstrong Island | Kinky Chemistry on Aimuari Island,0,,26,Caddyshack on Admiral Island | The Dove Shack on Armstrong Island | Shack Macaque on Alkaid Island | Pine Boxes on Aimuari Island | Jurassic Shack on Arakoua Island | Love Shack on Caravanserai Island | Sigil Shack on Sayers Rock | The Cuckoo's Nest on Quetzal Island | Shadow Cabin on Barbary Island | Bungalow Bill on Admiral Island | Long Beach Cribs on Armstrong Island | Bringing Town the House on Admiral Island | Dead Mansion Walking on Aimuari Island | Bunker Bungalow on Lincoln Island | Chestnut Cottage on Alkaid Island | Row Me Daddy on Admiral Island | Bringing Town the House on Admiral Island | Bringing Town the House on Admiral Island | Bringing Town the House on Admiral Island | Canopy Manors on Alkaid Island | Villa Las Vegas on Admiral Island | It's Only a Mansion on Bowditch Island | Cthulhu Mansion on Admiral Island | The Great Estate on Admiral Island | Whisking Whale Road on Arakoua Island | Guardians of the Gallery on Admiral Island,1,Crowtit,Rumored,Celebrated,Illustrious,Aspiring,Crafting,Piracy,Piracy,Crafting,Piracy,Crafting,Carousing,Crafting,Piracy,Carousing,Piracy,Piracy,Carousing,Piracy,Piracy,Piracy,Crafting,Carousing,Piracy,Carousing,Piracy,Crafting,Weighty,Expert,Sublime,Weighty,Illustrious,Expert,Broad,Illustrious,Sublime,Solid,Illustrious,Expert,Paragon,Paragon,Broad,Illustrious,Expert,Broad,Weighty,Broad,Sublime,Expert,Grand-Master,Ultimate,Respected,Ultimate,Ultimate,Proficient,Able,Proficient,Legendary,Proficient,Legendary,Ultimate,Able,Ultimate,Legendary,Legendary,Legendary,Legendary,Master,Proficient,Proficient,Ultimate
Hauk,https://emerald.puzzlepirates.com/yoweb/pirate.wm?classic=false&target=Hauk,http://emerald.puzzlepirates.com/media/emerald/portraits/920/4c856bee5154fb1158362e380353d.jpg,Captain,Blacksmith,Deo Volente,King,Ad Finem Maris,Lieutenant Commander,Aimuari Island Navy,Orion,7,Kielbasa on Bowditch Island | Master Exploder on Barbary Island | Classico on Aimuari Island | Roadie on Arakoua Island | Karate on Caravanserai Island | The Metal on Armstrong Island | Tribute on Sayers Rock,9,Armoury on Alkaid Island | Phantasm Pharmaceuticals on Aimuari Island | Ghostly Frigs on Alkaid Island | Chimpions Concoctions on Alkaid Island | The Half-Mast on Armstrong Island | Hyper Balls on Scrimshaw Island | Purple Haze on Bowditch Island | Tangletree Textiles on Alkaid Island | Happy Little Balls on Bowditch Island,7,Hauk's Ironworking Stall on Wissahickon Island | Astriana's Tailoring Stall on Alkaid Island | Astriana's Apothecary Stall on Sayers Rock | Astriana's Apothecary Stall on Chachapoya Island | Astriana's Apothecary Stall on Bowditch Island | Astriana's Apothecary Stall on Armstrong Island | Astriana's Apothecary Stall on Scrimshaw Island,3,Milkshack on Wensleydale | Death Row on Aimuari Island | The Great Estate on Admiral Island,13,Astriana | Azer | Badigo | Chefdavid | Clmdoughboy | Convictt | Historian | Mrflop | Neuneker | Reverted | Rickeh | Souul | Toastyboy,Aspiring,Established,Rumored,Aspiring,Crafting,Piracy,Piracy,Crafting,Piracy,Crafting,Carousing,Crafting,Piracy,Carousing,Piracy,Piracy,Carousing,Piracy,Piracy,Piracy,Crafting,Carousing,Piracy,Carousing,Piracy,Crafting,Broad,Expert,Weighty,Expert,Solid,Solid,Novice,Solid,Sublime,Novice,Broad,Weighty,Solid,Solid,Broad,Illustrious,Broad,Narrow,Broad,Broad,Sublime,Broad,Proficient,Proficient,Proficient,Grand-Master,Able,Able,Proficient,Distinguished,Respected,Able,Able,Proficient,Legendary,Proficient,Able,Able,Proficient,Able,Able,Legendary,Respected,Respected
Astriana,https://emerald.puzzlepirates.com/yoweb/pirate.wm?classic=false&target=astriana,http://emerald.puzzlepirates.com/media/emerald/portraits/ca7/a70bafc80470181746f3c066a4930.jpg,Senior Officer,Scribe,Deo Volente,Princess,Ad Finem Maris,Ensign,Aimuari Island Navy,Orion,2,Chimpions Concoctions on Alkaid Island | Phantasm Pharmaceuticals on Aimuari Island,2,Tribute on Sayers Rock | Classico on Aimuari Island,6,Astriana's Apothecary Stall on Sayers Rock | Astriana's Tailoring Stall on Alkaid Island | Astriana's Apothecary Stall on Bowditch Island | Astriana's Apothecary Stall on Armstrong Island | Astriana's Apothecary Stall on Chachapoya Island | Astriana's Apothecary Stall on Scrimshaw Island,4,Sea Shack on Scrimshaw Island | Jonestown Houses on Aimuari Island | Death Row on Aimuari Island | The Great Estate on Admiral Island,31,Badigo | Baeboss | Buffaloman | Chazaqiel | Cheefs | Cilan | Cities | Convictt | Deemmo | Dyyl | Goldenoldie | Grenadoe | Hauk | Hollisue | Kyrainbang | Littleradish | Luccawings | Lunaxx | Marzoman | Mercz | Mesmerized | Mrpi | Nickbush | Paleblade | Pcichigo | Redwraith | Scap | Scousemousex | Souul | Whitesnakes | Wintour,Aspiring,Aspiring,Aspiring,Aspiring,Crafting,Piracy,Piracy,Crafting,Piracy,Crafting,Carousing,Crafting,Piracy,Carousing,Piracy,Piracy,Carousing,Piracy,Piracy,Piracy,Crafting,Carousing,Piracy,Carousing,Piracy,Crafting,Weighty,Solid,Expert,Solid,Weighty,Broad,Novice,Solid,Illustrious,Novice,Solid,Expert,Broad,Weighty,Narrow,Illustrious,Solid,Apprentice,Broad,Narrow,Illustrious,Broad,Respected,Proficient,Proficient,Distinguished,Able,Proficient,Respected,Able,Proficient,Able,Able,Master,Ultimate,Proficient,Master,Able,Proficient,Able,Distinguished,Respected,Renowned,Distinguished
Mrflop,https://emerald.puzzlepirates.com/yoweb/pirate.wm?classic=false&target=mrflop,http://emerald.puzzlepirates.com/media/emerald/portraits/5b8/9448fe98502c42f9a4971fb1c9623.jpg,Captain,Monster Hunter,Purple Burglar Alarm,Prince,Ad Finem Maris,Ensign,Barbary Island Navy,Ibis,3,Purple Haze on Bowditch Island | The Purple Herb on Sayers Rock | Purple Haze on Barbary Island,2,High Apothecary on Sayers Rock | Tribute on Sayers Rock,2,Mrflop's Distilling Stall on Bowditch Island | Mrflop's Apothecary Stall on Aimuari Island,9,Sea Shack on Scrimshaw Island | Sigil Shack on Sayers Rock | Was A Marked Down Shack on Wissahickon Island | Stab In Cabin on Aimuari Island | Bungallows on Aimuari Island | Mirror Mirror Hanging On The Wall on Sayers Rock | Cottagious Disease on Aimuari Island | Death Row on Aimuari Island | Manor of Steel on Barbary Island,78,Aperion | Aquella | Azer | Azzerz | Baeboss | Bootdude | Breezybree | Catalystic | Chefdavid | Chmassive | Cities | Clmdoughboy | Codefish | Crystalla | Danipop | Danuc | Dictatorship | Dirtybowdy | Disruptor | Dyselxic | Edeva | Embargo | Flucinn | Fritbri | Futurist | Galantis | Generaljoe | Glitc | Gonngas | Hauk | Haydonis | Hetrozygous | Historian | Hollisue | Ifairmaidenl | Jamstari | Knufske | Krimz | Lintmint | Lolidragons | Lovelyred | Loyalgold | Mattsonny | Mattystrong | Megakimito | Mercz | Mistukara | Naughtyangel | Obaider | Ottilia | Pafsie | Paleblade | Pausey | Piggycoins | Prettysophie | Prevailed | Rafserra | Reverted | Rowgish | Scap | Shirato | Sinkz | Spongiform | Spookehh | Srotideuk | Swiggity | Texnikos | Tinathalard | Toastyboy | Tosl | Twiggles | Umami | Whitesnakes | Wildemarie | Wowosity | Wraps | Xack | Xton,Noted,Eminent,Illustrious,Aspiring,Crafting,Piracy,Piracy,Crafting,Piracy,Crafting,Carousing,Crafting,Piracy,Carousing,Piracy,Piracy,Carousing,Piracy,Piracy,Piracy,Crafting,Carousing,Piracy,Carousing,Piracy,Crafting,Solid,Illustrious,Solid,Neophyte,Weighty,Novice,Neophyte,Weighty,Weighty,Neophyte,Solid,Solid,Weighty,Solid,Novice,Solid,Broad,Novice,Apprentice,Apprentice,Illustrious,Novice,Distinguished,Proficient,Proficient,Able,Distinguished,Able,Able,Respected,Proficient,Able,Proficient,Proficient,Able,Able,Able,Proficient,Proficient,Able,Proficient,Proficient,Proficient,Able
Spongiform,https://emerald.puzzlepirates.com/yoweb/pirate.wm?classic=false&target=spongiform,http://emerald.puzzlepirates.com/media/emerald/portraits/875/35d494466187d969726e8fe6939d9.jpg,Senior Officer,Lieutenant,Deo Volente,Prince,Ad Finem Maris,Commander,Descartes Isle Navy,Pelican,0,,0,,4,Spongiform's Ironworking Stall on Greenwich Island | Spongiform's Ironworking Stall on Descartes Isle | Lodmir's Ironworking Stall on Descartes Isle | Lodmir's Apothecary Stall on Descartes Isle,3,Riemann Slums on Descartes Isle | Past Tents on Greenwich Island | Rho House on Descartes Isle,0,,Aspiring,Aspiring,Aspiring,Aspiring,Crafting,Piracy,Piracy,Crafting,Piracy,Crafting,Carousing,Crafting,Piracy,Carousing,Piracy,Piracy,Carousing,Piracy,Piracy,Piracy,Crafting,Carousing,Piracy,Carousing,Piracy,Crafting,Weighty,Paragon,Expert,Narrow,Expert,Expert,Neophyte,Weighty,Sublime,Novice,Broad,Narrow,Weighty,Weighty,Solid,Weighty,Solid,Novice,Solid,Broad,Paragon,Broad,Master,Distinguished,Proficient,Proficient,Proficient,Distinguished,Able,Renowned,Master,Able,Able,Proficient,Proficient,Able,Master,Proficient,Proficient,Able,Distinguished,Proficient,Proficient,Respected
Fools,https://emerald.puzzlepirates.com/yoweb/pirate.wm?classic=false&target=fools,http://emerald.puzzlepirates.com/media/emerald/portraits/237/4fd89e7a236fd09b3c439f418b5aa.jpg,Captain,Damsel,Euthanasia,King,No Strings Attached,Lieutenant Commander,Admiral Island Navy,Gull,2,Rocket Power on Barbary Island | The Unions Alehouse on Barbary Island,10,Strings Attached on Bowditch Island | Daily Plan-It on Barbary Island | Pacts on Papyrus and Parchment on Arakoua Island | Ships Attached on Bowditch Island | Fort Grievous on Gauntlet Island | Hall of Justice on Barbary Island | Hallow Bastion on Ventress Island | The Philippine Swill and Grog on Scrimshaw Island | The Crystal Palace on Arakoua Island | Flint-Stoned on Arakoua Island,2,Fools's Apothecary Stall on Admiral Island | Farmerfred's Apothecary Stall on Scrimshaw Island,19,Jurassic Shack on Arakoua Island | Caddyshack on Admiral Island | Bungalow Bill on Admiral Island | Krypton Kottage on Barbary Island | Villa Las Vegas on Admiral Island | Shack Macaque on Alkaid Island | Shack Macaque on Alkaid Island | Sidekick Shacks on Barbary Island | Sidekick Shacks on Barbary Island | Caddyshack on Admiral Island | Caddyshack on Admiral Island | The Dove Shack on Armstrong Island | Shadow Cabin on Barbary Island | Bungalow Bill on Admiral Island | King Kottage on Admiral Island | Bedside Manors on Admiral Island | Bedside Manors on Admiral Island | Cthulhu Mansion on Admiral Island | The Great Estate on Admiral Island,1,Bashlyf,Aspiring,Aspiring,Eminent,Aspiring,Crafting,Piracy,Piracy,Crafting,Piracy,Crafting,Carousing,Crafting,Piracy,Carousing,Piracy,Piracy,Carousing,Piracy,Piracy,Piracy,Crafting,Carousing,Piracy,Carousing,Piracy,Crafting,Solid,Paragon,Expert,Solid,Solid,Narrow,Broad,Solid,Weighty,Solid,Weighty,Solid,Sublime,Paragon,Narrow,Weighty,Solid,Solid,Expert,Narrow,Weighty,Solid,Respected,Proficient,Distinguished,Respected,Proficient,Proficient,Able,Master,Proficient,Proficient,Proficient,Distinguished,Renowned,Proficient,Proficient,Respected,Distinguished,Proficient,Proficient,Able,Proficient,Grand-Master
Finbarr,https://emerald.puzzlepirates.com/yoweb/pirate.wm?classic=false&target=finbarr,http://emerald.puzzlepirates.com/media/emerald/portraits/f98/139ca292983d2d38a55b606f098c4.jpg,Senior Officer,Shopkeeper,Euthanasia,Prince,No Strings Attached,Lieutenant,Arakoua Island Navy,Ibis,14,Only Frigs on Barbary Island | Pacts on Papyrus and Parchment on Arakoua Island | You Wouldn't Beweave on Barbary Island | Gentleman's Quarterly on Barbary Island | The Lab on Arakoua Island | Good Swill Hunting on Barbary Island | Longneck Lager on Arakoua Island | Ball Busters on Barbary Island | Molten Metals on Caravanserai Island | Chair Witch Project on Barbary Island | Frig Off on Barbary Island | Neander-Balls on Arakoua Island | Herb Your Enthusiasm on Barbary Island | The Crystal Palace on Arakoua Island,19,Blow My Bellows on Barbary Island | Mesozoic Mantels on Arakoua Island | Daily Plan-It on Barbary Island | The Unions Alehouse on Barbary Island | He Who Dealt It on Scrimshaw Island | Flint-Stoned on Arakoua Island | King Couch on Admiral Island | Tora the Explorer on Gauntlet Island | The Pines on Kiwara Island | Wonder Weaves on Barbary Island | K TWO on Arakoua Island | Fort Grievous on Gauntlet Island | Hall of Justice on Barbary Island | Kryptonite Concoctions on Barbary Island | Hallow Bastion on Ventress Island | Altered Reality on Kasidim Island | Buffalo Trace on Barbary Island | Ancient Craftsman on Admiral Island | Balls Mafia on Barbary Island,0,,14,Caddyshack on Admiral Island | Sidekick Shacks on Barbary Island | Pine Boxes on Aimuari Island | Jurassic Shack on Arakoua Island | Shadow Cabin on Barbary Island | Just a Bungalow on Caravanserai Island | Gardens of Babylon on Kasidim Island | Villayria on Barbary Island | Sidekick Shacks on Barbary Island | Krypton Kottage on Barbary Island | Villa Las Vegas on Admiral Island | Guardians of the Gallery on Barbary Island | Guardians of the Gallery on Barbary Island | Keep Calm and Love King Kong on Alkaid Island,0,,Renowned,Eminent,Illustrious,Established,Crafting,Piracy,Piracy,Crafting,Piracy,Crafting,Carousing,Crafting,Piracy,Carousing,Piracy,Piracy,Carousing,Piracy,Piracy,Piracy,Crafting,Carousing,Piracy,Carousing,Piracy,Crafting,Weighty,Weighty,Solid,Solid,Solid,Broad,Solid,Solid,Weighty,Broad,Solid,Expert,Solid,Solid,Narrow,Solid,Weighty,Novice,Solid,Narrow,Paragon,Weighty,Grand-Master,Ultimate,Proficient,Respected,Proficient,Proficient,Renowned,Grand-Master,Distinguished,Able,Able,Respected,Able,Distinguished,Able,Proficient,Renowned,Able,Proficient,Able,Distinguished,Ultimate
Navalt,https://emerald.puzzlepirates.com/yoweb/pirate.wm?classic=false&target=navalt,,Captain,,Friends with Benefits,Prince,No Strings Attached,Stowaway,Ventress Island Navy,Pelican,0,,0,,0,,2,Pine Boxes on Aimuari Island | Sea Shack on Scrimshaw Island,2,Badbnaverr | Kromf,Aspiring,Aspiring,Aspiring,Aspiring,Crafting,Piracy,Piracy,Crafting,Piracy,Crafting,Carousing,Crafting,Piracy,Carousing,Piracy,Piracy,Carousing,Piracy,Piracy,Piracy,Crafting,Carousing,Piracy,Carousing,Piracy,Crafting,Solid,Narrow,Apprentice,Narrow,Neophyte,Novice,Novice,Broad,Novice,Novice,Broad,Narrow,Novice,Narrow,Novice,Apprentice,Novice,Novice,Novice,Novice,Narrow,Broad,Respected,Proficient,Proficient,Proficient,Able,Able,Able,Distinguished,Able,Able,Proficient,Proficient,Able,Proficient,Able,Proficient,Able,Able,Able,Able,Distinguished,Grand-Master
Quap,https://emerald.puzzlepirates.com/yoweb/pirate.wm?classic=false&target=quap,http://emerald.puzzlepirates.com/media/emerald/portraits/15f/398848a35f30062706d17a334c9c7.jpg,Senior Officer,Sword Sharpener,Euthanasia,Princess,No Strings Attached,Captain,Greenwich Island Navy,Pelican,0,,11,K TWO on Arakoua Island | Daily Plan-It on Barbary Island | Pacts on Papyrus and Parchment on Arakoua Island | Ships Attached on Bowditch Island | Molten Metals on Caravanserai Island | Gentleman's Quarterly on Barbary Island | The Lab on Arakoua Island | The Unions Alehouse on Barbary Island | Herb Your Enthusiasm on Barbary Island | Buffalo Trace on Barbary Island | Balls Mafia on Barbary Island,5,Quap's Furnishing Stall on Greenwich Island | Cozi's Apothecary Stall on Greenwich Island | Cozi's Furnishing Stall on Greenwich Island | Cozi's Tailoring Stall on Admiral Island | Cozi's Distilling Stall on Blackthorpe Island,14,Shack Macaque on Alkaid Island | Caddyshack on Admiral Island | Bungalow Bill on Admiral Island | Villa Las Vegas on Admiral Island | Sigil Shack on Sayers Rock | Cabin Fever on Admiral Island | Blackgate on Barbary Island | Krypton Kottage on Barbary Island | Gardens of Babylon on Kasidim Island | Villa of the Damned on Aimuari Island | Villayria on Barbary Island | Villa Las Vegas on Admiral Island | The Great Estate on Admiral Island | Guardians of the Gallery on Barbary Island,23,Chefdavid | Chimpanze | Collaborate | Coto | Cozi | Ekzo | Finbarr | Fools | Ordain | Quapozi | Quapslatina | Rockstarg | Roukkia | Scap | Sinkz | Tascruns | Toraken | Trops | Tzz | Whitesnakes | Wooxy | Youngsinatra | Zergling,Noted,Noted,Illustrious,Aspiring,Crafting,Piracy,Piracy,Crafting,Piracy,Crafting,Carousing,Crafting,Piracy,Carousing,Piracy,Piracy,Carousing,Piracy,Piracy,Piracy,Crafting,Carousing,Piracy,Carousing,Piracy,Crafting,Solid,Expert,Illustrious,Solid,Solid,Broad,Broad,Solid,Solid,Expert,Expert,Solid,Revered,Expert,Broad,Solid,Weighty,Solid,Paragon,Solid,Weighty,Solid,Respected,Distinguished,Grand-Master,Ultimate,Distinguished,Able,Distinguished,Master,Distinguished,Master,Respected,Master,Proficient,Ultimate,Able,Proficient,Master,Proficient,Master,Respected,Legendary,Grand-Master
Toraken,https://emerald.puzzlepirates.com/yoweb/pirate.wm?classic=false&target=toraken,http://emerald.puzzlepirates.com/media/emerald/portraits/6fc/4d8b2473f414b4e40954829e28c13.jpg,Senior Officer,,Euthanasia,Prince,No Strings Attached,Captain,Kiwara Island Navy,Ibis,2,Strings Attached on Bowditch Island | Ships Attached on Bowditch Island,5,Tora the Explorer on Gauntlet Island | The Pines on Kiwara Island | The Philippine Swill and Grog on Scrimshaw Island | Balls Attached on Kiwara Island | Ancient Craftsman on Admiral Island,1,Fools's Apothecary Stall on Admiral Island,16,Shack Macaque on Alkaid Island | Shack eel Oh Kneel on Blackthorpe Island | Sea Shack on Scrimshaw Island | Caddyshack on Admiral Island | Jurassic Shack on Arakoua Island | Love Shack on Caravanserai Island | Sidekick Shacks on Barbary Island | Aural Shacks on Bowditch Island | Bungalow Bill on Admiral Island | Bringing Town the House on Admiral Island | Jurassic Shack on Arakoua Island | Milkshack on Wensleydale | Bungalow Bill on Admiral Island | Bungalow Bill on Admiral Island | Bedside Manors on Admiral Island | The Great Estate on Admiral Island,0,,Aspiring,Aspiring,Established,Aspiring,Crafting,Piracy,Piracy,Crafting,Piracy,Crafting,Carousing,Crafting,Piracy,Carousing,Piracy,Piracy,Carousing,Piracy,Piracy,Piracy,Crafting,Carousing,Piracy,Carousing,Piracy,Crafting,Broad,Solid,Solid,Narrow,Solid,Neophyte,Neophyte,Solid,Expert,Narrow,Weighty,Solid,Expert,Solid,Apprentice,Weighty,Broad,Narrow,Solid,Neophyte,Expert,Narrow,Distinguished,Grand-Master,Proficient,Proficient,Proficient,Proficient,Able,Master,Renowned,Able,Proficient,Distinguished,Able,Proficient,Renowned,Distinguished,Respected,Proficient,Able,Proficient,Proficient,Proficient
Cozi,https://emerald.puzzlepirates.com/yoweb/pirate.wm?classic=false&target=cozi,http://emerald.puzzlepirates.com/media/emerald/portraits/114/80560d88432bd5f2051fbb013dbab.jpg,Senior Officer,Portrait Painter,Euthanasia,Lord,No Strings Attached,Lieutenant,Barbary Island Navy,Ibis,4,K TWO on Arakoua Island | Buffalo Trace on Barbary Island | Balls Mafia on Barbary Island | Dinosaur Court on Arakoua Island,6,Ball Busters on Barbary Island | Pacts on Papyrus and Parchment on Arakoua Island | Gentleman's Quarterly on Barbary Island | Chair Witch Project on Barbary Island | The Unions Alehouse on Barbary Island | Bang from Downtown on Blackthorpe Island,5,Cozi's Distilling Stall on Blackthorpe Island | Cozi's Apothecary Stall on Greenwich Island | Cozi's Furnishing Stall on Greenwich Island | Cozi's Tailoring Stall on Admiral Island | Quap's Furnishing Stall on Greenwich Island,14,Shadow Cabin on Barbary Island | Blackgate on Barbary Island | Gardens of Babylon on Kasidim Island | Krypton Kottage on Barbary Island | Villa of the Damned on Aimuari Island | Guardians of the Gallery on Barbary Island | Sidekick Shacks on Barbary Island | Caddyshack on Admiral Island | Bungalow Bill on Admiral Island | King Kottage on Admiral Island | Gardens of Babylon on Kasidim Island | Jonestown Houses on Aimuari Island | Villayria on Barbary Island | Villa Las Vegas on Admiral Island,1,Quapozi,Noted,Noted,Celebrated,Aspiring,Crafting,Piracy,Piracy,Crafting,Piracy,Crafting,Carousing,Crafting,Piracy,Carousing,Piracy,Piracy,Carousing,Piracy,Piracy,Piracy,Crafting,Carousing,Piracy,Carousing,Piracy,Crafting,Solid,Weighty,Weighty,Solid,Weighty,Broad,Neophyte,Broad,Solid,Solid,Solid,Solid,Illustrious,Broad,Narrow,Weighty,Novice,Solid,Weighty,Narrow,Paragon,Novice,Distinguished,Master,Respected,Master,Distinguished,Proficient,Proficient,Distinguished,Proficient,Master,Respected,Distinguished,Able,Proficient,Master,Respected,Able,Proficient,Respected,Able,Distinguished,Able
Ekzo,https://emerald.puzzlepirates.com/yoweb/pirate.wm?classic=false&target=ekzo,http://emerald.puzzlepirates.com/media/emerald/portraits/a71/0bb8ca722771a68581ef80f6c4437.jpg,Senior Officer,Parrot Postmaster,Euthanasia,Lord,No Strings Attached,Admiral,Barbary Island Navy,Ibis,1,Crazy Potions on Barbary Island,1,Molten Metals on Caravanserai Island,0,,2,Manor of Steel on Barbary Island | Guardians of the Gallery on Barbary Island,2,Maybnot | Yourluckyday,Noted,Renowned,Renowned,Aspiring,Crafting,Piracy,Piracy,Crafting,Piracy,Crafting,Carousing,Crafting,Piracy,Carousing,Piracy,Piracy,Carousing,Piracy,Piracy,Piracy,Crafting,Carousing,Piracy,Carousing,Piracy,Crafting,Solid,Solid,Expert,Solid,Paragon,Solid,Narrow,Solid,Paragon,Broad,Solid,Solid,Weighty,Solid,Narrow,Weighty,Solid,Narrow,Paragon,Neophyte,Weighty,Broad,Grand-Master,Grand-Master,Legendary,Master,Legendary,Proficient,Respected,Renowned,Ultimate,Proficient,Renowned,Renowned,Master,Grand-Master,Renowned,Legendary,Master,Proficient,Ultimate,Able,Grand-Master,Respected
Obaider,https://emerald.puzzlepirates.com/yoweb/pirate.wm?classic=false&target=obaider,http://emerald.puzzlepirates.com/media/emerald/portraits/362/21a86022b560e9917059b5f5ec1f0.jpg,Captain,,PALACTION,Member,No Strings Attached,Chief Petty Officer,Cryo Island Navy,Puffin,0,,1,I'm a LumberJacket and I'm OK on Bowditch Island,0,,12,Pine Boxes on Aimuari Island | Caddyshack on Admiral Island | Death Row on Aimuari Island | Only a Manor of Time on Aimuari Island | Caddyshack on Admiral Island | Cabin Fever on Admiral Island | Cabin Fever on Admiral Island | Bedside Manors on Admiral Island | Bedside Manors on Admiral Island | Castle Arrrrrrrrrrggghh on Bowditch Island | Guardians of the Gallery on Barbary Island | Guardians of the Gallery on Admiral Island,1,Delores,Noted,Established,Eminent,Obscure,Crafting,Piracy,Piracy,Crafting,Piracy,Crafting,Carousing,Crafting,Piracy,Carousing,Piracy,Piracy,Carousing,Piracy,Piracy,Piracy,Crafting,Carousing,Piracy,Carousing,Piracy,Crafting,Solid,Weighty,Expert,Neophyte,Solid,Neophyte,Apprentice,Weighty,Weighty,Narrow,Solid,Solid,Illustrious,Solid,Broad,Solid,Broad,Neophyte,Weighty,Broad,Illustrious,Solid,Distinguished,Grand-Master,Master,Able,Proficient,Able,Distinguished,Grand-Master,Proficient,Able,Able,Distinguished,Able,Proficient,Respected,Respected,Proficient,Able,Proficient,Respected,Distinguished,Renowned
Senga,https://emerald.puzzlepirates.com/yoweb/pirate.wm?classic=false&target=senga,http://emerald.puzzlepirates.com/media/emerald/portraits/79d/42bf63a26e94ebaffffbeb5ecc7e1.jpg,Captain,Bilge Rat,Hardcore Sea Ravers,Queen,Symonds Says,Admiral,Basset Island Navy,Gull,7,Due or Dye on Admiral Island | Brassy Balls on Basset Island | Ninny Knickers on Admiral Island | Ten Things I Crate About You on Admiral Island | Fort Influential on Basset Island | Rums on Bowditch Island | Toilet Paper Balls on Barbary Island,11,Iron Heart on Caravanserai Island | Calm Seas Blacksmith on Caravanserai Island | Wicked Wench on Cryo Island | Roadside Remedies on Scrimshaw Island | Naughty Balls on Aimuari Island | Red Red Rum on Caravanserai Island | Naughty Shots on Aimuari Island | Frig on a Lease on Caravanserai Island | Elixir of Love on Caravanserai Island | Timely Fashion on Greenwich Island | The Great White North on Cryo Island,3,Banishdemons's Ironworking Stall on The Lowland Hundred | Banishdemons's Distilling Stall on The Lowland Hundred | Cazl's Shipbuilding Stall on Isle of Kent,22,Caddyshack on Admiral Island | Riemann Slums on Descartes Isle | Homestead Hut on Lincoln Island | Milkshack on Wensleydale | Rho House on Descartes Isle | Love Shack on Caravanserai Island | Love Shack on Caravanserai Island | Riemann Slums on Descartes Isle | Shack eel Oh Kneel on Blackthorpe Island | Caddyshack on Admiral Island | Cypress Cabins on Alkaid Island | Stab In Cabin on Aimuari Island | King Kottage on Admiral Island | Row Me Daddy on Admiral Island | Bringing Town the House on Admiral Island | Bedside Manors on Admiral Island | Only a Manor of Time on Aimuari Island | The Great Estate on Admiral Island | The Great Estate on Admiral Island | Dream On on Caravanserai Island | Guardians of the Gallery on Admiral Island | Guardians of the Gallery on Admiral Island,1,Robee,Noted,Celebrated,Celebrated,Aspiring,Crafting,Piracy,Piracy,Crafting,Piracy,Crafting,Carousing,Crafting,Piracy,Carousing,Piracy,Piracy,Carousing,Piracy,Piracy,Piracy,Crafting,Carousing,Piracy,Carousing,Piracy,Crafting,Sublime,Illustrious,Exalted,Paragon,Exalted,Illustrious,Solid,Illustrious,Illustrious,Solid,Sublime,Solid,Illustrious,Exalted,Broad,Paragon,Sublime,Narrow,Solid,Weighty,Paragon,Expert,Master,Distinguished,Distinguished,Distinguished,Distinguished,Distinguished,Able,Grand-Master,Proficient,Proficient,Distinguished,Distinguished,Renowned,Respected,Able,Proficient,Proficient,Able,Able,Able,Master,Respected
Alitar,https://emerald.puzzlepirates.com/yoweb/pirate.wm?classic=false&target=alitar,http://emerald.puzzlepirates.com/media/emerald/portraits/6a1/6f2f40c2e445ef13b10d6d1a89d76.jpg,Captain,,Gondolin,Prince,Symonds Says,Lieutenant,Aimuari Island Navy,Orion,1,Harland Ships on Aimuari Island,1,Fabric Fix on Aimuari Island,0,,4,Pine Boxes on Aimuari Island | Only a Manor of Time on Aimuari Island | Mayfair Mansions on Pukru Island | Tomb of the Hallowed Soul on Aimuari Island,0,,Aspiring,Aspiring,Aspiring,Aspiring,Crafting,Piracy,Piracy,Crafting,Piracy,Crafting,Carousing,Crafting,Piracy,Carousing,Piracy,Piracy,Carousing,Piracy,Piracy,Piracy,Crafting,Carousing,Piracy,Carousing,Piracy,Crafting,Novice,Weighty,Weighty,Broad,Weighty,Novice,Novice,Broad,Paragon,Narrow,Paragon,Narrow,Solid,Illustrious,Narrow,Narrow,Expert,Broad,Broad,Novice,Expert,Broad,Able,Legendary,Distinguished,Distinguished,Proficient,Able,Able,Renowned,Master,Able,Grand-Master,Proficient,Distinguished,Respected,Proficient,Proficient,Renowned,Proficient,Master,Proficient,Renowned,Master
Cazl,https://emerald.puzzlepirates.com/yoweb/pirate.wm?classic=false&target=cazl,http://emerald.puzzlepirates.com/media/emerald/portraits/62e/3341689a65555a8321698db2877c4.jpg,Captain,Siren,Ult naughty ones,Princess,Symonds Says,Admiral,Aimuari Island Navy,Orion,2,Naughty Balls on Aimuari Island | Naughty Shots on Aimuari Island,6,Due or Dye on Admiral Island | Wicked Wench on Cryo Island | Ninny Knickers on Admiral Island | Ten Things I Crate About You on Admiral Island | The Great White North on Cryo Island | Toilet Paper Balls on Barbary Island,1,Cazl's Shipbuilding Stall on Isle of Kent,20,Shack Macaque on Alkaid Island | Adobe Abode on Chachapoya Island | Caddyshack on Admiral Island | Cypress Cabins on Alkaid Island | Cabin Fever on Admiral Island | Bungalow Bill on Admiral Island | Mayfair Mansions on Pukru Island | Bringing Town the House on Admiral Island | Live Organ Townhouses on Bowditch Island | Emu-ving on Up on Quetzal Island | Me So Homey on Armstrong Island | Only a Manor of Time on Aimuari Island | Villa of the Damned on Aimuari Island | Dead Mansion Walking on Aimuari Island | Stab In Cabin on Aimuari Island | King Kottage on Admiral Island | Bringing Town the House on Admiral Island | Emu-ving on Up on Quetzal Island | Bedside Manors on Admiral Island | The Great Estate on Admiral Island,2,Rilee | Snakegirly,Rumored,Renowned,Established,Aspiring,Crafting,Piracy,Piracy,Crafting,Piracy,Crafting,Carousing,Crafting,Piracy,Carousing,Piracy,Piracy,Carousing,Piracy,Piracy,Piracy,Crafting,Carousing,Piracy,Carousing,Piracy,Crafting,Solid,Neophyte,Illustrious,Illustrious,Transcendent,Weighty,Novice,Paragon,Broad,Novice,Neophyte,Neophyte,Neophyte,Exalted,Narrow,Expert,Paragon,Novice,Broad,Novice,Sublime,Expert,Proficient,Proficient,Proficient,Distinguished,Renowned,Proficient,Distinguished,Respected,Respected,Able,Able,Proficient,Proficient,Distinguished,Proficient,Proficient,Able,Able,Master,Proficient,Proficient,Distinguished
Eltaro,https://emerald.puzzlepirates.com/yoweb/pirate.wm?classic=false&target=eltaro,http://emerald.puzzlepirates.com/media/emerald/portraits/37a/0ea0f2513b30b1214bcd8ad398c44.jpg,Senior Officer,Counselor,Hardcore Sea Ravers,Prince,Symonds Says,Admiral,Admiral Island Navy,Gull,3,Roadside Remedies on Scrimshaw Island | The Great White North on Cryo Island | Wicked Wench on Cryo Island,3,Fort Influential on Basset Island | Brassy Balls on Basset Island | Ninny Knickers on Admiral Island,3,Eltaro's Apothecary Stall on Lincoln Island | Eltaro's Apothecary Stall on Bowditch Island | Eltaro's Apothecary Stall on Admiral Island,6,Milkshack on Wensleydale | Bedside Manors on Admiral Island | Villa Las Vegas on Admiral Island | King Kottage on Admiral Island | Dead Mansion Walking on Aimuari Island | Guardians of the Gallery on Admiral Island,2,Galantis | Smellsweird,Rumored,Renowned,Celebrated,Obscure,Crafting,Piracy,Piracy,Crafting,Piracy,Crafting,Carousing,Crafting,Piracy,Carousing,Piracy,Piracy,Carousing,Piracy,Piracy,Piracy,Crafting,Carousing,Piracy,Carousing,Piracy,Crafting,Solid,Paragon,Sublime,Weighty,Paragon,Broad,Narrow,Weighty,Sublime,Broad,Expert,Solid,Expert,Expert,Narrow,Expert,Broad,Narrow,Solid,Broad,Revered,Broad,Master,Distinguished,Respected,Proficient,Distinguished,Proficient,Able,Ultimate,Distinguished,Able,Able,Respected,Master,Respected,Master,Distinguished,Proficient,Able,Proficient,Able,Proficient,Distinguished
Smurfysenga,https://emerald.puzzlepirates.com/yoweb/pirate.wm?classic=false&target=smurfysenga,,Captain,,The Cade Crew,Princess,Symonds Says,Petty Officer,Cryo Island Navy,Puffin,0,,0,,0,,2,Was A Marked Down Shack on Wissahickon Island | Homestead Hut on Lincoln Island,14,Altos | Brummies | Cazl | Clockwatcher | Cupcakeze | Deadwill | Jollyana | Marmy | Mrmoneyboy | Robee | Senga | Sethsea | Shiri | Specke,Aspiring,Aspiring,Aspiring,Aspiring,Crafting,Piracy,Piracy,Crafting,Piracy,Crafting,Carousing,Crafting,Piracy,Carousing,Piracy,Piracy,Carousing,Piracy,Piracy,Piracy,Crafting,Carousing,Piracy,Carousing,Piracy,Crafting,Apprentice,Narrow,Solid,Neophyte,Solid,Narrow,Novice,Neophyte,Narrow,Novice,Solid,Novice,Apprentice,Solid,Novice,Novice,Neophyte,Novice,Novice,Neophyte,Apprentice,Novice,Proficient,Distinguished,Proficient,Proficient,Distinguished,Proficient,Able,Respected,Proficient,Able,Proficient,Able,Legendary,Distinguished,Able,Able,Proficient,Able,Master,Proficient,Legendary,Able
Wiplasher,https://emerald.puzzlepirates.com/yoweb/pirate.wm?classic=false&target=Wiplasher,http://emerald.puzzlepirates.com/media/emerald/portraits/ba8/a1ae1170b01061e7966fc699bb645.jpg,Senior Officer,Drunk,Natural Selection,Prince,No Bamboozles,Admiral,Blackthorpe Island Navy,Pelican,12,Oops I Whisk'd it Again on Caravanserai Island | Sew What on Caravanserai Island | Sacred Hemp of Ibis on Caravanserai Island | Iron Balls on Caravanserai Island | Loom 'n' Lyrics on Armstrong Island | Heavenly Sails on Arakoua Island | Harbor Forge on Barbary Island | Bird Strike Bargains on Caravanserai Island | Rags to Riches on Caravanserai Island | Crazy Ship on Barbary Island | No Ship Sherlock on Caravanserai Island | Scourge of Iron on Caravanserai Island,12,Triceracloth on Arakoua Island | Frigged up on Iocane Island | Greece My Sword on Caravanserai Island | Pound One Out on Bowditch Island | Ship Happens on Kakraphoon Island | Dino Might on Arakoua Island | Hammer and Hound on Spaniel Island | Like A Rolling Forge on Caravanserai Island | Lithium Balls on Armstrong Island | Bamboozled on Scrimshaw Island | Dye For You on Caravanserai Island | Bang from Downtown on Blackthorpe Island,8,Wiplasher's Shipbuilding Stall on Hubble's Eye | Wiplasher's Weaving Stall on Wensleydale | Wiplasher's Shipbuilding Stall on Isle of Kent | Wiplasher's Ironworking Stall on The Lowland Hundred | Martellus's Shipbuilding Stall on Greenwich Island | Amin's Weaving Stall on Wensleydale | Amin's Ironworking Stall on Admiral Island | Amin's Tailoring Stall on Pukru Island,8,Shack eel Oh Kneel on Blackthorpe Island | Was A Marked Down Shack on Wissahickon Island | Caddyshack on Admiral Island | Milkshack on Wensleydale | Bungalow Bill on Admiral Island | Bedside Manors on Admiral Island | Magical Mystery Mansion on Caravanserai Island | Cthulhu Mansion on Admiral Island,12,Chorleychick | Crazee | Daan | Dragonhelper | Greecefeva | Gwilo | Hakerz | Michaelos | Micko | Sacker | Theredwench | Unodos,Aspiring,Noted,Illustrious,Aspiring,Crafting,Piracy,Piracy,Crafting,Piracy,Crafting,Carousing,Crafting,Piracy,Carousing,Piracy,Piracy,Carousing,Piracy,Piracy,Piracy,Crafting,Carousing,Piracy,Carousing,Piracy,Crafting,Solid,Weighty,Illustrious,Solid,Expert,Solid,Narrow,Solid,Expert,Narrow,Illustrious,Solid,Solid,Illustrious,Broad,Expert,Weighty,Neophyte,Expert,Narrow,Weighty,Broad,Respected,Proficient,Grand-Master,Renowned,Renowned,Proficient,Able,Master,Distinguished,Able,Legendary,Master,Grand-Master,Ultimate,Proficient,Distinguished,Legendary,Able,Distinguished,Able,Renowned,Master
Amin,https://emerald.puzzlepirates.com/yoweb/pirate.wm?classic=false&target=amin,http://emerald.puzzlepirates.com/media/emerald/portraits/2ba/cc6f7f65c7beba068a1379e70f47a.jpg,Captain,Shopkeeper,Splash Warning,Prince,No Bamboozles,Ensign,Arakoua Island Navy,Ibis,10,Blow My Bellows on Barbary Island | Triceracloth on Arakoua Island | Pound One Out on Bowditch Island | Dino Might on Arakoua Island | Hammer and Hound on Spaniel Island | Like A Rolling Forge on Caravanserai Island | Lithium Balls on Armstrong Island | Bamboozled on Scrimshaw Island | Large Cannonballs on Aimuari Island | Dye For You on Caravanserai Island,20,Mile High Mongers on Admiral Island | Oops I Whisk'd it Again on Caravanserai Island | The Screwed Goose on Scrimshaw Island | Kitty City on Iocane Island | Frigged up on Iocane Island | Sew What on Caravanserai Island | Sacred Hemp of Ibis on Caravanserai Island | Wicked Weaver on Scrimshaw Island | Ship Happens on Kakraphoon Island | Loom 'n' Lyrics on Armstrong Island | Heavenly Sails on Arakoua Island | Harbor Forge on Barbary Island | Bird Strike Bargains on Caravanserai Island | Rags to Riches on Caravanserai Island | Crazy Ship on Barbary Island | Whisk It For The Biscuit on Scrimshaw Island | Threads of Kukulkan on Arakoua Island | No Ship Sherlock on Caravanserai Island | Bang from Downtown on Blackthorpe Island | Scourge of Iron on Caravanserai Island,7,Amin's Weaving Stall on Wensleydale | Amin's Tailoring Stall on Pukru Island | Amin's Ironworking Stall on Admiral Island | Traegs's Apothecary Stall on Admiral Island | Wiplasher's Weaving Stall on Wensleydale | Wiplasher's Shipbuilding Stall on Hubble's Eye | Wiplasher's Shipbuilding Stall on Isle of Kent,8,Shack eel Oh Kneel on Blackthorpe Island | Pine Boxes on Aimuari Island | King Kottage on Admiral Island | Bringing Town the House on Admiral Island | Cottagious Disease on Aimuari Island | Bringing Town the House on Admiral Island | Bedside Manors on Admiral Island | The Great Estate on Admiral Island,23,Astrangel | Buckets | Capnray | Cinnaman | Embargo | Finbarr | Godoftheseas | Greecefeva | Hamsty | Itsjess | Jakdaniels | Jazz | Martellus | Monlizzy | Narp | Pyke | Rockstarg | Sinkz | Teabiscuit | Traegs | Umami | Wiplasher | Youngsinatra,Rumored,Renowned,Celebrated,Aspiring,Crafting,Piracy,Piracy,Crafting,Piracy,Crafting,Carousing,Crafting,Piracy,Carousing,Piracy,Piracy,Carousing,Piracy,Piracy,Piracy,Crafting,Carousing,Piracy,Carousing,Piracy,Crafting,Weighty,Solid,Broad,Solid,Illustrious,Novice,Novice,Narrow,Solid,Novice,Broad,Broad,Expert,Broad,Neophyte,Solid,Neophyte,Novice,Solid,Novice,Expert,Broad,Renowned,Distinguished,Proficient,Master,Master,Able,Able,Master,Proficient,Able,Able,Proficient,Proficient,Proficient,Able,Distinguished,Able,Able,Distinguished,Proficient,Respected,Respected
Hamsty,https://emerald.puzzlepirates.com/yoweb/pirate.wm?classic=false&target=hamsty,http://emerald.puzzlepirates.com/media/emerald/portraits/c3e/d97454868e604daab242bdb453548.jpg,Senior Officer,Curmudgeon,Splash Warning,Prince,No Bamboozles,Sailor,Blackthorpe Island Navy,Pelican,2,Kitty City on Iocane Island | Frigged up on Iocane Island,21,Malice in the Palace on Blackthorpe Island | Oops I Whisk'd it Again on Caravanserai Island | Blow My Bellows on Barbary Island | Triceracloth on Arakoua Island | Sew What on Caravanserai Island | Sacred Hemp of Ibis on Caravanserai Island | Pound One Out on Bowditch Island | Loom 'n' Lyrics on Armstrong Island | Greece's Pieces on Aimuari Island | Dino Might on Arakoua Island | Harbor Forge on Barbary Island | Hammer and Hound on Spaniel Island | No Ballboozles on Aimuari Island | Bird Strike Bargains on Caravanserai Island | Rags to Riches on Caravanserai Island | Fleet Pics on Caravanserai Island | Crazy Ship on Barbary Island | Ball-Mart on Scrimshaw Island | Bamboozled on Scrimshaw Island | Dye For You on Caravanserai Island | No Ship Sherlock on Caravanserai Island,0,,11,Adobe Abode on Chachapoya Island | Shack Macaque on Alkaid Island | The Cuckoo's Nest on Quetzal Island | Shack eel Oh Kneel on Blackthorpe Island | Minute House on Greenwich Island | Pine Boxes on Aimuari Island | Sigil Shack on Sayers Rock | Was A Marked Down Shack on Wissahickon Island | Riemann Slums on Descartes Isle | The Dove Shack on Armstrong Island | Bringing Town the House on Admiral Island,0,,Rumored,Noted,Noted,Aspiring,Crafting,Piracy,Piracy,Crafting,Piracy,Crafting,Carousing,Crafting,Piracy,Carousing,Piracy,Piracy,Carousing,Piracy,Piracy,Piracy,Crafting,Carousing,Piracy,Carousing,Piracy,Crafting,Novice,Weighty,Expert,Neophyte,Narrow,Novice,Novice,Broad,Broad,Novice,Solid,Broad,Weighty,Solid,Neophyte,Neophyte,Solid,Novice,Narrow,Neophyte,Solid,Novice,Able,Proficient,Respected,Proficient,Able,Able,Distinguished,Able,Distinguished,Able,Able,Distinguished,Proficient,Distinguished,Able,Proficient,Respected,Able,Master,Distinguished,Proficient,Proficient
Martellus,https://emerald.puzzlepirates.com/yoweb/pirate.wm?classic=false&target=martellus,http://emerald.puzzlepirates.com/media/emerald/portraits/b58/d0bad43177ab19df9a41ff6615762.jpg,Captain,Drunk,Queso De Mondays,Princess,No Bamboozles,Petty Officer,Blackthorpe Island Navy,Pelican,3,Malice in the Palace on Blackthorpe Island | Building Dynasties on Blackthorpe Island | Home Court Commodities on Blackthorpe Island,15,Oops I Whisk'd it Again on Caravanserai Island | Triceracloth on Arakoua Island | Sacred Hemp of Ibis on Caravanserai Island | Iron Balls on Caravanserai Island | Loom 'n' Lyrics on Armstrong Island | Heavenly Sails on Arakoua Island | Harbor Forge on Barbary Island | Bird Strike Bargains on Caravanserai Island | Rags to Riches on Caravanserai Island | Crazy Ship on Barbary Island | Bamboozled on Scrimshaw Island | Dye For You on Caravanserai Island | No Ship Sherlock on Caravanserai Island | Bang from Downtown on Blackthorpe Island | Scourge of Iron on Caravanserai Island,6,Martellus's Ironworking Stall on Blackthorpe Island | Martellus's Shipbuilding Stall on Greenwich Island | Martellus's Distilling Stall on Greenwich Island | Martellus's Apothecary Stall on Greenwich Island | Wiplasher's Ironworking Stall on The Lowland Hundred | Wiplasher's Shipbuilding Stall on Isle of Kent,15,Minute House on Greenwich Island | Sigil Shack on Sayers Rock | Milkshack on Wensleydale | Shack eel Oh Kneel on Blackthorpe Island | Caddyshack on Admiral Island | Cabin Fever on Admiral Island | Bungalow Bill on Admiral Island | King Kottage on Admiral Island | Row Me Daddy on Admiral Island | Bringing Town the House on Admiral Island | Caddyshack on Admiral Island | Stab In Cabin on Aimuari Island | Rho House on Descartes Isle | Bringing Town the House on Admiral Island | Bedside Manors on Admiral Island,46,Affame | Beia | Blonde | Bonze | Brocko | Cafefe | Canadagoose | Capnray | Ccarlson | Contressa | Derivatives | Dirtybowdy | Drover | Frostease | Glamourr | Greecefeva | Hamsty | Hellz | Iaago | Jacobdwnunda | Jahron | Jazz | Jerrk | Kizzle | Kushlorde | Lashientax | Maeven | Margaroo | Marioman | Mchicken | Missyfiercer | Narp | Ohmi | Papi | Pedro | Psychi | Shigby | Sonadora | Sonicbang | Sscc | Teabiscuit | Umami | Viator | Walterwhale | Youngsinatra | Zengris,Aspiring,Noted,Established,Aspiring,Crafting,Piracy,Piracy,Crafting,Piracy,Crafting,Carousing,Crafting,Piracy,Carousing,Piracy,Piracy,Carousing,Piracy,Piracy,Piracy,Crafting,Carousing,Piracy,Carousing,Piracy,Crafting,Apprentice,Expert,Weighty,Solid,Solid,Apprentice,Broad,Broad,Solid,Solid,Paragon,Solid,Illustrious,Expert,Solid,Solid,Broad,Narrow,Solid,Narrow,Weighty,Apprentice,Able,Proficient,Distinguished,Renowned,Able,Able,Proficient,Distinguished,Proficient,Proficient,Legendary,Respected,Master,Master,Renowned,Proficient,Proficient,Able,Proficient,Proficient,Distinguished,Able
Ohmi,https://emerald.puzzlepirates.com/yoweb/pirate.wm?classic=false&target=ohmi,http://emerald.puzzlepirates.com/media/emerald/portraits/142/7f5c49aa10dbd8b1c4dd9fd0540ec.jpg,Senior Officer,Navigator,Splash Warning,Lord,No Bamboozles,Lieutenant,Admiral Island Navy,Gull,0,,6,Sew What on Caravanserai Island | Oops I Whisk'd it Again on Caravanserai Island | Harbor Forge on Barbary Island | Bird Strike Bargains on Caravanserai Island | Loom 'n' Lyrics on Armstrong Island | Crazy Ship on Barbary Island,0,,3,Shack eel Oh Kneel on Blackthorpe Island | Cthulhu Mansion on Admiral Island | Bringing Town the House on Admiral Island,11,Amin | Blonde | Daeris | Embargo | Greecefeva | Helium | Mahsa | Mahta | Martellus | Sscc | Youngsinatra,Aspiring,Aspiring,Obscure,Aspiring,Crafting,Piracy,Piracy,Crafting,Piracy,Crafting,Carousing,Crafting,Piracy,Carousing,Piracy,Piracy,Carousing,Piracy,Piracy,Piracy,Crafting,Carousing,Piracy,Carousing,Piracy,Crafting,Solid,Solid,Solid,Solid,Paragon,Novice,Broad,Solid,Solid,Weighty,Solid,Solid,Paragon,Solid,Broad,Solid,Broad,Neophyte,Solid,Solid,Solid,Narrow,Distinguished,Respected,Proficient,Master,Respected,Able,Proficient,Distinguished,Able,Master,Able,Proficient,Able,Proficient,Proficient,Proficient,Proficient,Able,Respected,Renowned,Proficient,Proficient
Sankz,https://emerald.puzzlepirates.com/yoweb/pirate.wm?classic=false&target=sankz,,Senior Officer,,Splash Warning,Lord,No Bamboozles,Chief Petty Officer,Pukru Island Navy,Orion,0,,0,,0,,2,Sea Shack on Scrimshaw Island | Shack eel Oh Kneel on Blackthorpe Island,4,Canceer | Hamsty | Sinkz | Wraps,Aspiring,Aspiring,Aspiring,Aspiring,Crafting,Piracy,Piracy,Crafting,Piracy,Crafting,Carousing,Crafting,Piracy,Carousing,Piracy,Piracy,Carousing,Piracy,Piracy,Piracy,Crafting,Carousing,Piracy,Carousing,Piracy,Crafting,Novice,Apprentice,Novice,Solid,Narrow,Novice,Novice,Apprentice,Narrow,Novice,Narrow,Apprentice,Neophyte,Solid,Novice,Novice,Novice,Novice,Novice,Novice,Solid,Neophyte,Able,Proficient,Able,Ultimate,Proficient,Able,Able,Master,Master,Able,Able,Proficient,Distinguished,Distinguished,Able,Able,Able,Able,Proficient,Able,Distinguished,Distinguished
Wargrade,https://emerald.puzzlepirates.com/yoweb/pirate.wm?classic=false&target=wargrade,,Captain,Nap Specialist,Nightfall,Prince,Deadlock,Stowaway,Cryo Island Navy,Puffin,0,,0,,0,,1,Caddyshack on Admiral Island,0,,Aspiring,Aspiring,Aspiring,Aspiring,Crafting,Piracy,Piracy,Crafting,Piracy,Crafting,Carousing,Crafting,Piracy,Carousing,Piracy,Piracy,Carousing,Piracy,Piracy,Piracy,Crafting,Carousing,Piracy,Carousing,Piracy,Crafting,Novice,Novice,Novice,Novice,Novice,Novice,Novice,Novice,Novice,Novice,Novice,Novice,Novice,Novice,Novice,Novice,Novice,Novice,Novice,Novice,Novice,Novice,Able,Able,Able,Able,Able,Able,Able,Able,Able,Able,Able,Able,Able,Able,Able,Able,Able,Able,Able,Able,Able,Able
Velocirapta,https://emerald.puzzlepirates.com/yoweb/pirate.wm?classic=false&target=velocirapta,,,,,,,Stowaway,Manu Island Navy,Eagle,0,,0,,0,,1,Love Shack on Caravanserai Island,0,,Aspiring,Aspiring,Obscure,Aspiring,Crafting,Piracy,Piracy,Crafting,Piracy,Crafting,Carousing,Crafting,Piracy,Carousing,Piracy,Piracy,Carousing,Piracy,Piracy,Piracy,Crafting,Carousing,Piracy,Carousing,Piracy,Crafting,Novice,Novice,Novice,Solid,Novice,Novice,Novice,Novice,Novice,Novice,Novice,Novice,Novice,Novice,Novice,Novice,Narrow,Novice,Novice,Novice,Novice,Novice,Able,Able,Able,Renowned,Able,Able,Able,Able,Able,Able,Able,Able,Able,Able,Able,Able,Distinguished,Able,Able,Able,Able,Able
Tosl,https://emerald.puzzlepirates.com/yoweb/pirate.wm?classic=false&target=Tosl,http://emerald.puzzlepirates.com/media/emerald/portraits/070/f1ee22e47c568bb5d85027f8e1f75.jpg,Senior Officer,,Sticky Fingers,Prince,Sticky Rubber Duckies,Admiral,Cryo Island Navy,Puffin,1,Bang Bang Brews on Admiral Island,3,Frigate Driver on Admiral Island | Awol or Distilling on Armstrong Island | Brandy on the House on Caravanserai Island,1,Turtleman's Apothecary Stall on Admiral Island,10,Milkshack on Wensleydale | Love Shack on Caravanserai Island | Caddyshack on Admiral Island | Row Me Daddy on Admiral Island | Bedside Manors on Admiral Island | Pine Boxes on Aimuari Island | Caddyshack on Admiral Island | Bedside Manors on Admiral Island | Cthulhu Mansion on Admiral Island | Cthulhu Mansion on Admiral Island,13,Ganderz | Geologist-East | Greyscale | Hbombalt | Hbombed | Heyyl | Jice | Krakathooms | Legendu | Penguinluvs | Sarandai | Saviour | Spadesonly,Aspiring,Renowned,Illustrious,Aspiring,Crafting,Piracy,Piracy,Crafting,Piracy,Crafting,Carousing,Crafting,Piracy,Carousing,Piracy,Piracy,Carousing,Piracy,Piracy,Piracy,Crafting,Carousing,Piracy,Carousing,Piracy,Crafting,Paragon,Illustrious,Illustrious,Expert,Sublime,Exalted,Expert,Revered,Exalted,Illustrious,Exalted,Sublime,Illustrious,Illustrious,Expert,Illustrious,Paragon,Illustrious,Paragon,Expert,Revered,Illustrious,Ultimate,Proficient,Legendary,Legendary,Ultimate,Renowned,Renowned,Able,Master,Legendary,Respected,Master,Respected,Ultimate,Grand-Master,Legendary,Grand-Master,Renowned,Renowned,Master,Able,Ultimate
Blackboott,https://emerald.puzzlepirates.com/yoweb/pirate.wm?classic=false&target=Blackboott,http://emerald.puzzlepirates.com/media/emerald/portraits/9e0/fcfc7f26777e47aab3b705a5c7302.jpg,Captain,Warmonger,Raging Waters,King,Raging Waters,Lieutenant Commander,Barbary Island Navy,Ibis,2,Black Balls on Barbary Island | Raging Waters on Barbary Island,0,,0,,12,Jurassic Shack on Arakoua Island | The Dove Shack on Armstrong Island | Sidekick Shacks on Barbary Island | Pine Boxes on Aimuari Island | Sigil Shack on Sayers Rock | Cabin Fever on Admiral Island | Row Me Daddy on Admiral Island | Stab In Cabin on Aimuari Island | Cabin Fever on Admiral Island | Bedside Manors on Admiral Island | Villa Las Vegas on Admiral Island | The Great Estate on Admiral Island,6,Angelxx | Cities | Despar | Laguiole | Mattsonny | Redbluff,Obscure,Established,Illustrious,Aspiring,Crafting,Piracy,Piracy,Crafting,Piracy,Crafting,Carousing,Crafting,Piracy,Carousing,Piracy,Piracy,Carousing,Piracy,Piracy,Piracy,Crafting,Carousing,Piracy,Carousing,Piracy,Crafting,Solid,Weighty,Illustrious,Weighty,Weighty,Narrow,Neophyte,Weighty,Solid,Novice,Expert,Solid,Paragon,Illustrious,Apprentice,Broad,Weighty,Novice,Weighty,Neophyte,Expert,Solid,Distinguished,Respected,Legendary,Ultimate,Master,Able,Able,Ultimate,Respected,Able,Grand-Master,Master,Proficient,Legendary,Able,Proficient,Legendary,Able,Renowned,Able,Grand-Master,Grand-Master
Angelxx,https://emerald.puzzlepirates.com/yoweb/pirate.wm?classic=false&target=Angelxx,http://emerald.puzzlepirates.com/media/emerald/portraits/4ab/ce3a619581a97843c34dbca6c633a.jpg,Senior Officer,Lookout,Raging Waters,Princess,Raging Waters,Admiral,Admiral Island Navy,Gull,0,,2,Raging Waters on Barbary Island | Black Balls on Barbary Island,0,,11,Love Shack on Caravanserai Island | The Dove Shack on Armstrong Island | Sea Shack on Scrimshaw Island | Sigil Shack on Sayers Rock | Caddyshack on Admiral Island | King Kottage on Admiral Island | Row Me Daddy on Admiral Island | Row Me Daddy on Admiral Island | Bedside Manors on Admiral Island | Villa Las Vegas on Admiral Island | The Great Estate on Admiral Island,1,Alexco,Obscure,Aspiring,Aspiring,Aspiring,Crafting,Piracy,Piracy,Crafting,Piracy,Crafting,Carousing,Crafting,Piracy,Carousing,Piracy,Piracy,Carousing,Piracy,Piracy,Piracy,Crafting,Carousing,Piracy,Carousing,Piracy,Crafting,Solid,Solid,Weighty,Paragon,Weighty,Narrow,Narrow,Weighty,Weighty,Narrow,Weighty,Expert,Weighty,Solid,Broad,Revered,Solid,Apprentice,Solid,Broad,Weighty,Weighty,Proficient,Proficient,Proficient,Distinguished,Proficient,Proficient,Able,Proficient,Able,Able,Able,Distinguished,Able,Able,Proficient,Respected,Able,Able,Master,Able,Proficient,Proficient
Cities,https://emerald.puzzlepirates.com/yoweb/pirate.wm?classic=false&target=Cities,http://emerald.puzzlepirates.com/media/emerald/portraits/45b/58af25d188e7e4fecbe24d7c22bc1.jpg,Senior Officer,First Mate,Raging Waters,Prince,Raging Waters,Chief Petty Officer,Admiral Island Navy,Gull,0,,1,Black Balls on Barbary Island,0,,2,The Cuckoo's Nest on Quetzal Island | Bedside Manors on Admiral Island,6,Angelxx | Blackboott | Jravalos | Laguiole | Mattsonny | Texnikos,Aspiring,Aspiring,Aspiring,Aspiring,Crafting,Piracy,Piracy,Crafting,Piracy,Crafting,Carousing,Crafting,Piracy,Carousing,Piracy,Piracy,Carousing,Piracy,Piracy,Piracy,Crafting,Carousing,Piracy,Carousing,Piracy,Crafting,Novice,Solid,Solid,Weighty,Solid,Novice,Neophyte,Solid,Solid,Apprentice,Novice,Solid,Weighty,Broad,Novice,Broad,Narrow,Broad,Apprentice,Novice,Paragon,Novice,Able,Distinguished,Proficient,Renowned,Able,Able,Proficient,Distinguished,Proficient,Proficient,Able,Distinguished,Renowned,Able,Proficient,Proficient,Proficient,Proficient,Proficient,Proficient,Proficient,Able
Kammilah,https://emerald.puzzlepirates.com/yoweb/pirate.wm?classic=false&target=Kammilah,http://emerald.puzzlepirates.com/media/emerald/portraits/ff7/edbf04a2912fb7dc73f4d1bc6124b.jpg,Captain,,Cursed Islander's,Princess,Raging Waters,Lieutenant,Tumult Island Navy,Canis,0,,2,Black Balls on Barbary Island | Raging Waters on Barbary Island,0,,17,Pine Boxes on Aimuari Island | Sigil Shack on Sayers Rock | The Dove Shack on Armstrong Island | Caddyshack on Admiral Island | Shack Macaque on Alkaid Island | Minute House on Greenwich Island | Homestead Hut on Lincoln Island | Adobe Abode on Chachapoya Island | Cabin Fever on Admiral Island | Bungallows on Aimuari Island | Bungalow Bill on Admiral Island | Row Me Daddy on Admiral Island | Only a Manor of Time on Aimuari Island | The Great Estate on Admiral Island | Cottagious Disease on Aimuari Island | King Kottage on Admiral Island | Jonestown Houses on Aimuari Island,0,,Aspiring,Aspiring,Obscure,Aspiring,Crafting,Piracy,Piracy,Crafting,Piracy,Crafting,Carousing,Crafting,Piracy,Carousing,Piracy,Piracy,Carousing,Piracy,Piracy,Piracy,Crafting,Carousing,Piracy,Carousing,Piracy,Crafting,Neophyte,Solid,Illustrious,Solid,Solid,Novice,Narrow,Solid,Solid,Narrow,Solid,Broad,Illustrious,Solid,Neophyte,Solid,Solid,Narrow,Solid,Narrow,Solid,Narrow,Able,Grand-Master,Renowned,Legendary,Proficient,Able,Proficient,Respected,Distinguished,Able,Proficient,Respected,Grand-Master,Respected,Respected,Proficient,Grand-Master,Able,Respected,Able,Grand-Master,Respected
Mattsonny,https://emerald.puzzlepirates.com/yoweb/pirate.wm?classic=false&target=mattsonny,http://emerald.puzzlepirates.com/media/emerald/portraits/78a/5c23a9e64ae9b6fe0cefec0656f2c.jpg,Senior Officer,Monster Hunter,Raging Waters,Prince,Raging Waters,Lieutenant,Greenwich Island Navy,Pelican,7,Sunny Mountain Spice on Scrimshaw Island | Sunny Mountain Balls on Caravanserai Island | Looming Threats on Caravanserai Island | Sunny Mountain Shot on Aimuari Island | Sunny Mountain Steel on Scrimshaw Island | Sunny Mountain Ammo on Armstrong Island | Sunny Mountain Mixes on Armstrong Island,0,,6,Mattsonny's Apothecary Stall on Greenwich Island | Mattsonny's Ironworking Stall on Greenwich Island | Mattsonny's Apothecary Stall on Descartes Isle | Mattsonny's Shipbuilding Stall on Greenwich Island | Mattsonny's Apothecary Stall on Aimuari Island | Mattsonny's Ironworking Stall on Blackthorpe Island,6,Sea Shack on Scrimshaw Island | Caddyshack on Admiral Island | Past Tents on Greenwich Island | Minute House on Greenwich Island | Jonestown Houses on Aimuari Island | Cthulhu Mansion on Admiral Island,5,Blackboott | Cities | Codefish | Texnikos | Whazza,Aspiring,Rumored,Illustrious,Aspiring,Crafting,Piracy,Piracy,Crafting,Piracy,Crafting,Carousing,Crafting,Piracy,Carousing,Piracy,Piracy,Carousing,Piracy,Piracy,Piracy,Crafting,Carousing,Piracy,Carousing,Piracy,Crafting,Solid,Solid,Expert,Solid,Weighty,Narrow,Neophyte,Solid,Solid,Neophyte,Paragon,Solid,Expert,Solid,Apprentice,Weighty,Narrow,Broad,Expert,Novice,Broad,Broad,Master,Legendary,Ultimate,Grand-Master,Grand-Master,Able,Renowned,Respected,Master,Able,Legendary,Master,Respected,Renowned,Renowned,Ultimate,Proficient,Proficient,Legendary,Distinguished,Legendary,Renowned
Texnikos,https://emerald.puzzlepirates.com/yoweb/pirate.wm?classic=false&target=texnikos,http://emerald.puzzlepirates.com/media/emerald/portraits/dc7/591effede01a8612538a2d441a1cc.jpg,Captain,,Collateral Damage,Lord,Crash Out,Commander,Admiral Island Navy,Gull,0,,0,,0,,4,Caddyshack on Admiral Island | Love Shack on Caravanserai Island | Shack Macaque on Alkaid Island | Caddyshack on Admiral Island,13,Baeboss | Cities | Dalnoth | Euphoria | Flucinn | Fools | Graysn | Kainos | Krimz | Mattsonny | Odds | Sscc | Umami,Aspiring,Celebrated,Celebrated,Aspiring,Crafting,Piracy,Piracy,Crafting,Piracy,Crafting,Carousing,Crafting,Piracy,Carousing,Piracy,Piracy,Carousing,Piracy,Piracy,Piracy,Crafting,Carousing,Piracy,Carousing,Piracy,Crafting,Solid,Illustrious,Sublime,Weighty,Solid,Apprentice,Neophyte,Solid,Solid,Novice,Solid,Weighty,Solid,Revered,Narrow,Broad,Apprentice,Novice,Narrow,Apprentice,Paragon,Narrow,Distinguished,Proficient,Ultimate,Grand-Master,Master,Able,Able,Grand-Master,Respected,Able,Legendary,Renowned,Renowned,Ultimate,Renowned,Proficient,Proficient,Able,Renowned,Master,Renowned,Grand-Master
Baeboss,https://emerald.puzzlepirates.com/yoweb/pirate.wm?classic=false&target=baeboss,http://emerald.puzzlepirates.com/media/emerald/portraits/64b/5516c04c8ccaede0505c571b5c351.jpg,Senior Officer,,Collateral Damage,Member,Crash Out,Lieutenant Commander,Admiral Island Navy,Gull,0,,0,,1,Aramsamsam's Tailoring Stall on Admiral Island,6,Minute House on Greenwich Island | Bungalow Bill on Admiral Island | King Kottage on Admiral Island | Bedside Manors on Admiral Island | The Dove Shack on Armstrong Island | Pine Boxes on Aimuari Island,1,Cidocat,Renowned,Renowned,Renowned,Aspiring,Crafting,Piracy,Piracy,Crafting,Piracy,Crafting,Carousing,Crafting,Piracy,Carousing,Piracy,Piracy,Carousing,Piracy,Piracy,Piracy,Crafting,Carousing,Piracy,Carousing,Piracy,Crafting,Apprentice,Broad,Paragon,Narrow,Solid,Neophyte,Apprentice,Solid,Solid,Neophyte,Solid,Solid,Illustrious,Solid,Broad,Weighty,Narrow,Neophyte,Solid,Narrow,Solid,Narrow,Able,Respected,Ultimate,Proficient,Distinguished,Proficient,Distinguished,Proficient,Proficient,Able,Respected,Master,Able,Renowned,Master,Respected,Proficient,Able,Respected,Able,Grand-Master,Master
Tekshadow,https://emerald.puzzlepirates.com/yoweb/pirate.wm?classic=false&target=tekshadow,http://emerald.puzzlepirates.com/media/emerald/portraits/775/7dda19da23b3abbabbaed5b7715ae.jpg,Fleet Officer,Gunner,Raging Waters,Lord,Raging Waters,Ensign,Admiral Island Navy,Gull,0,,1,I Ship My Pants on Barbary Island,0,,4,Caddyshack on Admiral Island | Villa Las Vegas on Admiral Island | Bedside Manors on Admiral Island | Villa Las Vegas on Admiral Island,0,,Aspiring,Aspiring,Aspiring,Aspiring,Crafting,Piracy,Piracy,Crafting,Piracy,Crafting,Carousing,Crafting,Piracy,Carousing,Piracy,Piracy,Carousing,Piracy,Piracy,Piracy,Crafting,Carousing,Piracy,Carousing,Piracy,Crafting,Neophyte,Solid,Narrow,Neophyte,Narrow,Novice,Novice,Solid,Solid,Narrow,Broad,Solid,Broad,Broad,Apprentice,Narrow,Solid,Novice,Neophyte,Novice,Expert,Neophyte,Able,Respected,Proficient,Proficient,Proficient,Able,Able,Renowned,Respected,Able,Proficient,Respected,Proficient,Distinguished,Renowned,Able,Respected,Able,Respected,Proficient,Distinguished,Proficient
Helium,https://emerald.puzzlepirates.com/yoweb/pirate.wm?classic=false&target=helium,http://emerald.puzzlepirates.com/media/emerald/portraits/62c/4ad132dac31c528dd4a0c78138448.jpg,Senior Officer,Flirt,The Rum Rats,Lady,The Scarlet Empire,Commander,Admiral Island Navy,Gull,9,Mustard on Armstrong Island | Skelly Rum on Barbary Island | Renaissance on Sayers Rock | Killer Brew on Aimuari Island | Wayland Smith on Sayers Rock | Man of Steel on Barbary Island | Rum The Jewels on Armstrong Island | Oceans Ale-ven on Admiral Island | Sugar and Spice on Barbary Island,10,Serket's Poison on Sayers Rock | Impostor Fort on Marlowe Island | Iron Night on Scrimshaw Island | You Dirty Oar on Marlowe Island | Banana Boats on Sayers Rock | Dress to Impress on Aimuari Island | Steel Dre on Armstrong Island | Brig | Don't Kill My Vibe on Armstrong Island | Deadwood on Barbary Island,3,Helium's Tailoring Stall on Wensleydale | Skinnyminnie's Tailoring Stall on Aimuari Island | Mischievious's Tailoring Stall on Wensleydale,17,Riemann Slums on Descartes Isle | Caddyshack on Admiral Island | Pine Boxes on Aimuari Island | Minute House on Greenwich Island | Sigil Shack on Sayers Rock | Villa Las Vegas on Admiral Island | Shack Macaque on Alkaid Island | Caddyshack on Admiral Island | Minute House on Greenwich Island | Minute House on Greenwich Island | King Kottage on Admiral Island | Method Manor on Armstrong Island | Bedside Manors on Admiral Island | Villa Las Vegas on Admiral Island | Poseidon's Castle on Scrimshaw Island | Tomb of the Hallowed Soul on Aimuari Island | Guardians of the Gallery on Admiral Island,0,,Established,Eminent,Illustrious,Aspiring,Crafting,Piracy,Piracy,Crafting,Piracy,Crafting,Carousing,Crafting,Piracy,Carousing,Piracy,Piracy,Carousing,Piracy,Piracy,Piracy,Crafting,Carousing,Piracy,Carousing,Piracy,Crafting,Solid,Solid,Paragon,Solid,Illustrious,Revered,Solid,Weighty,Revered,Broad,Sublime,Revered,Solid,Expert,Broad,Expert,Weighty,Apprentice,Solid,Solid,Revered,Broad,Grand-Master,Ultimate,Grand-Master,Ultimate,Ultimate,Ultimate,Master,Ultimate,Legendary,Able,Legendary,Ultimate,Distinguished,Proficient,Renowned,Master,Renowned,Able,Renowned,Legendary,Respected,Master
Heliumxoxo,https://emerald.puzzlepirates.com/yoweb/pirate.wm?classic=false&target=heliumxoxo,,Senior Officer,,Just Vibes,King,Aftermath,Stowaway,Lincoln Island Navy,Gull,0,,0,,0,,2,Minute House on Greenwich Island | Homestead Hut on Lincoln Island,0,,Aspiring,Aspiring,Obscure,Aspiring,Crafting,Piracy,Piracy,Crafting,Piracy,Crafting,Carousing,Crafting,Piracy,Carousing,Piracy,Piracy,Carousing,Piracy,Piracy,Piracy,Crafting,Carousing,Piracy,Carousing,Piracy,Crafting,Apprentice,Solid,Narrow,Neophyte,Narrow,Expert,Novice,Novice,Solid,Novice,Novice,Solid,Novice,Novice,Novice,Novice,Apprentice,Novice,Novice,Novice,Solid,Novice,Distinguished,Able,Able,Able,Proficient,Legendary,Able,Able,Grand-Master,Able,Able,Master,Able,Able,Able,Able,Proficient,Able,Able,Distinguished,Respected,Able
Skinnyminnie,https://emerald.puzzlepirates.com/yoweb/pirate.wm?classic=false&target=skinnyminnie,http://emerald.puzzlepirates.com/media/emerald/portraits/135/86eb337437d2aef1cff94f40b501a.jpg,Senior Officer,,Just Vibes,Lady,Aftermath,Admiral,Aimuari Island Navy,Orion,3,Dress to Impress on Aimuari Island | Brig | Don't Kill My Vibe on Armstrong Island,9,Killer Krafts on The Lowland Hundred | Wayland Smith on Sayers Rock | Steel Dre on Armstrong Island | Man of Steel on Barbary Island | Rum The Jewels on Armstrong Island | Skelly Rum on Barbary Island | Deadwood on Barbary Island | Banana Boats on Sayers Rock | Renaissance on Sayers Rock,1,Skinnyminnie's Tailoring Stall on Aimuari Island,6,Villa of the Damned on Aimuari Island | Cthulhu Mansion on Admiral Island | Tomb of the Hallowed Soul on Aimuari Island | Tomb of the Hallowed Soul on Aimuari Island | Spamalot on Bowditch Island | Be Our Guest Gallery on Armstrong Island,8,Gabebone | Ghostdoctors | Gurbo | Helium | Herse | Joediggity | Venom | Xpac,Aspiring,Aspiring,Aspiring,Aspiring,Crafting,Piracy,Piracy,Crafting,Piracy,Crafting,Carousing,Crafting,Piracy,Carousing,Piracy,Piracy,Carousing,Piracy,Piracy,Piracy,Crafting,Carousing,Piracy,Carousing,Piracy,Crafting,Broad,Solid,Weighty,Solid,Illustrious,Apprentice,Novice,Expert,Expert,Novice,Illustrious,Paragon,Solid,Narrow,Narrow,Revered,Expert,Novice,Broad,Narrow,Illustrious,Novice,Distinguished,Master,Proficient,Distinguished,Distinguished,Proficient,Able,Master,Proficient,Able,Proficient,Distinguished,Renowned,Able,Proficient,Respected,Respected,Able,Grand-Master,Proficient,Distinguished,Able
Gurbo,https://emerald.puzzlepirates.com/yoweb/pirate.wm?classic=false&target=gurbo,http://emerald.puzzlepirates.com/media/emerald/portraits/bb2/efd2916be6dbe76842df5306d0957.jpg,Captain,Explosives Expert,Just Vibes,Prince,Aftermath,Admiral,Admiral Island Navy,Gull,2,Impostor Fort on Marlowe Island | You Dirty Oar on Marlowe Island,8,Wayland Smith on Sayers Rock | Steel Dre on Armstrong Island | Man of Steel on Barbary Island | Rum The Jewels on Armstrong Island | Skelly Rum on Barbary Island | Deadwood on Barbary Island | Banana Boats on Sayers Rock | Renaissance on Sayers Rock,0,,7,Shack eel Oh Kneel on Blackthorpe Island | Caddyshack on Admiral Island | Bungalow Bill on Admiral Island | King Kottage on Admiral Island | Minute House on Greenwich Island | Bedside Manors on Admiral Island | Be Our Guest Gallery on Armstrong Island,0,,Aspiring,Aspiring,Rumored,Aspiring,Crafting,Piracy,Piracy,Crafting,Piracy,Crafting,Carousing,Crafting,Piracy,Carousing,Piracy,Piracy,Carousing,Piracy,Piracy,Piracy,Crafting,Carousing,Piracy,Carousing,Piracy,Crafting,Broad,Expert,Paragon,Expert,Sublime,Broad,Narrow,Weighty,Revered,Weighty,Expert,Weighty,Paragon,Illustrious,Broad,Expert,Expert,Neophyte,Paragon,Narrow,Expert,Neophyte,Proficient,Ultimate,Respected,Renowned,Distinguished,Distinguished,Proficient,Distinguished,Ultimate,Proficient,Respected,Master,Master,Respected,Renowned,Master,Distinguished,Able,Master,Able,Ultimate,Proficient
Venom,https://emerald.puzzlepirates.com/yoweb/pirate.wm?classic=false&target=venom,http://emerald.puzzlepirates.com/media/emerald/portraits/cda/7eb3a23f894fc503765352e37dc77.jpg,Senior Officer,,Just Vibes,Princess,Aftermath,Petty Officer,Admiral Island Navy,Gull,0,,0,,0,,4,Bedside Manors on Admiral Island | Bedside Manors on Admiral Island | Bedside Manors on Admiral Island | The Great Estate on Admiral Island,10,Gurbo | Helium | Joeythekid | Majestrate | Mischievious | Pistacho | Recary | Skinnyminnie | Velta | Xpac,Aspiring,Aspiring,Aspiring,Aspiring,Crafting,Piracy,Piracy,Crafting,Piracy,Crafting,Carousing,Crafting,Piracy,Carousing,Piracy,Piracy,Carousing,Piracy,Piracy,Piracy,Crafting,Carousing,Piracy,Carousing,Piracy,Crafting,Novice,Novice,Novice,Novice,Neophyte,Novice,Novice,Novice,Narrow,Novice,Novice,Solid,Novice,Novice,Novice,Narrow,Neophyte,Novice,Novice,Novice,Neophyte,Neophyte,Able,Able,Able,Able,Able,Able,Able,Able,Able,Able,Able,Distinguished,Able,Able,Able,Able,Able,Able,Proficient,Able,Able,Proficient
Anthwax,https://emerald.puzzlepirates.com/yoweb/pirate.wm?classic=false&target=anthwax,http://emerald.puzzlepirates.com/media/emerald/portraits/cd5/54bc4f1c363a0e4493e8e0f7b2b9f.jpg,Senior Officer,,Just Vibes,Lord,Aftermath,Lieutenant Commander,Scrimshaw Island Navy,Stork,0,,0,,0,,5,Sigil Shack on Sayers Rock | Shack Macaque on Alkaid Island | Caddyshack on Admiral Island | Row Me Daddy on Admiral Island | Cottage Cove on Scrimshaw Island,3,Ghostdoctors | Skinnyminnie | Syrupmaker,Aspiring,Aspiring,Aspiring,Aspiring,Crafting,Piracy,Piracy,Crafting,Piracy,Crafting,Carousing,Crafting,Piracy,Carousing,Piracy,Piracy,Carousing,Piracy,Piracy,Piracy,Crafting,Carousing,Piracy,Carousing,Piracy,Crafting,Novice,Solid,Paragon,Narrow,Paragon,Novice,Novice,Narrow,Solid,Apprentice,Weighty,Paragon,Expert,Weighty,Neophyte,Solid,Neophyte,Novice,Solid,Neophyte,Weighty,Novice,Able,Distinguished,Renowned,Proficient,Master,Able,Distinguished,Proficient,Master,Able,Distinguished,Legendary,Grand-Master,Distinguished,Proficient,Proficient,Proficient,Able,Master,Proficient,Distinguished,Able
Erectbacon,https://emerald.puzzlepirates.com/yoweb/pirate.wm?classic=false&target=erectbacon,http://emerald.puzzlepirates.com/media/emerald/portraits/4cf/9cd47fae102bb6798213a1ec8acf0.jpg,Senior Officer,,Just Vibes,Lord,Aftermath,Lieutenant,Aimuari Island Navy,Orion,0,,0,,0,,2,Pine Boxes on Aimuari Island | Jonestown Houses on Aimuari Island,1,Fufuru,Aspiring,Aspiring,Aspiring,Aspiring,Crafting,Piracy,Piracy,Crafting,Piracy,Crafting,Carousing,Crafting,Piracy,Carousing,Piracy,Piracy,Carousing,Piracy,Piracy,Piracy,Crafting,Carousing,Piracy,Carousing,Piracy,Crafting,Broad,Novice,Solid,Broad,Solid,Illustrious,Novice,Narrow,Weighty,Novice,Weighty,Expert,Neophyte,Weighty,Novice,Solid,Solid,Novice,Novice,Novice,Solid,Broad,Distinguished,Able,Respected,Respected,Master,Respected,Able,Master,Renowned,Able,Ultimate,Renowned,Respected,Ultimate,Able,Master,Renowned,Able,Able,Proficient,Legendary,Master
Ghostdoctors,https://emerald.puzzlepirates.com/yoweb/pirate.wm?classic=false&target=ghostdoctors,http://emerald.puzzlepirates.com/media/emerald/portraits/5f2/52eb3fd72311e16a1247a4df39912.jpg,Senior Officer,,Just Vibes,Lord,Aftermath,Lieutenant,Admiral Island Navy,Gull,0,,1,Dress to Impress on Aimuari Island,0,,3,Sidekick Shacks on Barbary Island | Row Me Daddy on Admiral Island | Caddyshack on Admiral Island,3,Captainlefka | Princessmg | Squishat,Aspiring,Aspiring,Aspiring,Aspiring,Crafting,Piracy,Piracy,Crafting,Piracy,Crafting,Carousing,Crafting,Piracy,Carousing,Piracy,Piracy,Carousing,Piracy,Piracy,Piracy,Crafting,Carousing,Piracy,Carousing,Piracy,Crafting,Novice,Solid,Solid,Neophyte,Expert,Novice,Novice,Solid,Solid,Narrow,Solid,Solid,Solid,Solid,Narrow,Paragon,Broad,Broad,Illustrious,Neophyte,Weighty,Novice,Able,Ultimate,Respected,Proficient,Respected,Proficient,Proficient,Respected,Distinguished,Able,Distinguished,Respected,Proficient,Respected,Proficient,Grand-Master,Distinguished,Proficient,Master,Able,Master,Able
Drelbatish,https://emerald.puzzlepirates.com/yoweb/pirate.wm?classic=false&target=drelbatish,http://emerald.puzzlepirates.com/media/emerald/portraits/cd8/25381f84db8318fe8b20f56465f5a.jpg,Senior Officer,,Thank You Next,Lord,Pull Out,Lieutenant,Aimuari Island Navy,Orion,1,Necromantically Forged on Aimuari Island,0,,0,,3,Sigil Shack on Sayers Rock | Caddyshack on Admiral Island | Villa Las Vegas on Admiral Island,2,Agumon | Kingbeverly,Aspiring,Aspiring,Rumored,Aspiring,Crafting,Piracy,Piracy,Crafting,Piracy,Crafting,Carousing,Crafting,Piracy,Carousing,Piracy,Piracy,Carousing,Piracy,Piracy,Piracy,Crafting,Carousing,Piracy,Carousing,Piracy,Crafting,Apprentice,Solid,Weighty,Solid,Weighty,Solid,Apprentice,Narrow,Broad,Novice,Solid,Broad,Paragon,Weighty,Novice,Expert,Illustrious,Novice,Narrow,Neophyte,Solid,Apprentice,Proficient,Legendary,Master,Renowned,Distinguished,Proficient,Able,Distinguished,Proficient,Able,Able,Distinguished,Able,Ultimate,Able,Respected,Grand-Master,Able,Grand-Master,Respected,Distinguished,Proficient
Evrie,https://emerald.puzzlepirates.com/yoweb/pirate.wm?classic=false&target=evrie,http://emerald.puzzlepirates.com/media/emerald/portraits/178/06d8c56ac87be935235252ad3548e.jpg,Senior Officer,First Mate,Krabby Patty Patrol,Prince,Good Vibes Only,Lieutenant Commander,Manu Island Navy,Eagle,5,The Flimsy Fort on Manu Island | Spicy Vibes on Sayers Rock | Waka Workshop on Manu Island | Straight Outta Cotton on Armstrong Island | Grape Vine Originals on Sayers Rock,2,The Flimsy Hideout on Ix Chel | Gunpowder & Valor Operations on Sayers Rock,7,Evrie's Apothecary Stall on Aimuari Island | Evrie's Distilling Stall on Aimuari Island | Evrie's Distilling Stall on Armstrong Island | Evrie's Furnishing Stall on Aimuari Island | Evrie's Apothecary Stall on Armstrong Island | Evrie's Ironworking Stall on Armstrong Island | Evrie's Ironworking Stall on Aimuari Island,8,The Dove Shack on Armstrong Island | Caddyshack on Admiral Island | Row Me Daddy on Admiral Island | Caddyshack on Admiral Island | Caddyshack on Admiral Island | Bunga Lowrider on Armstrong Island | King Kottage on Admiral Island | Row Me Daddy on Admiral Island,16,Adrielle | Catalystic | Celtuce | Flimm | Freaper | Getpillaged | Jazzmy | Katanatrauma | Mickkey | Nightengaled | Obaider | Pilipala | Platibo | Sanguinem | Skurvy | Vera,Renowned,Celebrated,Eminent,Rumored,Crafting,Piracy,Piracy,Crafting,Piracy,Crafting,Carousing,Crafting,Piracy,Carousing,Piracy,Piracy,Carousing,Piracy,Piracy,Piracy,Crafting,Carousing,Piracy,Carousing,Piracy,Crafting,Expert,Paragon,Weighty,Solid,Broad,Weighty,Broad,Solid,Weighty,Broad,Expert,Solid,Solid,Broad,Narrow,Illustrious,Paragon,Broad,Illustrious,Broad,Paragon,Solid,Legendary,Respected,Master,Respected,Able,Distinguished,Distinguished,Master,Respected,Able,Respected,Distinguished,Able,Able,Proficient,Ultimate,Renowned,Proficient,Master,Proficient,Master,Master
Flimm,https://emerald.puzzlepirates.com/yoweb/pirate.wm?classic=false&target=flimm,http://emerald.puzzlepirates.com/media/emerald/portraits/cf4/c1ba396ab65e3723a2aac6404f801.jpg,Captain,Old Salt,No Drama Llamas,King,Good Vibes Only,Sailor,Admiral Island Navy,Gull,0,,7,The Mighty Weave on Caravanserai Island | The Flimsy Hideout on Ix Chel | The Flimsy Fort on Manu Island | Spicy Vibes on Sayers Rock | Gunpowder & Valor Operations on Sayers Rock | Waka Workshop on Manu Island | Grape Vine Originals on Sayers Rock,1,Evrie's Apothecary Stall on Armstrong Island,9,Mayfair Mansions on Pukru Island | Row Me Daddy on Admiral Island | Bedside Manors on Admiral Island | Cabin Fever on Admiral Island | Cottagious Disease on Aimuari Island | Bedside Manors on Admiral Island | Bedside Manors on Admiral Island | Cthulhu Mansion on Admiral Island | Eccentric Estates on Arakoua Island,1,Adrielle,Aspiring,Established,Established,Aspiring,Crafting,Piracy,Piracy,Crafting,Piracy,Crafting,Carousing,Crafting,Piracy,Carousing,Piracy,Piracy,Carousing,Piracy,Piracy,Piracy,Crafting,Carousing,Piracy,Carousing,Piracy,Crafting,Solid,Solid,Expert,Narrow,Broad,Neophyte,Novice,Solid,Solid,Solid,Narrow,Neophyte,Broad,Narrow,Novice,Paragon,Narrow,Novice,Solid,Neophyte,Expert,Novice,Respected,Grand-Master,Distinguished,Proficient,Proficient,Proficient,Distinguished,Distinguished,Able,Proficient,Able,Able,Master,Able,Proficient,Master,Able,Able,Master,Able,Distinguished,Proficient
Adrielle,https://emerald.puzzlepirates.com/yoweb/pirate.wm?classic=false&target=adrielle,http://emerald.puzzlepirates.com/media/emerald/portraits/320/53e311dec10ab53337e536dd68f74.jpg,Senior Officer,First Mate,No Drama Llamas,Princess,Good Vibes Only,Admiral,Admiral Island Navy,Gull,1,Gunpowder & Valor Operations on Sayers Rock,2,Spicy Vibes on Sayers Rock | Grape Vine Originals on Sayers Rock,0,,11,Homestead Hut on Lincoln Island | The Dove Shack on Armstrong Island | The Cuckoo's Nest on Quetzal Island | Bedside Manors on Admiral Island | Adobe Abode on Chachapoya Island | King Kottage on Admiral Island | Row Me Daddy on Admiral Island | Bedside Manors on Admiral Island | Bedside Manors on Admiral Island | Cthulhu Mansion on Admiral Island | The Great Estate on Admiral Island,1,Flimm,Aspiring,Established,Eminent,Aspiring,Crafting,Piracy,Piracy,Crafting,Piracy,Crafting,Carousing,Crafting,Piracy,Carousing,Piracy,Piracy,Carousing,Piracy,Piracy,Piracy,Crafting,Carousing,Piracy,Carousing,Piracy,Crafting,Expert,Weighty,Sublime,Solid,Sublime,Paragon,Narrow,Weighty,Expert,Broad,Illustrious,Paragon,Narrow,Paragon,Narrow,Revered,Illustrious,Novice,Broad,Narrow,Paragon,Broad,Master,Respected,Grand-Master,Respected,Master,Renowned,Able,Renowned,Respected,Able,Distinguished,Ultimate,Distinguished,Master,Respected,Ultimate,Respected,Able,Respected,Proficient,Respected,Master
Getpillaged,https://emerald.puzzlepirates.com/yoweb/pirate.wm?classic=false&target=getpillaged,http://emerald.puzzlepirates.com/media/emerald/portraits/74f/9fbea21b702db68ed308ff6c88d36.jpg,Captain,Blacksmith,Krabby Patty Patrol,Prince,Good Vibes Only,Lieutenant,Manu Island Navy,Eagle,2,Barnacle & Bronze on Arakoua Island | Sweet Victory Bladeworks on Caravanserai Island,4,Spicy Vibes on Sayers Rock | Gunpowder & Valor Operations on Sayers Rock | Waka Workshop on Manu Island | Grape Vine Originals on Sayers Rock,3,Doajig's Weaving Stall on Ilha da Aguia | Doajig's Weaving Stall on Admiral Island | Doajig's Distilling Stall on Aimuari Island,9,Riemann Slums on Descartes Isle | Stab In Cabin on Aimuari Island | Crystal Ball on Sayers Rock | Bungalow Bill on Admiral Island | King Kottage on Admiral Island | Cheesy Pun on Wensleydale | Couple Whips on Sayers Rock | Row Me Daddy on Admiral Island | Villa of the Damned on Aimuari Island,28,Adrielle | Alascca | Angelxx | Apl | Bashoba | Bekwreck | Bridgeet | Celtuce | Daintique | Deniedcellar | Doajig | Emerlaus | Ephigee | Evrie | Flimm | Freaper | Goldenbears | Hopsy | Jazzmy | Lillybells | Ltbolt | Mickkey | Mintt | Neptimus | Nightengaled | Skurvy | Wrenchgoboom | Zaiita,Rumored,Established,Established,Aspiring,Crafting,Piracy,Piracy,Crafting,Piracy,Crafting,Carousing,Crafting,Piracy,Carousing,Piracy,Piracy,Carousing,Piracy,Piracy,Piracy,Crafting,Carousing,Piracy,Carousing,Piracy,Crafting,Solid,Expert,Expert,Weighty,Weighty,Broad,Novice,Solid,Solid,Apprentice,Solid,Broad,Solid,Solid,Apprentice,Solid,Solid,Novice,Solid,Apprentice,Weighty,Broad,Distinguished,Distinguished,Respected,Master,Proficient,Proficient,Proficient,Distinguished,Proficient,Able,Able,Proficient,Legendary,Able,Master,Proficient,Distinguished,Able,Master,Able,Respected,Distinguished
Nightengaled,https://emerald.puzzlepirates.com/yoweb/pirate.wm?classic=false&target=nightengaled,http://emerald.puzzlepirates.com/media/emerald/portraits/27b/49c5fc00da9c5d1aabb655eebbd74.jpg,Captain,Siren,Salty Sirens,Princess,Good Vibes Only,Admiral,Aimuari Island Navy,Orion,0,,4,Spicy Vibes on Sayers Rock | Gunpowder & Valor Operations on Sayers Rock | Waka Workshop on Manu Island | Grape Vine Originals on Sayers Rock,0,,10,Bungallows on Aimuari Island | Cottagious Disease on Aimuari Island | Emu-ving on Up on Quetzal Island | Only a Manor of Time on Aimuari Island | Manor of Steel on Barbary Island | Villa of the Damned on Aimuari Island | Cottagious Disease on Aimuari Island | Mayfair Mansions on Pukru Island | Row Me Daddy on Admiral Island | The Kids They Call It Goonies on Sayers Rock,11,Amayabella | Apl | Freaper | Getpillaged | Harvdog | Hopsy | Lintmint | Meowzart | Ottilia | Vera | Wrenchgoboom,Obscure,Noted,Renowned,Aspiring,Crafting,Piracy,Piracy,Crafting,Piracy,Crafting,Carousing,Crafting,Piracy,Carousing,Piracy,Piracy,Carousing,Piracy,Piracy,Piracy,Crafting,Carousing,Piracy,Carousing,Piracy,Crafting,Weighty,Solid,Sublime,Paragon,Expert,Expert,Apprentice,Sublime,Solid,Novice,Illustrious,Expert,Solid,Expert,Broad,Revered,Expert,Novice,Solid,Apprentice,Paragon,Weighty,Distinguished,Distinguished,Distinguished,Distinguished,Proficient,Distinguished,Able,Ultimate,Able,Able,Proficient,Respected,Renowned,Proficient,Able,Master,Proficient,Able,Able,Able,Proficient,Distinguished
Celtuce,https://emerald.puzzlepirates.com/yoweb/pirate.wm?classic=false&target=celtuce,http://emerald.puzzlepirates.com/media/emerald/portraits/83b/104d9606e42e473118d1f662682c0.jpg,Senior Officer,Cultist,No Drama Llamas,Lady,Good Vibes Only,Stowaway,Lincoln Island Navy,Gull,0,,0,,0,,2,Love Shack on Caravanserai Island | Chatham Manor on Lincoln Island,1,Ylibee,Aspiring,Aspiring,Aspiring,Aspiring,Crafting,Piracy,Piracy,Crafting,Piracy,Crafting,Carousing,Crafting,Piracy,Carousing,Piracy,Piracy,Carousing,Piracy,Piracy,Piracy,Crafting,Carousing,Piracy,Carousing,Piracy,Crafting,Novice,Solid,Solid,Novice,Narrow,Novice,Neophyte,Broad,Solid,Neophyte,Narrow,Broad,Broad,Novice,Novice,Weighty,Novice,Neophyte,Apprentice,Apprentice,Solid,Novice,Able,Distinguished,Proficient,Able,Able,Able,Able,Respected,Able,Able,Able,Proficient,Master,Able,Proficient,Proficient,Able,Able,Able,Able,Distinguished,Able
Daintique,https://emerald.puzzlepirates.com/yoweb/pirate.wm?classic=false&target=daintique,http://emerald.puzzlepirates.com/media/emerald/portraits/593/b6a2bfadd54fd3c0c48886c22a100.jpg,Senior Officer,Food Taster,No Drama Llamas,Lady,Good Vibes Only,Commander,Aimuari Island Navy,Orion,0,,1,Sew It Seams on Admiral Island,0,,5,Caddyshack on Admiral Island | Bringing Town the House on Admiral Island | Bedside Manors on Admiral Island | Dead Mansion Walking on Aimuari Island | Sidekick Shacks on Barbary Island,0,,Aspiring,Aspiring,Aspiring,Aspiring,Crafting,Piracy,Piracy,Crafting,Piracy,Crafting,Carousing,Crafting,Piracy,Carousing,Piracy,Piracy,Carousing,Piracy,Piracy,Piracy,Crafting,Carousing,Piracy,Carousing,Piracy,Crafting,Broad,Solid,Expert,Expert,Sublime,Solid,Broad,Solid,Weighty,Solid,Paragon,Expert,Solid,Solid,Broad,Expert,Weighty,Broad,Solid,Solid,Sublime,Broad,Distinguished,Respected,Proficient,Legendary,Master,Proficient,Proficient,Master,Distinguished,Proficient,Distinguished,Respected,Master,Proficient,Master,Master,Respected,Proficient,Grand-Master,Proficient,Proficient,Respected
Elensar,https://emerald.puzzlepirates.com/yoweb/pirate.wm?classic=false&target=elensar,http://emerald.puzzlepirates.com/media/emerald/portraits/358/8111b5b532f3cf7422e49739dbb7f.jpg,Senior Officer,,Krabby Patty Patrol,Lord,Good Vibes Only,Admiral,Admiral Island Navy,Gull,0,,0,,0,,3,Homestead Hut on Lincoln Island | King Kottage on Admiral Island | Villa of the Damned on Aimuari Island,39,Adrielle | Aezrehl | Andoran | Cafefe | Coxit | Cyla | Doyenne | Evrie | Flimm | Hacksawe | Hamdushi | Ingaga | Jazzmy | Jezerbell | Kamilia | Leshen | Lintmint | Lovernight | Meowstia | Meowzart | Mestia | Momogo | Nightengaled | Paleblade | Pifin | Pilipala | Rafaello | Rhimp | Scylant | Sleepiest | Sparek | Stanarchy-East | Sunchade | Swanilda | Sxxygal | Tinkkabell | Wraps | Wrenchgoboom | Yukiionna,Aspiring,Rumored,Rumored,Aspiring,Crafting,Piracy,Piracy,Crafting,Piracy,Crafting,Carousing,Crafting,Piracy,Carousing,Piracy,Piracy,Carousing,Piracy,Piracy,Piracy,Crafting,Carousing,Piracy,Carousing,Piracy,Crafting,Narrow,Weighty,Paragon,Solid,Paragon,Solid,Narrow,Solid,Expert,Apprentice,Weighty,Solid,Solid,Paragon,Broad,Weighty,Solid,Novice,Solid,Narrow,Weighty,Narrow,Proficient,Respected,Master,Grand-Master,Master,Respected,Proficient,Legendary,Grand-Master,Able,Proficient,Master,Proficient,Respected,Master,Master,Distinguished,Able,Respected,Able,Distinguished,Distinguished
Sirlimpsalot,https://emerald.puzzlepirates.com/yoweb/pirate.wm?classic=false&target=sirlimpsalot,http://emerald.puzzlepirates.com/media/emerald/portraits/4d0/f53344116f0e9db0908283ef2ad3c.jpg,Captain,Mascot,Jolly Good,Lord,Good Vibes Only,Chief Petty Officer,Barbary Island Navy,Ibis,2,Jolly Good Ships on Bowditch Island | The Jolly Steel Co on Bowditch Island,0,,1,Riz's Apothecary Stall on Bowditch Island,5,Pine Boxes on Aimuari Island | Elongated Mansion on Barbary Island | Villa of the Damned on Aimuari Island | Villa Las Vegas on Admiral Island | Mortal Mansion on Armstrong Island,0,,Aspiring,Aspiring,Aspiring,Aspiring,Crafting,Piracy,Piracy,Crafting,Piracy,Crafting,Carousing,Crafting,Piracy,Carousing,Piracy,Piracy,Carousing,Piracy,Piracy,Piracy,Crafting,Carousing,Piracy,Carousing,Piracy,Crafting,Apprentice,Sublime,Weighty,Sublime,Sublime,Neophyte,Novice,Illustrious,Revered,Paragon,Revered,Weighty,Novice,Weighty,Paragon,Sublime,Paragon,Illustrious,Narrow,Novice,Expert,Novice,Able,Grand-Master,Distinguished,Legendary,Respected,Able,Able,Ultimate,Respected,Master,Proficient,Respected,Able,Proficient,Grand-Master,Master,Master,Master,Proficient,Able,Legendary,Able
Tullu,https://emerald.puzzlepirates.com/yoweb/pirate.wm?classic=false&target=tullu,http://emerald.puzzlepirates.com/media/emerald/portraits/960/2eb4652fca3263c57a7c7e1589387.jpg,Senior Officer,First Mate,Jolly Good,Lord,Good Vibes Only,Chief Petty Officer,Aimuari Island Navy,Orion,0,,0,,0,,2,Adobe Abode on Chachapoya Island | Only a Manor of Time on Aimuari Island,0,,Aspiring,Aspiring,Aspiring,Aspiring,Crafting,Piracy,Piracy,Crafting,Piracy,Crafting,Carousing,Crafting,Piracy,Carousing,Piracy,Piracy,Carousing,Piracy,Piracy,Piracy,Crafting,Carousing,Piracy,Carousing,Piracy,Crafting,Neophyte,Expert,Weighty,Solid,Solid,Novice,Novice,Weighty,Weighty,Narrow,Expert,Expert,Solid,Expert,Apprentice,Solid,Solid,Neophyte,Broad,Neophyte,Expert,Solid,Proficient,Grand-Master,Proficient,Distinguished,Proficient,Able,Proficient,Renowned,Proficient,Able,Proficient,Renowned,Able,Distinguished,Respected,Distinguished,Proficient,Able,Respected,Proficient,Respected,Respected
Catalystic,https://emerald.puzzlepirates.com/yoweb/pirate.wm?classic=false&target=Catalystic,http://emerald.puzzlepirates.com/media/emerald/portraits/528/a38b932cddea59f48c36bc29ed24d.jpg,Captain,Explosives Expert,Black Tempest,King,Just Good Business,Captain,Caravanserai Island Navy,Ibis,38,Rum Spice Is Nice on Armstrong Island | Guardian Armada on Barbary Island | Grim Rapier on Aimuari Island | Pure Spice on Scrimshaw Island | We Didn't Start The Fire on Caravanserai Island | Piccadilly Circus on Pukru Island | Moscow Mule on Barbary Island | Deepwater Horizon on Scrimshaw Island | T-Rex Remedies on Arakoua Island | The Weavery on Aimuari Island | Borgin and Burkes on Aimuari Island | The Deathly Hullows on Aimuari Island | Forged Vanguard on Barbary Island | Keep it Spicy on Armstrong Island | Spice Thats Nice on Armstrong Island | Soul Harbor on Armstrong Island | Double Tap on Armstrong Island | No Rest For The Wicked on Caravanserai Island | Distilus Mortus on Aimuari Island | Eazy-Dhows-It on Armstrong Island | The Spice is Right on Barbary Island | Act of Scotch on Caravanserai Island | Mafia Holdings on Pukru Island | Red Red Wine on Armstrong Island | Loomin Grove on Armstrong Island | Kraken the Anvil on Scrimshaw Island | Pure Cloth on Scrimshaw Island | Spooky Wreck on Alkaid Island | Neon Loom on Caravanserai Island | Amortentia on Aimuari Island | Sail of the Three Brothers on Aimuari Island | The Marauder's Map on Aimuari Island | The Flimsy Palace on Pukru Island | Supersuit Sewing on Barbary Island | Mo Spice Mo Problems on Armstrong Island | Marooned on Caravanserai Island | The Shipyard on Aimuari Island | The Cloak of Invisibility on Aimuari Island,1,My Bad Spice on Bowditch Island,6,Catalystic's Apothecary Stall on Admiral Island | Catalystic's Tailoring Stall on Admiral Island | Catalystic's Apothecary Stall on Lincoln Island | Catalystic's Shipbuilding Stall on Admiral Island | Catalystic's Apothecary Stall on Quetzal Island | Catalystic's Apothecary Stall on Bowditch Island,11,Riemann Slums on Descartes Isle | Love Shack on Caravanserai Island | Funky Townhouse on Caravanserai Island | Bedside Manors on Admiral Island | Love You Villa Much on Caravanserai Island | Caddyshack on Admiral Island | Bungalow Bill on Admiral Island | King Kottage on Admiral Island | Cthulhu Mansion on Admiral Island | Cthulhu Mansion on Admiral Island | Cthulhu Mansion on Admiral Island,0,,Aspiring,Established,Illustrious,Rumored,Crafting,Piracy,Piracy,Crafting,Piracy,Crafting,Carousing,Crafting,Piracy,Carousing,Piracy,Piracy,Carousing,Piracy,Piracy,Piracy,Crafting,Carousing,Piracy,Carousing,Piracy,Crafting,Weighty,Weighty,Paragon,Solid,Paragon,Apprentice,Narrow,Solid,Expert,Neophyte,Illustrious,Solid,Illustrious,Solid,Narrow,Solid,Paragon,Apprentice,Solid,Apprentice,Expert,Solid,Ultimate,Grand-Master,Respected,Renowned,Distinguished,Able,Proficient,Legendary,Proficient,Able,Distinguished,Distinguished,Distinguished,Proficient,Proficient,Distinguished,Ultimate,Able,Distinguished,Able,Ultimate,Legendary
Sheownsme,https://emerald.puzzlepirates.com/yoweb/pirate.wm?classic=false&target=sheownsme,http://emerald.puzzlepirates.com/media/emerald/portraits/eb2/ba3c3f976f8049b7bf337bf331ff2.jpg,Senior Officer,Prisoner,Black Tempest,Prince,Just Good Business,Lieutenant,Pukru Island Navy,Orion,3,Brownie Builder on The Lowland Hundred | Watchman's Tower on The Lowland Hundred | Snoopy Bud Market on The Lowland Hundred,4,Mafia Holdings on Pukru Island | The Flimsy Palace on Pukru Island | Forged Vanguard on Barbary Island | Crescent Quarters on Anegada Island,1,Vera's Tailoring Stall on Admiral Island,5,Homestead Hut on Lincoln Island | Cabin Fever on Admiral Island | Homestead Hut on Lincoln Island | Bedside Manors on Admiral Island | Cthulhu Mansion on Admiral Island,1,Vera,Obscure,Renowned,Eminent,Aspiring,Crafting,Piracy,Piracy,Crafting,Piracy,Crafting,Carousing,Crafting,Piracy,Carousing,Piracy,Piracy,Carousing,Piracy,Piracy,Piracy,Crafting,Carousing,Piracy,Carousing,Piracy,Crafting,Solid,Expert,Weighty,Apprentice,Weighty,Solid,Neophyte,Solid,Expert,Weighty,Solid,Solid,Illustrious,Broad,Novice,Solid,Solid,Narrow,Narrow,Neophyte,Weighty,Apprentice,Respected,Legendary,Distinguished,Proficient,Proficient,Proficient,Able,Respected,Master,Respected,Proficient,Distinguished,Able,Proficient,Master,Distinguished,Distinguished,Able,Proficient,Proficient,Distinguished,Proficient
Vera,https://emerald.puzzlepirates.com/yoweb/pirate.wm?classic=false&target=vera,http://emerald.puzzlepirates.com/media/emerald/portraits/d65/49920d68e5d08258f8a0374664eb1.jpg,Captain,Siren,Night Court,Princess,Just Good Business,Admiral,Admiral Island Navy,Gull,0,,2,Forged Vanguard on Barbary Island | Harbor Moon on Anegada Island,1,Vera's Tailoring Stall on Admiral Island,5,The Dove Shack on Armstrong Island | Cthulhu Mansion on Admiral Island | Me So Homey on Armstrong Island | Bedside Manors on Admiral Island | Villa Las Vegas on Admiral Island,1,Sheownsme,Aspiring,Rumored,Noted,Aspiring,Crafting,Piracy,Piracy,Crafting,Piracy,Crafting,Carousing,Crafting,Piracy,Carousing,Piracy,Piracy,Carousing,Piracy,Piracy,Piracy,Crafting,Carousing,Piracy,Carousing,Piracy,Crafting,Broad,Paragon,Illustrious,Solid,Sublime,Solid,Narrow,Weighty,Illustrious,Solid,Illustrious,Solid,Weighty,Solid,Broad,Expert,Solid,Narrow,Solid,Broad,Weighty,Narrow,Distinguished,Ultimate,Respected,Respected,Respected,Proficient,Respected,Renowned,Grand-Master,Proficient,Proficient,Proficient,Able,Distinguished,Renowned,Master,Distinguished,Able,Proficient,Master,Legendary,Master
Bvl,https://emerald.puzzlepirates.com/yoweb/pirate.wm?classic=false&target=bvl,http://emerald.puzzlepirates.com/media/emerald/portraits/81d/5b48a7e7df0cfdd7f7c5c485f08e4.jpg,Captain,,La Armada,Lord,Just Good Business,Lieutenant,Armstrong Island Navy,Canis,2,Black Ship Down on Armstrong Island | Just Wanna Smelt on Armstrong Island,0,,4,Bvl's Distilling Stall on Armstrong Island | Bvl's Weaving Stall on Armstrong Island | Bvl's Apothecary Stall on Bowditch Island | Delan's Weaving Stall on Armstrong Island,3,Jurassic Shack on Arakoua Island | Long Beach Cribs on Armstrong Island | Method Manor on Armstrong Island,0,,Aspiring,Renowned,Renowned,Aspiring,Crafting,Piracy,Piracy,Crafting,Piracy,Crafting,Carousing,Crafting,Piracy,Carousing,Piracy,Piracy,Carousing,Piracy,Piracy,Piracy,Crafting,Carousing,Piracy,Carousing,Piracy,Crafting,Solid,Solid,Expert,Novice,Weighty,Apprentice,Neophyte,Narrow,Solid,Broad,Solid,Solid,Paragon,Paragon,Novice,Solid,Weighty,Solid,Solid,Novice,Expert,Solid,Distinguished,Ultimate,Grand-Master,Able,Master,Able,Respected,Ultimate,Distinguished,Able,Respected,Master,Distinguished,Ultimate,Proficient,Master,Grand-Master,Proficient,Renowned,Respected,Renowned,Grand-Master
Dershlibob,https://emerald.puzzlepirates.com/yoweb/pirate.wm?classic=false&target=dershlibob,http://emerald.puzzlepirates.com/media/emerald/portraits/bf2/be47c77f65742b8aa955f75c61ae3.jpg,Captain,,Lost Sheep,,,Commander,Admiral Island Navy,Gull,0,,0,,0,,6,Adobe Abode on Chachapoya Island | Aural Shacks on Bowditch Island | Shacky Doo on Hubble's Eye | Caddyshack on Admiral Island | Bringing Town the House on Admiral Island | Tortilla Villas on Chachapoya Island,0,,Celebrated,Renowned,Eminent,Obscure,Crafting,Piracy,Piracy,Crafting,Piracy,Crafting,Carousing,Crafting,Piracy,Carousing,Piracy,Piracy,Carousing,Piracy,Piracy,Piracy,Crafting,Carousing,Piracy,Carousing,Piracy,Crafting,Neophyte,Expert,Expert,Solid,Sublime,Neophyte,Broad,Weighty,Solid,Weighty,Expert,Solid,Weighty,Solid,Broad,Weighty,Narrow,Sublime,Revered,Solid,Weighty,Broad,Able,Master,Legendary,Respected,Master,Able,Proficient,Respected,Distinguished,Proficient,Distinguished,Distinguished,Proficient,Proficient,Renowned,Respected,Proficient,Distinguished,Legendary,Proficient,Respected,Respected
Mrpi,https://emerald.puzzlepirates.com/yoweb/pirate.wm?classic=false&target=mrpi,http://emerald.puzzlepirates.com/media/emerald/portraits/726/7b189b5cebeb1e2481decccefc510.jpg,Senior Officer,Magician,Court of the Time Lords,Prince,Just Good Business,Lieutenant Commander,Anegada Island Navy,Horse Head,2,Crescent Quarters on Anegada Island | Harbor Moon on Anegada Island,3,Watchman's Tower on The Lowland Hundred | Fleet Spice on Sayers Rock | Sail of the Three Brothers on Aimuari Island,4,Mrpi's Apothecary Stall on Aimuari Island | Mrpi's Ironworking Stall on The Lowland Hundred | Mrpi's Ironworking Stall on Aimuari Island | Bunie's Tailoring Stall on Aimuari Island,11,The Dove Shack on Armstrong Island | Jurassic Shack on Arakoua Island | Pine Boxes on Aimuari Island | Caddyshack on Admiral Island | Adobe Abode on Chachapoya Island | Shack Macaque on Alkaid Island | Cabin Fever on Admiral Island | Cypress Cabins on Alkaid Island | Mayfair Mansions on Pukru Island | Pine Boxes on Aimuari Island | Cthulhu Mansion on Admiral Island,0,,Established,Eminent,Illustrious,Aspiring,Crafting,Piracy,Piracy,Crafting,Piracy,Crafting,Carousing,Crafting,Piracy,Carousing,Piracy,Piracy,Carousing,Piracy,Piracy,Piracy,Crafting,Carousing,Piracy,Carousing,Piracy,Crafting,Narrow,Illustrious,Expert,Solid,Illustrious,Apprentice,Broad,Weighty,Solid,Weighty,Expert,Broad,Expert,Solid,Narrow,Solid,Weighty,Broad,Solid,Broad,Weighty,Narrow,Proficient,Respected,Distinguished,Respected,Distinguished,Able,Proficient,Respected,Able,Distinguished,Able,Distinguished,Able,Able,Able,Proficient,Distinguished,Able,Proficient,Able,Distinguished,Distinguished
Spyda,https://emerald.puzzlepirates.com/yoweb/pirate.wm?classic=false&target=Spyda,http://emerald.puzzlepirates.com/media/emerald/portraits/ae8/f530b4f4993249eb1e952e6fa44eb.jpg,Senior Officer,,Euthanasia,Lord,No Strings Attached,Lieutenant,Aimuari Island Navy,Orion,5,The Pines on Kiwara Island | Midnight Warp on Aimuari Island | Balls Attached on Kiwara Island | Money in the Hull on Aimuari Island | KingKill on Aimuari Island,5,Strings Attached on Bowditch Island | Only Frigs on Barbary Island | Rocket Power on Barbary Island | Frig Off on Barbary Island | Ships Attached on Bowditch Island,2,Spyda's Distilling Stall on Aimuari Island | Spyda's Apothecary Stall on Aimuari Island,4,The Dove Shack on Armstrong Island | Love Shack on Caravanserai Island | Jurassic Shack on Arakoua Island | King Kottage on Admiral Island,0,,Aspiring,Rumored,Illustrious,Aspiring,Crafting,Piracy,Piracy,Crafting,Piracy,Crafting,Carousing,Crafting,Piracy,Carousing,Piracy,Piracy,Carousing,Piracy,Piracy,Piracy,Crafting,Carousing,Piracy,Carousing,Piracy,Crafting,Apprentice,Solid,Weighty,Solid,Weighty,Neophyte,Novice,Solid,Narrow,Novice,Solid,Solid,Solid,Illustrious,Novice,Solid,Weighty,Novice,Narrow,Novice,Weighty,Apprentice,Proficient,Distinguished,Grand-Master,Grand-Master,Distinguished,Able,Able,Respected,Able,Able,Distinguished,Master,Distinguished,Respected,Proficient,Master,Grand-Master,Able,Able,Proficient,Master,Proficient
