Pirate URL,Pirate Name,Crew Rank,Crew Name,Flag Role,Flag Name,Sailing,Rigging,Carpentry,Patching,Bilging,Gunning,Treasure Haul,Navigating,Battle Navigation,Swordfighting,Rumble,Drinking,Spades,Hearts,Treasure Drop,Poker,Distilling,Alchemistry,Shipwrightery,Blacksmithing,Foraging,Weaving,Last Updated (UTC)
https://emerald.puzzlepirates.com/yoweb/pirate.wm?classic=false&target=Brocko,Brocko,Counselor,League of Shadows,Prince,High Spirits,Solid / Proficient,Expert / Able (archipelago: Proficient ),Broad / Able,Weighty / Master (archipelago: Renowned ),Paragon / Proficient,Solid / Able (archipelago: Proficient ),Expert / Proficient,Solid / Able,Expert / Renowned (archipelago: Grand-Master ),Expert / Able,Narrow / Master,Neophyte / Distinguished (archipelago: Proficient ),Novice / Able,Narrow / Able,Narrow / Respected,Revered / Respected,Weighty / Renowned (archipelago: Respected ),Solid / Respected,Solid / Distinguished,Weighty / Renowned (archipelago: Master ),Solid / Respected (archipelago: Proficient ),Narrow / Distinguished,2026-10-05T23:23:06+00:00
https://emerald.puzzlepirates.com/yoweb/pirate.wm?classic=false&target=Als,Als,Merchant,League of Shadows,Lord,High Spirits,Paragon / Respected (archipelago: Distinguished ),Solid / Able,Solid / Able,Weighty / Distinguished,Solid / Proficient,Expert / Distinguished (archipelago: Proficient ),Paragon / Proficient (archipelago: Able),Weighty / Able,Weighty / Proficient (archipelago: Able),Broad / Able,Narrow / Able,Neophyte / Able,Narrow / Able,Apprentice / Able,Apprentice / Able,Illustrious / Distinguished,Broad / Proficient,Weighty / Master (archipelago: Respected ),Solid / Proficient,Solid / Respected,Solid / Able,Broad / Proficient,2026-10-05T23:23:06+00:00
https://emerald.puzzlepirates.com/yoweb/pirate.wm?classic=false&target=Arogers,Arogers,Officer,League of Shadows,Prince,High Spirits,Neophyte / Able,Solid / Proficient,Weighty / Renowned,Narrow / Proficient,Expert / Grand-Master (archipelago: Legendary ),Expert / Grand-Master (archipelago: Renowned ),Solid / Legendary,Solid / Proficient,Solid / Grand-Master (archipelago: Legendary ),Solid / Distinguished,Novice / Able,Neophyte / Proficient (archipelago: Able),Novice / Able,Novice / Able,Narrow / Master (archipelago: Respected ),Weighty / Able,Novice / Able,Weighty / Distinguished (archipelago: Respected ),Solid / Proficient,Solid / Distinguished,Broad / Distinguished (archipelago: Proficient ),Novice / Able,2026-10-05T23:23:06+00:00
https://emerald.puzzlepirates.com/yoweb/pirate.wm?classic=false&target=Basenji,Basenji,Officer,League of Shadows,Queen,High Spirits,Paragon / Grand-Master (archipelago: Master ),Solid / Proficient,Sublime / Master (archipelago: Respected ),Expert / Grand-Master (archipelago: Renowned ),Solid / Proficient,Expert / Master (archipelago: Respected ),Expert / Distinguished,Solid / Proficient,Paragon / Distinguished (archipelago: Proficient ),Solid / Respected (archipelago: Distinguished ),Narrow / Master,Apprentice / Proficient,Novice / Able,Broad / Able,Apprentice / Able,Expert / Able,Novice / Able,Narrow / Proficient,Broad / Proficient,Apprentice / Able,Weighty / Renowned (archipelago: Respected ),Novice / Able,2026-10-05T23:23:06+00:00
https://emerald.puzzlepirates.com/yoweb/pirate.wm?classic=false&target=Bigtimerz,Bigtimerz,Drunk,League of Shadows,Member,High Spirits,Broad / Proficient,Solid / Able,Broad / Proficient (archipelago: Able),Broad / Distinguished (archipelago: Proficient ),Weighty / Proficient,Expert / Respected (archipelago: Distinguished ),Expert / Proficient (archipelago: Able),Paragon / Proficient,Expert / Ultimate,Solid / Able,Narrow / Master (archipelago: Respected ),Narrow / Distinguished,Novice / Able,Narrow / Able,Apprentice / Able,Illustrious / Able,Broad / Able (archipelago: Proficient ),Novice / Able,Novice / Able,Solid / Master,Broad / Respected (archipelago: Proficient ),Broad / Proficient,2026-10-05T23:23:06+00:00
https://emerald.puzzlepirates.com/yoweb/pirate.wm?classic=false&target=Chamos,Chamos,Gambler,League of Shadows,Member,High Spirits,Weighty / Proficient (archipelago: Distinguished ),Solid / Able (archipelago: Proficient ),Weighty / Proficient,Solid / Distinguished (archipelago: Respected ),Expert / Proficient (archipelago: Distinguished ),Weighty / Proficient,Expert / Respected,Weighty / Able,Weighty / Master,Narrow / Proficient,Narrow / Proficient,Apprentice / Able,Apprentice / Able,Narrow / Able,Narrow / Proficient,Weighty / Able,Neophyte / Proficient,Apprentice / Proficient (archipelago: Able),Neophyte / Proficient,Solid / Respected,Solid / Distinguished (archipelago: Proficient ),Narrow / Proficient,2026-10-05T23:23:06+00:00
https://emerald.puzzlepirates.com/yoweb/pirate.wm?classic=false&target=Classless,Classless,Officer,League of Shadows,Prince,High Spirits,Solid / Renowned (archipelago: Master ),Broad / Proficient,Solid / Respected (archipelago: Distinguished ),Broad / Distinguished,Solid / Distinguished,Solid / Distinguished,Solid / Master,Paragon / Grand-Master (archipelago: Legendary ),Solid / Distinguished (archipelago: Proficient ),Solid / Proficient,Broad / Proficient,Broad / Proficient (archipelago: Distinguished ),Narrow / Able,Novice / Able,Broad / Able,Expert / Proficient,Solid / Able,Novice / Able,Novice / Proficient,Solid / Grand-Master (archipelago: Renowned ),Broad / Legendary (archipelago: Master ),Novice / Able,2026-10-05T23:23:06+00:00
https://emerald.puzzlepirates.com/yoweb/pirate.wm?classic=false&target=Frigathunter,Frigathunter,Troublemaker,League of Shadows,Member,High Spirits,Solid / Proficient,Apprentice / Able,Novice / Able,Solid / Respected (archipelago: Master ),Narrow / Proficient (archipelago: Able),Apprentice / Able (archipelago: Proficient ),Expert / Proficient,Neophyte / Able,Narrow / Distinguished (archipelago: Proficient ),Narrow / Able,Novice / Proficient (archipelago: Able),Neophyte / Distinguished (archipelago: Proficient ),Novice / Able,Novice / Able,Apprentice / Able (archipelago: Proficient ),Solid / Proficient,Novice / Able,Novice / Able,Broad / Able,Novice / Able,Narrow / Distinguished (archipelago: Proficient ),Novice / Able,2026-10-05T23:23:06+00:00
https://emerald.puzzlepirates.com/yoweb/pirate.wm?classic=false&target=Gelatoisback,Gelatoisback,Hunter,League of Shadows,Member,High Spirits,Solid / Proficient (archipelago: Able),Weighty / Distinguished (archipelago: Proficient ),Sublime / Master (archipelago: Respected ),Solid / Distinguished (archipelago: Proficient ),Expert / Respected,Solid / Proficient (archipelago: Able),Expert / Respected (archipelago: Distinguished ),Narrow / Able,Apprentice / Distinguished (archipelago: Proficient ),Broad / Proficient,Neophyte / Proficient,Neophyte / Proficient,Novice / Able,Novice / Able,Novice / Proficient,Novice / Able,Expert / Respected,Apprentice / Able,Solid / Proficient,Broad / Proficient,Illustrious / Ultimate (archipelago: Grand-Master ),Broad / Distinguished (archipelago: Proficient ),2026-10-05T23:23:06+00:00
https://emerald.puzzlepirates.com/yoweb/pirate.wm?classic=false&target=Juurikki,Juurikki,Officer,League of Shadows,Member,High Spirits,Expert / Legendary (archipelago: Renowned ),Expert / Renowned (archipelago: Master ),Illustrious / Renowned (archipelago: Master ),Solid / Respected,Expert / Respected (archipelago: Distinguished ),Solid / Proficient,Weighty / Renowned,Broad / Able,Weighty / Master,Solid / Distinguished,Apprentice / Able,Apprentice / Proficient,Apprentice / Able,Solid / Proficient,Narrow / Distinguished,Solid / Proficient,Narrow / Proficient,Solid / Distinguished,Weighty / Master (archipelago: Respected ),Expert / Legendary,Solid / Ultimate (archipelago: Renowned ),Narrow / Respected (archipelago: Distinguished ),2026-10-05T23:23:06+00:00
https://emerald.puzzlepirates.com/yoweb/pirate.wm?classic=false&target=Lekeekle,Lekeekle,Merchant,League of Shadows,Member,High Spirits,Weighty / Respected (archipelago: Distinguished ),Solid / Able,Solid / Proficient,Weighty / Able,Weighty / Distinguished,Expert / Proficient,Weighty / Legendary,Weighty / Respected,Weighty / Proficient (archipelago: Able),Broad / Distinguished,Broad / Respected,Narrow / Able,Narrow / Able,Solid / Proficient,Narrow / Proficient,Weighty / Master,Solid / Distinguished,Solid / Distinguished,Solid / Distinguished,Solid / Ultimate (archipelago: Legendary ),Solid / Ultimate (archipelago: Renowned ),Weighty / Ultimate (archipelago: Legendary ),2026-10-05T23:23:06+00:00
https://emerald.puzzlepirates.com/yoweb/pirate.wm?classic=false&target=Narrewaz,Narrewaz,Distiller,League of Shadows,Prince,High Spirits,Solid / Master,Solid / Proficient,Expert / Renowned,Weighty / Master (archipelago: Renowned ),Illustrious / Renowned,Solid / Respected,Expert / Master,Expert / Master (archipelago: Distinguished ),Expert / Respected,Narrow / Proficient,Narrow / Master (archipelago: Renowned ),Apprentice / Master (archipelago: Respected ),Narrow / Able,Novice / Able,Narrow / Proficient,Sublime / Respected,Illustrious / Ultimate (archipelago: Legendary ),Solid / Master,Solid / Renowned,Solid / Master (archipelago: Respected ),Solid / Ultimate (archipelago: Grand-Master ),Broad / Master (archipelago: Respected ),2026-10-05T23:23:06+00:00
https://emerald.puzzlepirates.com/yoweb/pirate.wm?classic=false&target=Prettyeve,Prettyeve,Officer,League of Shadows,Member,High Spirits,Expert / Distinguished (archipelago: Proficient ),Illustrious / Grand-Master (archipelago: Master ),Paragon / Distinguished (archipelago: Proficient ),Weighty / Distinguished,Paragon / Distinguished,Solid / Able,Illustrious / Respected (archipelago: Distinguished ),Solid / Distinguished,Expert / Distinguished (archipelago: Proficient ),Broad / Master,Apprentice / Able,Neophyte / Able,Novice / Able,Novice / Able,Neophyte / Able,Solid / Able,Novice / Able,Neophyte / Able,Solid / Able,Apprentice / Able,Weighty / Grand-Master (archipelago: Respected ),Novice / Able,2026-10-05T23:23:06+00:00
https://emerald.puzzlepirates.com/yoweb/pirate.wm?classic=false&target=Rikitoc,Rikitoc,Mate,League of Shadows,Prince,High Spirits,Neophyte / Able,Solid / Master (archipelago: Respected ),Narrow / Proficient (archipelago: Able),Broad / Distinguished,Weighty / Respected,Novice / Able,Solid / Grand-Master,Weighty / Renowned,Solid / Proficient (archipelago: Able),Apprentice / Proficient,Neophyte / Proficient,Novice / Able,Novice / Able,Novice / Able,Neophyte / Able,Apprentice / Master,Novice / Able,Apprentice / Proficient,Narrow / Proficient,Solid / Renowned,Narrow / Renowned (archipelago: Distinguished ),Broad / Master,2026-10-05T23:23:06+00:00
https://emerald.puzzlepirates.com/yoweb/pirate.wm?classic=false&target=Robsox,Robsox,Officer,League of Shadows,Member,High Spirits,Solid / Proficient,Broad / Able,Expert / Master (archipelago: Respected ),Solid / Distinguished,Solid / Proficient (archipelago: Able),Solid / Proficient,Solid / Proficient (archipelago: Able),Illustrious / Respected,Broad / Proficient (archipelago: Able),Broad / Proficient,Novice / Proficient,Novice / Proficient (archipelago: Distinguished ),Novice / Able,Broad / Able (archipelago: Proficient ),Neophyte / Proficient,Solid / Master (archipelago: Renowned ),Expert / Distinguished,Weighty / Master,Broad / Proficient,Solid / Master (archipelago: Respected ),Solid / Master (archipelago: Proficient ),Narrow / Distinguished (archipelago: Respected ),2026-10-05T23:23:06+00:00
https://emerald.puzzlepirates.com/yoweb/pirate.wm?classic=false&target=Scorge,Scorge,Officer,League of Shadows,Member,High Spirits,Solid / Proficient,Paragon / Proficient (archipelago: Distinguished ),Revered / Master,Narrow / Proficient (archipelago: Distinguished ),Expert / Proficient,Solid / Proficient,Weighty / Distinguished,Expert / Proficient,Solid / Distinguished,Broad / Able,Narrow / Able,Apprentice / Able,Apprentice / Able,Broad / Able,Narrow / Able,Solid / Able,Broad / Proficient,Narrow / Proficient (archipelago: Able),Solid / Proficient,Broad / Proficient,Paragon / Renowned (archipelago: Respected ),Narrow / Proficient (archipelago: Able),2026-10-05T23:23:06+00:00
https://emerald.puzzlepirates.com/yoweb/pirate.wm?classic=false&target=Skulldugger,Skulldugger,Strategist,League of Shadows,Member,High Spirits,Apprentice / Proficient,Broad / Able,Solid / Proficient,Solid / Master (archipelago: Grand-Master ),Solid / Proficient,Broad / Proficient,Solid / Respected (archipelago: Master ),Solid / Master (archipelago: Distinguished ),Solid / Respected,Novice / Proficient,Neophyte / Able,Neophyte / Distinguished (archipelago: Proficient ),Apprentice / Able,Neophyte / Able,Novice / Able,Narrow / Proficient,Novice / Able,Neophyte / Able (archipelago: Proficient ),Apprentice / Proficient,Solid / Grand-Master (archipelago: Renowned ),Narrow / Master (archipelago: Distinguished ),Novice / Able,2026-10-05T23:23:06+00:00
https://emerald.puzzlepirates.com/yoweb/pirate.wm?classic=false&target=Stufyy,Stufyy,Officer,League of Shadows,Member,High Spirits,Weighty / Ultimate (archipelago: Grand-Master ),Weighty / Ultimate (archipelago: Renowned ),Expert / Ultimate (archipelago: Grand-Master ),Weighty / Renowned (archipelago: Master ),Weighty / Grand-Master,Broad / Renowned (archipelago: Master ),Solid / Master,Weighty / Legendary,Solid / Ultimate (archipelago: Legendary ),Apprentice / Grand-Master,Novice / Respected,Novice / Able,Novice / Able,Neophyte / Able,Neophyte / Distinguished,Solid / Respected (archipelago: Distinguished ),Novice / Able,Novice / Able,Broad / Master,Solid / Ultimate (archipelago: Legendary ),Expert / Ultimate,Broad / Grand-Master,2026-10-05T23:23:06+00:00
https://emerald.puzzlepirates.com/yoweb/pirate.wm?classic=false&target=Verdelho,Verdelho,Officer,League of Shadows,Member,High Spirits,Narrow / Distinguished (archipelago: Proficient ),Apprentice / Able,Weighty / Respected (archipelago: Distinguished ),Solid / Distinguished (archipelago: Proficient ),Paragon / Master,Broad / Proficient,Weighty / Respected,Solid / Distinguished,Solid / Grand-Master,Narrow / Proficient,Neophyte / Able,Narrow / Respected,Novice / Able,Novice / Able,Narrow / Able,Expert / Proficient,Solid / Proficient (archipelago: Distinguished ),Solid / Master,Weighty / Respected,Solid / Master (archipelago: Respected ),Broad / Legendary (archipelago: Master ),Narrow / Proficient,2026-10-05T23:23:06+00:00
https://emerald.puzzlepirates.com/yoweb/pirate.wm?classic=false&target=Vuragado,Vuragado,Wildcard,League of Shadows,Member,High Spirits,Broad / Proficient (archipelago: Able),Solid / Proficient,Solid / Proficient,Solid / Distinguished,Solid / Proficient (archipelago: Able),Solid / Proficient,Solid / Distinguished (archipelago: Proficient ),Solid / Able,Broad / Distinguished (archipelago: Proficient ),Narrow / Proficient,Neophyte / Proficient,Novice / Able,Novice / Able,Novice / Able,Novice / Able,Solid / Proficient,Novice / Able,Apprentice / Proficient (archipelago: Able),Neophyte / Able,Narrow / Proficient,Solid / Respected (archipelago: Proficient ),Novice / Able,2026-10-05T23:23:06+00:00
https://emerald.puzzlepirates.com/yoweb/pirate.wm?classic=false&target=Wraps,Wraps,Sharp,League of Shadows,Prince,High Spirits,Solid / Legendary (archipelago: Renowned ),Sublime / Legendary (archipelago: Master ),Expert / Ultimate (archipelago: Legendary ),Illustrious / Respected,Sublime / Ultimate (archipelago: Legendary ),Paragon / Legendary (archipelago: Grand-Master ),Sublime / Distinguished (archipelago: Proficient ),Sublime / Ultimate,Weighty / Ultimate (archipelago: Legendary ),Expert / Master,Expert / Grand-Master,Solid / Ultimate,Illustrious / Renowned (archipelago: Grand-Master ),Paragon / Master (archipelago: Respected ),Weighty / Grand-Master,Expert / Legendary,Paragon / Distinguished,Expert / Legendary (archipelago: Grand-Master ),Paragon / Grand-Master,Solid / Ultimate (archipelago: Legendary ),Expert / Grand-Master (archipelago: Respected ),Weighty / Ultimate (archipelago: Legendary ),2026-10-05T23:23:06+00:00
https://emerald.puzzlepirates.com/yoweb/pirate.wm?classic=false&target=Xinn,Xinn,Specialist,League of Shadows,Member,High Spirits,Illustrious / Ultimate (archipelago: Legendary ),Apprentice / Able,Weighty / Respected (archipelago: Distinguished ),Weighty / Respected,Paragon / Grand-Master,Weighty / Renowned (archipelago: Master ),Weighty / Respected,Solid / Master (archipelago: Renowned ),Solid / Distinguished (archipelago: Proficient ),Solid / Master (archipelago: Respected ),Broad / Renowned,Novice / Able,Novice / Able,Novice / Able,Novice / Able,Solid / Proficient,Novice / Able,Novice / Proficient (archipelago: Able),Neophyte / Proficient,Apprentice / Able,Solid / Legendary (archipelago: Master ),Neophyte / Proficient (archipelago: Able),2026-10-05T23:23:06+00:00
https://emerald.puzzlepirates.com/yoweb/pirate.wm?classic=false&target=Advice,Advice,Officer,League of Shadows,Member,High Spirits,Expert / Distinguished (archipelago: Proficient ),Solid / Distinguished,Illustrious / Legendary (archipelago: Grand-Master ),Weighty / Grand-Master (archipelago: Renowned ),Illustrious / Ultimate (archipelago: Legendary ),Solid / Distinguished,Weighty / Master,Paragon / Respected (archipelago: Master ),Weighty / Respected (archipelago: Distinguished ),Expert / Proficient,Apprentice / Respected,Apprentice / Proficient (archipelago: Distinguished ),Novice / Able,Apprentice / Able,Apprentice / Able,Weighty / Able,Novice / Proficient,Solid / Distinguished,Expert / Grand-Master,Solid / Ultimate (archipelago: Legendary ),Solid / Respected (archipelago: Proficient ),Solid / Legendary,2026-10-05T23:23:06+00:00
https://emerald.puzzlepirates.com/yoweb/pirate.wm?classic=false&target=Antoneo,Antoneo,Officer,League of Shadows,Member,High Spirits,Solid / Distinguished (archipelago: Proficient ),Solid / Able,Expert / Proficient,Narrow / Proficient,Solid / Able,Solid / Proficient,Solid / Able,Narrow / Able,Solid / Respected (archipelago: Distinguished ),Broad / Able,Apprentice / Able,Neophyte / Able,Narrow / Able,Apprentice / Able,Neophyte / Proficient,Paragon / Distinguished (archipelago: Proficient ),Apprentice / Able (archipelago: Proficient ),Narrow / Proficient (archipelago: Able),Broad / Able,Solid / Distinguished (archipelago: Proficient ),Broad / Proficient (archipelago: Able),Neophyte / Proficient,2026-10-05T23:23:06+00:00
https://emerald.puzzlepirates.com/yoweb/pirate.wm?classic=false&target=Basenjithral,Basenjithral,Officer,League of Shadows,Member,High Spirits,Novice / Able,Novice / Able,Novice / Able,Novice / Able,Novice / Able,Novice / Able,Novice / Able,Novice / Able,Novice / Able,Novice / Able,Novice / Able,Novice / Able,Novice / Able,Novice / Able,Novice / Able,Novice / Able,Novice / Able,Novice / Able,Neophyte / Able,Solid / Grand-Master (archipelago: Renowned ),Novice / Able,Novice / Able,2026-10-05T23:23:06+00:00
https://emerald.puzzlepirates.com/yoweb/pirate.wm?classic=false&target=Bighitter,Bighitter,Gambler,League of Shadows,Member,High Spirits,Neophyte / Able,Solid / Respected,Solid / Proficient,Broad / Distinguished (archipelago: Proficient ),Solid / Distinguished,Solid / Proficient,Expert / Distinguished (archipelago: Proficient ),Narrow / Able,Solid / Distinguished (archipelago: Proficient ),Solid / Distinguished,Neophyte / Able,Novice / Able,Novice / Able,Neophyte / Able,Apprentice / Able,Sublime / Legendary,Neophyte / Proficient,Narrow / Proficient,Neophyte / Able,Neophyte / Able,Solid / Proficient (archipelago: Able),Neophyte / Respected (archipelago: Distinguished ),2026-10-05T23:23:06+00:00
https://emerald.puzzlepirates.com/yoweb/pirate.wm?classic=false&target=Captdiddly,Captdiddly,Prisoner,League of Shadows,Member,High Spirits,Solid / Proficient (archipelago: Able),Broad / Able,Broad / Proficient (archipelago: Able),Broad / Proficient,Solid / Proficient (archipelago: Able),Solid / Able,Solid / Respected,Neophyte / Able,Solid / Respected (archipelago: Distinguished ),Neophyte / Able,Neophyte / Proficient,Novice / Able,Novice / Able,Novice / Able,Novice / Distinguished,Novice / Grand-Master,Novice / Able,Neophyte / Able,Neophyte / Able,Novice / Able,Apprentice / Proficient (archipelago: Able),Novice / Able,2026-10-05T23:23:06+00:00
https://emerald.puzzlepirates.com/yoweb/pirate.wm?classic=false&target=Carlacards,Carlacards,Officer,League of Shadows,Member,High Spirits,Expert / Proficient,Broad / Able,Broad / Able,Broad / Proficient,Solid / Proficient,Apprentice / Able,Apprentice / Proficient (archipelago: Able),Novice / Able,Novice / Able,Narrow / Able,Narrow / Able,Narrow / Able,Exalted / Proficient,Expert / Respected,Solid / Able,Solid / Able,Narrow / Proficient,Broad / Able,Broad / Able,Broad / Proficient,Broad / Able,Apprentice / Able,2026-10-05T23:23:06+00:00
https://emerald.puzzlepirates.com/yoweb/pirate.wm?classic=false&target=Crandy,Crandy,Navigator,League of Shadows,Member,High Spirits,Solid / Distinguished,Broad / Able,Paragon / Distinguished,Broad / Proficient (archipelago: Distinguished ),Weighty / Proficient (archipelago: Distinguished ),Solid / Proficient,Illustrious / Proficient (archipelago: Able),Illustrious / Proficient,Broad / Proficient (archipelago: Able),Broad / Able,Broad / Able,Novice / Able,Novice / Able,Novice / Able,Novice / Proficient,Novice / Able,Weighty / Distinguished,Neophyte / Proficient (archipelago: Able),Apprentice / Proficient,Apprentice / Able,Broad / Master (archipelago: Distinguished ),Novice / Proficient (archipelago: Able),2026-10-05T23:23:06+00:00
https://emerald.puzzlepirates.com/yoweb/pirate.wm?classic=false&target=Elike,Elike,Conquistador,League of Shadows,Member,High Spirits,Illustrious / Master (archipelago: Distinguished ),Narrow / Able,Broad / Able,Solid / Proficient,Solid / Proficient (archipelago: Able),Paragon / Renowned (archipelago: Master ),Weighty / Distinguished,Narrow / Able,Solid / Distinguished,Narrow / Master,Neophyte / Respected,Neophyte / Proficient,Novice / Able,Novice / Able,Neophyte / Respected (archipelago: Distinguished ),Illustrious / Proficient,Neophyte / Able,Apprentice / Able,Narrow / Able,Neophyte / Able,Expert / Distinguished (archipelago: Proficient ),Broad / Respected (archipelago: Master ),2026-10-05T23:23:06+00:00
https://emerald.puzzlepirates.com/yoweb/pirate.wm?classic=false&target=Furny,Furny,Sharp,League of Shadows,Member,High Spirits,Sublime / Proficient,Narrow / Able,Expert / Able,Broad / Proficient,Sublime / Respected,Solid / Able,Weighty / Grand-Master (archipelago: Renowned ),Narrow / Able,Solid / Respected,Weighty / Able,Broad / Proficient,Neophyte / Distinguished,Exalted / Proficient,Exalted / Proficient,Novice / Proficient,Solid / Grand-Master,Novice / Able,Novice / Able,Novice / Able,Novice / Able,Broad / Able,Novice / Able,2026-10-05T23:23:06+00:00
https://emerald.puzzlepirates.com/yoweb/pirate.wm?classic=false&target=Gablett,Gablett,Officer,League of Shadows,Member,High Spirits,Solid / Able,Paragon / Master (archipelago: Respected ),Expert / Respected (archipelago: Distinguished ),Weighty / Renowned,Expert / Distinguished,Solid / Master (archipelago: Respected ),Illustrious / Distinguished (archipelago: Proficient ),Solid / Proficient,Broad / Distinguished (archipelago: Proficient ),Broad / Proficient,Apprentice / Proficient,Novice / Proficient,Novice / Able,Novice / Able,Novice / Proficient,Broad / Proficient,Apprentice / Proficient,Novice / Able,Novice / Able,Broad / Distinguished,Solid / Respected (archipelago: Proficient ),Apprentice / Proficient,2026-10-05T23:23:06+00:00
https://emerald.puzzlepirates.com/yoweb/pirate.wm?classic=false&target=Geasy,Geasy,Officer,League of Shadows,Member,High Spirits,Neophyte / Able,Novice / Able,Novice / Able,Novice / Able,Neophyte / Able,Novice / Able,Solid / Proficient,Novice / Able,Novice / Able,Paragon / Legendary,Neophyte / Master,Novice / Proficient (archipelago: Able),Novice / Able,Novice / Able,Novice / Able,Weighty / Able,Novice / Able,Novice / Able,Narrow / Proficient,Novice / Able,Broad / Respected (archipelago: Proficient ),Neophyte / Proficient,2026-10-05T23:23:06+00:00
https://emerald.puzzlepirates.com/yoweb/pirate.wm?classic=false&target=Jakeiscold,Jakeiscold,Fisherman,League of Shadows,Member,High Spirits,Apprentice / Able,Weighty / Able,Novice / Able,Solid / Distinguished (archipelago: Proficient ),Solid / Proficient (archipelago: Able),Solid / Proficient (archipelago: Able),Weighty / Proficient (archipelago: Able),Broad / Able,Solid / Distinguished (archipelago: Proficient ),Neophyte / Able,Novice / Able,Novice / Able,Novice / Able,Novice / Able,Apprentice / Distinguished (archipelago: Proficient ),Solid / Able,Novice / Able,Neophyte / Able,Neophyte / Able,Apprentice / Proficient,Narrow / Distinguished (archipelago: Proficient ),Novice / Able,2026-10-05T23:23:06+00:00
https://emerald.puzzlepirates.com/yoweb/pirate.wm?classic=false&target=Noojee,Noojee,Officer,League of Shadows,Member,High Spirits,Narrow / Proficient,Neophyte / Able,Solid / Distinguished,Broad / Respected,Solid / Master,Neophyte / Proficient,Solid / Distinguished,Narrow / Able,Broad / Respected (archipelago: Master ),Novice / Proficient (archipelago: Able),Novice / Renowned (archipelago: Grand-Master ),Novice / Proficient,Novice / Able,Novice / Able,Novice / Proficient (archipelago: Distinguished ),Weighty / Respected (archipelago: Master ),Weighty / Renowned (archipelago: Respected ),Neophyte / Proficient (archipelago: Able),Neophyte / Proficient,Apprentice / Distinguished (archipelago: Proficient ),Neophyte / Master (archipelago: Distinguished ),Apprentice / Distinguished (archipelago: Proficient ),2026-10-05T23:23:06+00:00
https://emerald.puzzlepirates.com/yoweb/pirate.wm?classic=false&target=Pauoffense,Pauoffense,Officer,League of Shadows,Member,High Spirits,Solid / Distinguished (archipelago: Proficient ),Broad / Distinguished,Expert / Renowned (archipelago: Master ),Broad / Distinguished,Solid / Respected (archipelago: Distinguished ),Broad / Distinguished (archipelago: Proficient ),Broad / Legendary,Broad / Proficient,Novice / Able,Apprentice / Grand-Master,Novice / Respected,Novice / Able,Novice / Able,Novice / Able,Novice / Proficient,Solid / Able,Novice / Able,Neophyte / Proficient (archipelago: Able),Narrow / Proficient,Novice / Proficient,Solid / Ultimate (archipelago: Legendary ),Broad / Renowned,2026-10-05T23:23:06+00:00
https://emerald.puzzlepirates.com/yoweb/pirate.wm?classic=false&target=Piehax,Piehax,Specialist,League of Shadows,Member,High Spirits,Weighty / Master (archipelago: Distinguished ),Broad / Able,Weighty / Distinguished (archipelago: Proficient ),Broad / Proficient,Illustrious / Renowned,Weighty / Master (archipelago: Respected ),Illustrious / Legendary,Solid / Able,Solid / Renowned,Solid / Respected (archipelago: Distinguished ),Paragon / Ultimate,Solid / Renowned,Solid / Able,Paragon / Distinguished,Solid / Master,Solid / Proficient,Broad / Proficient,Solid / Distinguished,Solid / Distinguished,Solid / Master,Weighty / Ultimate (archipelago: Renowned ),Broad / Distinguished (archipelago: Proficient ),2026-10-05T23:23:06+00:00
https://emerald.puzzlepirates.com/yoweb/pirate.wm?classic=false&target=Rikyrobby,Rikyrobby,Officer,League of Shadows,Member,High Spirits,Novice / Able,Novice / Able,Apprentice / Able,Narrow / Proficient (archipelago: Distinguished ),Weighty / Grand-Master,Novice / Able,Narrow / Proficient,Novice / Able,Neophyte / Proficient (archipelago: Able),Novice / Able,Novice / Able,Novice / Able,Novice / Able,Novice / Able,Novice / Able,Novice / Able,Novice / Able,Novice / Able,Neophyte / Able,Novice / Able,Novice / Able,Novice / Able,2026-10-05T23:23:06+00:00
https://emerald.puzzlepirates.com/yoweb/pirate.wm?classic=false&target=Scallywagpte,Scallywagpte,Officer,League of Shadows,Member,High Spirits,Expert / Ultimate (archipelago: Grand-Master ),Solid / Master,Paragon / Grand-Master,Illustrious / Ultimate (archipelago: Legendary ),Paragon / Legendary (archipelago: Grand-Master ),Paragon / Distinguished (archipelago: Proficient ),Illustrious / Respected,Illustrious / Renowned,Solid / Grand-Master (archipelago: Renowned ),Expert / Master,Solid / Master,Broad / Renowned (archipelago: Master ),Novice / Able,Neophyte / Able,Narrow / Proficient,Broad / Proficient,Weighty / Respected,Weighty / Ultimate,Broad / Legendary,Apprentice / Proficient,Weighty / Ultimate (archipelago: Grand-Master ),Solid / Ultimate (archipelago: Legendary ),2026-10-05T23:23:06+00:00
https://emerald.puzzlepirates.com/yoweb/pirate.wm?classic=false&target=Scoldings,Scoldings,Officer,League of Shadows,Member,High Spirits,Solid / Distinguished (archipelago: Proficient ),Solid / Proficient,Expert / Respected (archipelago: Distinguished ),Apprentice / Proficient,Solid / Proficient,Solid / Respected (archipelago: Distinguished ),Weighty / Distinguished (archipelago: Proficient ),Narrow / Able,Broad / Respected (archipelago: Distinguished ),Neophyte / Able,Novice / Proficient,Novice / Able,Novice / Able,Novice / Able,Novice / Able,Solid / Able,Solid / Proficient,Apprentice / Proficient (archipelago: Able),Narrow / Proficient,Solid / Renowned,Broad / Grand-Master (archipelago: Respected ),Novice / Able,2026-10-05T23:23:06+00:00
https://emerald.puzzlepirates.com/yoweb/pirate.wm?classic=false&target=Sips,Sips,Officer,League of Shadows,Member,High Spirits,Weighty / Proficient (archipelago: Distinguished ),Solid / Grand-Master (archipelago: Respected ),Solid / Proficient (archipelago: Distinguished ),Broad / Proficient (archipelago: Distinguished ),Weighty / Proficient,Weighty / Proficient,Expert / Proficient,Broad / Able,Solid / Master,Solid / Able,Narrow / Proficient,Neophyte / Able,Expert / Proficient (archipelago: Distinguished ),Paragon / Respected,Narrow / Proficient,Weighty / Able,Neophyte / Proficient,Broad / Proficient,Broad / Proficient,Solid / Renowned (archipelago: Master ),Solid / Distinguished (archipelago: Proficient ),Novice / Able,2026-10-05T23:23:06+00:00
https://emerald.puzzlepirates.com/yoweb/pirate.wm?classic=false&target=Strangedaze,Strangedaze,Officer,League of Shadows,Member,High Spirits,Illustrious / Distinguished (archipelago: Proficient ),Solid / Proficient (archipelago: Able),Broad / Able,Solid / Distinguished,Expert / Proficient (archipelago: Able),Weighty / Proficient,Solid / Distinguished (archipelago: Proficient ),Weighty / Able,Solid / Distinguished (archipelago: Proficient ),Broad / Proficient,Apprentice / Proficient,Neophyte / Able,Novice / Able,Neophyte / Able,Apprentice / Able,Paragon / Respected,Solid / Proficient (archipelago: Distinguished ),Neophyte / Able,Narrow / Proficient,Solid / Proficient,Solid / Proficient (archipelago: Able),Solid / Master (archipelago: Respected ),2026-10-05T23:23:06+00:00
https://emerald.puzzlepirates.com/yoweb/pirate.wm?classic=false&target=Vackg,Vackg,Carpenter,League of Shadows,Member,High Spirits,Narrow / Able (archipelago: Proficient ),Broad / Proficient,Expert / Proficient,Broad / Distinguished (archipelago: Respected ),Apprentice / Able,Narrow / Proficient (archipelago: Distinguished ),Weighty / Distinguished (archipelago: Proficient ),Neophyte / Able,Broad / Distinguished,Broad / Proficient,Neophyte / Able,Novice / Able,Novice / Able,Novice / Able,Novice / Proficient,Broad / Distinguished (archipelago: Respected ),Novice / Able,Novice / Able,Novice / Able,Novice / Able,Neophyte / Proficient,Novice / Able,2026-10-05T23:23:06+00:00
https://emerald.puzzlepirates.com/yoweb/pirate.wm?classic=false&target=Admirallzhao,Admirallzhao,Officer,League of Shadows,Member,High Spirits,Broad / Proficient,Neophyte / Able,Solid / Proficient,Solid / Renowned,Broad / Proficient,Broad / Proficient,Solid / Distinguished,Broad / Able,Apprentice / Proficient (archipelago: Able),Apprentice / Able,Novice / Able,Novice / Able,Novice / Able,Novice / Able,Novice / Proficient,Neophyte / Renowned,Novice / Able,Narrow / Proficient,Solid / Distinguished,Broad / Respected (archipelago: Distinguished ),Broad / Distinguished (archipelago: Proficient ),Novice / Proficient (archipelago: Able),2026-10-05T23:23:06+00:00
https://emerald.puzzlepirates.com/yoweb/pirate.wm?classic=false&target=Andrewzle,Andrewzle,Officer,League of Shadows,Member,High Spirits,Solid / Proficient (archipelago: Distinguished ),Solid / Proficient,Expert / Proficient,Expert / Distinguished (archipelago: Respected ),Solid / Proficient,Solid / Proficient,Solid / Proficient,Solid / Able,Solid / Proficient,Narrow / Able,Narrow / Able,Narrow / Able,Novice / Able,Apprentice / Able,Broad / Proficient,Neophyte / Proficient,Solid / Proficient,Weighty / Master,Solid / Proficient,Solid / Distinguished,Weighty / Distinguished (archipelago: Proficient ),Narrow / Distinguished (archipelago: Proficient ),2026-10-05T23:23:06+00:00
https://emerald.puzzlepirates.com/yoweb/pirate.wm?classic=false&target=Antonoew,Antonoew,Officer,League of Shadows,Member,High Spirits,Apprentice / Proficient (archipelago: Able),Solid / Able,Neophyte / Able,Narrow / Proficient,Weighty / Proficient,Narrow / Able,Broad / Respected,Apprentice / Able,Apprentice / Proficient (archipelago: Able),Novice / Proficient,Novice / Respected,Novice / Able,Novice / Able,Novice / Able,Novice / Distinguished,Novice / Legendary (archipelago: Grand-Master ),Novice / Able,Novice / Able,Novice / Able,Novice / Able,Novice / Able,Novice / Able,2026-10-05T23:23:06+00:00
https://emerald.puzzlepirates.com/yoweb/pirate.wm?classic=false&target=Arogthree,Arogthree,Officer,League of Shadows,Member,High Spirits,Novice / Able,Novice / Able,Novice / Able,Novice / Able,Neophyte / Proficient (archipelago: Able),Novice / Proficient,Neophyte / Grand-Master,Novice / Able,Solid / Distinguished (archipelago: Proficient ),Novice / Able,Novice / Proficient,Novice / Able,Novice / Able,Novice / Able,Novice / Able,Novice / Able,Novice / Able,Narrow / Proficient (archipelago: Distinguished ),Novice / Able,Novice / Able,Neophyte / Distinguished (archipelago: Proficient ),Novice / Able,2026-10-05T23:23:06+00:00
https://emerald.puzzlepirates.com/yoweb/pirate.wm?classic=false&target=Asianist,Asianist,Officer,League of Shadows,Member,High Spirits,Expert / Renowned (archipelago: Master ),Illustrious / Ultimate (archipelago: Renowned ),Solid / Proficient,Illustrious / Legendary (archipelago: Grand-Master ),Paragon / Grand-Master (archipelago: Renowned ),Solid / Distinguished,Solid / Grand-Master,Narrow / Able,Narrow / Distinguished (archipelago: Proficient ),Expert / Proficient,Expert / Grand-Master,Narrow / Proficient,Neophyte / Able,Apprentice / Able,Narrow / Respected,Solid / Able,Narrow / Proficient,Solid / Renowned (archipelago: Master ),Weighty / Master (archipelago: Respected ),Narrow / Proficient,Solid / Grand-Master (archipelago: Respected ),Broad / Master,2026-10-05T23:23:06+00:00
https://emerald.puzzlepirates.com/yoweb/pirate.wm?classic=false&target=Asmither,Asmither,Officer,League of Shadows,Member,High Spirits,Novice / Able,Novice / Able,Novice / Able,Novice / Able,Novice / Able,Novice / Able,Narrow / Able,Novice / Able,Novice / Able,Novice / Able,Novice / Able,Novice / Able,Novice / Able,Novice / Able,Novice / Able,Novice / Able,Novice / Able,Novice / Able,Novice / Able,Solid / Renowned (archipelago: Master ),Solid / Able,Narrow / Proficient (archipelago: Able),2026-10-05T23:23:06+00:00
https://emerald.puzzlepirates.com/yoweb/pirate.wm?classic=false&target=Ballnn,Ballnn,Officer,League of Shadows,Member,High Spirits,Novice / Able,Novice / Able,Novice / Able,Novice / Able,Novice / Able,Novice / Able,Solid / Proficient (archipelago: Able),Novice / Able,Novice / Able,Novice / Able,Novice / Able,Novice / Able,Novice / Able,Novice / Able,Novice / Able,Novice / Able,Novice / Able,Solid / Respected,Apprentice / Proficient,Apprentice / Proficient,Solid / Able,Novice / Able,2026-10-05T23:23:06+00:00
https://emerald.puzzlepirates.com/yoweb/pirate.wm?classic=false&target=Blueboyblue,Blueboyblue,Officer,League of Shadows,Member,High Spirits,Solid / Distinguished (archipelago: Proficient ),Apprentice / Able,Solid / Able,Broad / Able,Solid / Respected (archipelago: Distinguished ),Narrow / Able,Weighty / Proficient (archipelago: Able),Novice / Able,Novice / Able,Narrow / Respected (archipelago: Distinguished ),Novice / Master (archipelago: Respected ),Novice / Proficient,Novice / Able,Novice / Able,Novice / Able,Illustrious / Respected,Novice / Able,Novice / Able,Novice / Able,Novice / Able,Apprentice / Distinguished (archipelago: Proficient ),Novice / Able,2026-10-05T23:23:06+00:00
https://emerald.puzzlepirates.com/yoweb/pirate.wm?classic=false&target=Bulgarria,Bulgarria,Officer,League of Shadows,Member,High Spirits,Broad / Proficient,Novice / Able,Apprentice / Able,Solid / Proficient,Narrow / Able,Novice / Able,Weighty / Distinguished,Novice / Able,Neophyte / Able,Novice / Able,Novice / Able,Novice / Able,Novice / Able,Novice / Able,Novice / Able,Narrow / Legendary (archipelago: Ultimate ),Novice / Able,Neophyte / Able,Broad / Distinguished,Narrow / Proficient,Paragon / Able,Novice / Able,2026-10-05T23:23:06+00:00
https://emerald.puzzlepirates.com/yoweb/pirate.wm?classic=false&target=Canker,Canker,Officer,League of Shadows,Member,High Spirits,Solid / Proficient,Solid / Able (archipelago: Proficient ),Expert / Proficient,Apprentice / Proficient,Paragon / Proficient,Broad / Able,Solid / Proficient,Narrow / Able,Broad / Distinguished (archipelago: Proficient ),Weighty / Able,Narrow / Able,Apprentice / Able,Novice / Able,Neophyte / Able,Narrow / Able,Expert / Able,Apprentice / Able,Solid / Proficient (archipelago: Able),Solid / Distinguished (archipelago: Respected ),Neophyte / Able,Broad / Proficient,Novice / Able,2026-10-05T23:23:06+00:00
https://emerald.puzzlepirates.com/yoweb/pirate.wm?classic=false&target=Captntrob,Captntrob,Officer,League of Shadows,Member,High Spirits,Solid / Master (archipelago: Respected ),Apprentice / Able,Weighty / Grand-Master (archipelago: Renowned ),Narrow / Proficient,Solid / Respected (archipelago: Distinguished ),Narrow / Proficient,Solid / Master,Novice / Able,Neophyte / Proficient (archipelago: Able),Weighty / Grand-Master,Apprentice / Proficient,Apprentice / Renowned,Narrow / Able,Expert / Proficient,Solid / Renowned,Solid / Able,Neophyte / Proficient,Neophyte / Able,Apprentice / Able,Narrow / Proficient,Broad / Grand-Master (archipelago: Respected ),Neophyte / Proficient,2026-10-05T23:23:06+00:00
https://emerald.puzzlepirates.com/yoweb/pirate.wm?classic=false&target=Carribeano,Carribeano,Officer,League of Shadows,Member,High Spirits,Novice / Able,Narrow / Able,Novice / Able,Neophyte / Able,Novice / Able,Neophyte / Able,Solid / Proficient (archipelago: Able),Novice / Able,Novice / Able,Novice / Able,Novice / Able,Novice / Able,Novice / Able,Novice / Able,Novice / Able,Broad / Proficient,Novice / Able,Novice / Able,Novice / Able,Novice / Able,Narrow / Able,Novice / Able,2026-10-05T23:23:06+00:00
https://emerald.puzzlepirates.com/yoweb/pirate.wm?classic=false&target=Ccorrupt,Ccorrupt,Officer,League of Shadows,Member,High Spirits,Solid / Respected (archipelago: Distinguished ),Solid / Master (archipelago: Respected ),Expert / Master,Solid / Respected (archipelago: Distinguished ),Weighty / Grand-Master,Broad / Master (archipelago: Respected ),Solid / Renowned,Broad / Proficient (archipelago: Distinguished ),Novice / Able,Weighty / Master (archipelago: Respected ),Broad / Master (archipelago: Respected ),Broad / Legendary,Solid / Proficient,Weighty / Grand-Master,Solid / Grand-Master,Broad / Grand-Master,Solid / Respected,Solid / Renowned (archipelago: Master ),Expert / Grand-Master,Solid / Legendary,Solid / Ultimate (archipelago: Grand-Master ),Narrow / Respected,2026-10-05T23:23:06+00:00
https://emerald.puzzlepirates.com/yoweb/pirate.wm?classic=false&target=Cdinis,Cdinis,Officer,League of Shadows,Member,High Spirits,Novice / Able,Novice / Able,Novice / Able,Novice / Able,Novice / Able,Broad / Able,Apprentice / Distinguished (archipelago: Proficient ),Novice / Able,Novice / Able,Novice / Able,Novice / Able,Novice / Able,Novice / Able,Neophyte / Able,Novice / Able,Novice / Able,Novice / Able,Novice / Able,Novice / Able,Novice / Able,Solid / Able,Novice / Able,2026-10-05T23:23:06+00:00
https://emerald.puzzlepirates.com/yoweb/pirate.wm?classic=false&target=Cidocat,Cidocat,Officer,League of Shadows,Member,High Spirits,Narrow / Able,Novice / Able,Solid / Proficient (archipelago: Able),Novice / Able,Neophyte / Proficient,Novice / Able,Solid / Distinguished,Novice / Able,Neophyte / Proficient (archipelago: Able),Novice / Respected (archipelago: Distinguished ),Novice / Able,Novice / Able,Novice / Able,Novice / Able,Novice / Able,Neophyte / Able,Novice / Able,Novice / Able,Novice / Able,Novice / Able,Broad / Able,Novice / Able,2026-10-05T23:23:06+00:00
https://emerald.puzzlepirates.com/yoweb/pirate.wm?classic=false&target=Crassielass,Crassielass,Officer,League of Shadows,Member,High Spirits,Broad / Respected (archipelago: Proficient ),Solid / Ultimate (archipelago: Renowned ),Solid / Distinguished (archipelago: Proficient ),Weighty / Respected (archipelago: Proficient ),Weighty / Respected (archipelago: Distinguished ),Solid / Renowned (archipelago: Respected ),Illustrious / Renowned (archipelago: Master ),Narrow / Proficient,Solid / Proficient,Narrow / Grand-Master (archipelago: Renowned ),Apprentice / Proficient (archipelago: Distinguished ),Novice / Able,Novice / Able,Novice / Able,Novice / Able,Novice / Able,Narrow / Proficient (archipelago: Able),Solid / Renowned (archipelago: Master ),Narrow / Proficient,Solid / Grand-Master (archipelago: Master ),Weighty / Able,Solid / Renowned (archipelago: Respected ),2026-10-05T23:23:06+00:00
https://emerald.puzzlepirates.com/yoweb/pirate.wm?classic=false&target=Demantoid,Demantoid,Officer,League of Shadows,Member,High Spirits,Expert / Master,Weighty / Master,Illustrious / Ultimate (archipelago: Legendary ),Weighty / Master,Illustrious / Ultimate (archipelago: Legendary ),Broad / Respected,Weighty / Grand-Master,Solid / Master,Apprentice / Proficient (archipelago: Able),Novice / Able,Novice / Proficient,Novice / Distinguished (archipelago: Respected ),Novice / Able,Novice / Able,Neophyte / Able,Narrow / Proficient,Solid / Able,Narrow / Proficient,Solid / Legendary (archipelago: Grand-Master ),Novice / Able,Weighty / Respected (archipelago: Proficient ),Solid / Grand-Master (archipelago: Legendary ),2026-10-05T23:23:06+00:00
https://emerald.puzzlepirates.com/yoweb/pirate.wm?classic=false&target=Draitz,Draitz,Officer,League of Shadows,Member,High Spirits,Narrow / Proficient (archipelago: Able),Solid / Proficient,Broad / Proficient (archipelago: Able),Solid / Distinguished,Solid / Proficient (archipelago: Able),Neophyte / Able,Solid / Proficient (archipelago: Able),Narrow / Able,Narrow / Distinguished (archipelago: Proficient ),Narrow / Able,Novice / Able,Novice / Able,Novice / Able,Novice / Able,Novice / Able,Broad / Distinguished,Novice / Able,Novice / Able,Novice / Able,Neophyte / Able,Apprentice / Able,Novice / Able,2026-10-05T23:23:06+00:00
https://emerald.puzzlepirates.com/yoweb/pirate.wm?classic=false&target=Dreamsander,Dreamsander,Officer,League of Shadows,Member,High Spirits,Novice / Able,Novice / Able,Novice / Able,Novice / Able,Novice / Able,Novice / Able,Novice / Able,Novice / Able,Novice / Able,Novice / Able,Novice / Able,Novice / Able,Novice / Able,Novice / Able,Novice / Able,Novice / Able,Novice / Able,Solid / Respected,Apprentice / Proficient,Broad / Distinguished (archipelago: Proficient ),Neophyte / Able,Novice / Able,2026-10-05T23:23:06+00:00
https://emerald.puzzlepirates.com/yoweb/pirate.wm?classic=false&target=Easma,Easma,Officer,League of Shadows,Member,High Spirits,Narrow / Proficient,Weighty / Respected,Solid / Distinguished,Apprentice / Proficient,Neophyte / Able,Novice / Able,Broad / Proficient,Novice / Able,Novice / Able,Apprentice / Distinguished (archipelago: Respected ),Novice / Respected,Novice / Able,Novice / Able,Novice / Able,Neophyte / Able,Neophyte / Respected,Novice / Able,Neophyte / Able (archipelago: Proficient ),Apprentice / Proficient,Apprentice / Proficient,Novice / Able,Neophyte / Proficient,2026-10-05T23:23:06+00:00
https://emerald.puzzlepirates.com/yoweb/pirate.wm?classic=false&target=Evanabc,Evanabc,Officer,League of Shadows,Member,High Spirits,Weighty / Distinguished (archipelago: Proficient ),Broad / Proficient (archipelago: Able),Solid / Proficient (archipelago: Able),Narrow / Proficient,Paragon / Master (archipelago: Respected ),Solid / Proficient,Solid / Renowned,Solid / Able,Solid / Master (archipelago: Respected ),Solid / Able,Narrow / Able,Novice / Able,Novice / Able,Neophyte / Able,Apprentice / Able,Weighty / Distinguished,Novice / Proficient,Broad / Proficient,Solid / Proficient (archipelago: Distinguished ),Narrow / Proficient,Solid / Master (archipelago: Distinguished ),Narrow / Proficient (archipelago: Able),2026-10-05T23:23:06+00:00
https://emerald.puzzlepirates.com/yoweb/pirate.wm?classic=false&target=Fastugio,Fastugio,Officer,League of Shadows,Member,High Spirits,Weighty / Ultimate (archipelago: Legendary ),Solid / Distinguished,Solid / Distinguished,Broad / Distinguished (archipelago: Respected ),Expert / Grand-Master (archipelago: Legendary ),Weighty / Renowned (archipelago: Master ),Expert / Grand-Master,Illustrious / Renowned,Solid / Legendary,Solid / Grand-Master (archipelago: Legendary ),Narrow / Grand-Master (archipelago: Legendary ),Neophyte / Master,Narrow / Able,Solid / Legendary (archipelago: Ultimate ),Neophyte / Able,Expert / Distinguished,Neophyte / Able (archipelago: Proficient ),Solid / Renowned,Narrow / Distinguished,Solid / Grand-Master,Broad / Renowned (archipelago: Respected ),Novice / Able,2026-10-05T23:23:06+00:00
https://emerald.puzzlepirates.com/yoweb/pirate.wm?classic=false&target=Feki,Feki,Officer,League of Shadows,Member,High Spirits,Broad / Proficient (archipelago: Able),Solid / Proficient,Solid / Proficient (archipelago: Able),Solid / Respected,Expert / Proficient,Solid / Proficient (archipelago: Able),Solid / Distinguished (archipelago: Proficient ),Solid / Able,Solid / Distinguished (archipelago: Proficient ),Broad / Able,Neophyte / Proficient,Neophyte / Proficient,Novice / Able,Novice / Able,Neophyte / Able,Solid / Able,Novice / Able,Narrow / Proficient,Novice / Able,Solid / Respected (archipelago: Distinguished ),Solid / Distinguished (archipelago: Proficient ),Neophyte / Able,2026-10-05T23:23:06+00:00
https://emerald.puzzlepirates.com/yoweb/pirate.wm?classic=false&target=Flamingbob,Flamingbob,Weaver,League of Shadows,Member,High Spirits,Novice / Able,Apprentice / Proficient (archipelago: Able),Neophyte / Able,Novice / Proficient,Solid / Distinguished,Narrow / Proficient,Novice / Able,Novice / Able,Novice / Able,Novice / Proficient,Novice / Able,Novice / Able,Novice / Able,Novice / Able,Novice / Able,Novice / Able,Solid / Distinguished,Solid / Distinguished,Weighty / Respected (archipelago: Distinguished ),Broad / Respected (archipelago: Distinguished ),Solid / Grand-Master (archipelago: Respected ),Solid / Grand-Master (archipelago: Legendary ),2026-10-05T23:23:06+00:00
https://emerald.puzzlepirates.com/yoweb/pirate.wm?classic=false&target=Gelatoo,Gelatoo,Officer,League of Shadows,Member,High Spirits,Novice / Able,Neophyte / Able,Narrow / Proficient (archipelago: Able),Novice / Able,Novice / Able,Novice / Able,Narrow / Proficient (archipelago: Able),Novice / Able,Novice / Able,Novice / Able,Novice / Able,Novice / Able,Novice / Able,Novice / Able,Novice / Able,Novice / Able,Novice / Able,Novice / Able,Novice / Able,Novice / Able,Novice / Able,Novice / Able,2026-10-05T23:23:06+00:00
https://emerald.puzzlepirates.com/yoweb/pirate.wm?classic=false&target=Geneziz,Geneziz,Officer,League of Shadows,Member,High Spirits,Solid / Respected (archipelago: Distinguished ),Apprentice / Distinguished,Weighty / Respected (archipelago: Distinguished ),Solid / Grand-Master (archipelago: Renowned ),Expert / Respected,Solid / Master,Weighty / Proficient (archipelago: Able),Narrow / Proficient,Novice / Able,Narrow / Renowned,Novice / Able,Novice / Distinguished,Novice / Able,Novice / Able,Novice / Respected,Novice / Able,Neophyte / Master (archipelago: Respected ),Apprentice / Proficient,Solid / Renowned (archipelago: Master ),Narrow / Master (archipelago: Respected ),Broad / Respected (archipelago: Proficient ),Narrow / Proficient (archipelago: Able),2026-10-05T23:23:06+00:00
https://emerald.puzzlepirates.com/yoweb/pirate.wm?classic=false&target=Gingerbreadd,Gingerbreadd,Officer,League of Shadows,Member,High Spirits,Narrow / Proficient,Solid / Distinguished (archipelago: Proficient ),Broad / Proficient (archipelago: Able),Weighty / Renowned,Solid / Proficient (archipelago: Able),Solid / Distinguished,Broad / Respected,Apprentice / Able,Narrow / Respected (archipelago: Distinguished ),Narrow / Distinguished,Neophyte / Proficient,Novice / Distinguished,Novice / Able,Novice / Able,Novice / Able,Solid / Proficient,Novice / Able,Novice / Able,Novice / Able,Novice / Able,Solid / Renowned (archipelago: Distinguished ),Novice / Able,2026-10-05T23:23:06+00:00
https://emerald.puzzlepirates.com/yoweb/pirate.wm?classic=false&target=Goldensuns,Goldensuns,Officer,League of Shadows,Member,High Spirits,Narrow / Proficient (archipelago: Able),Narrow / Proficient,Broad / Proficient,Broad / Proficient,Broad / Distinguished (archipelago: Proficient ),Broad / Grand-Master (archipelago: Renowned ),Broad / Distinguished,Solid / Proficient,Solid / Respected (archipelago: Distinguished ),Neophyte / Master,Apprentice / Proficient,Novice / Able,Novice / Able,Novice / Able,Novice / Able,Neophyte / Able,Novice / Able,Novice / Able,Narrow / Able,Novice / Able,Apprentice / Distinguished (archipelago: Proficient ),Novice / Able,2026-10-05T23:23:06+00:00
https://emerald.puzzlepirates.com/yoweb/pirate.wm?classic=false&target=Goldmane,Goldmane,Officer,League of Shadows,Member,High Spirits,Broad / Proficient,Broad / Able,Expert / Renowned (archipelago: Master ),Neophyte / Proficient,Solid / Proficient,Broad / Able,Solid / Proficient (archipelago: Able),Narrow / Able,Narrow / Respected (archipelago: Distinguished ),Neophyte / Proficient (archipelago: Able),Novice / Proficient,Neophyte / Distinguished,Novice / Able,Novice / Able,Novice / Able,Solid / Distinguished,Novice / Able,Novice / Able,Novice / Able,Apprentice / Able,Solid / Master (archipelago: Distinguished ),Neophyte / Proficient (archipelago: Able),2026-10-05T23:23:06+00:00
https://emerald.puzzlepirates.com/yoweb/pirate.wm?classic=false&target=Growersativo,Growersativo,Officer,League of Shadows,Member,High Spirits,Neophyte / Proficient,Novice / Able,Neophyte / Able,Neophyte / Able (archipelago: Proficient ),Narrow / Proficient,Neophyte / Able,Weighty / Proficient (archipelago: Able),Novice / Able,Novice / Able,Neophyte / Proficient,Novice / Able,Novice / Able,Novice / Able,Neophyte / Able,Novice / Able,Solid / Proficient,Novice / Able,Novice / Able,Novice / Able,Novice / Able,Solid / Able (archipelago: Proficient ),Novice / Able,2026-10-05T23:23:06+00:00
https://emerald.puzzlepirates.com/yoweb/pirate.wm?classic=false&target=Holywatr,Holywatr,Rat,League of Shadows,Member,High Spirits,Apprentice / Proficient (archipelago: Able),Solid / Proficient,Expert / Master (archipelago: Respected ),Neophyte / Proficient,Solid / Proficient,Solid / Distinguished (archipelago: Proficient ),Solid / Distinguished (archipelago: Proficient ),Solid / Proficient,Solid / Grand-Master,Novice / Proficient,Novice / Able,Novice / Able (archipelago: Proficient ),Novice / Able,Novice / Able,Novice / Proficient,Novice / Able,Novice / Able,Solid / Respected,Novice / Able,Broad / Distinguished,Broad / Respected (archipelago: Proficient ),Novice / Able,2026-10-05T23:23:06+00:00
https://emerald.puzzlepirates.com/yoweb/pirate.wm?classic=false&target=Hucino,Hucino,Officer,League of Shadows,Member,High Spirits,Novice / Able,Novice / Able,Expert / Master (archipelago: Respected ),Broad / Distinguished (archipelago: Proficient ),Solid / Proficient,Novice / Able,Solid / Distinguished (archipelago: Proficient ),Novice / Able,Novice / Able,Neophyte / Able,Novice / Proficient,Novice / Able,Novice / Able,Novice / Able,Novice / Able,Solid / Proficient,Apprentice / Able,Weighty / Renowned (archipelago: Master ),Broad / Proficient,Broad / Distinguished,Broad / Master (archipelago: Distinguished ),Narrow / Distinguished (archipelago: Proficient ),2026-10-05T23:23:06+00:00
https://emerald.puzzlepirates.com/yoweb/pirate.wm?classic=false&target=Ironjackfist,Ironjackfist,Officer,League of Shadows,Member,High Spirits,Solid / Proficient (archipelago: Able),Narrow / Able,Weighty / Able,Novice / Able,Solid / Proficient (archipelago: Able),Solid / Able,Narrow / Proficient (archipelago: Able),Solid / Able,Solid / Proficient (archipelago: Able),Broad / Able,Apprentice / Able,Apprentice / Able,Novice / Able,Novice / Able,Neophyte / Able,Weighty / Renowned,Solid / Proficient,Apprentice / Proficient (archipelago: Able),Narrow / Proficient,Weighty / Able,Narrow / Able,Novice / Able,2026-10-05T23:23:06+00:00
https://emerald.puzzlepirates.com/yoweb/pirate.wm?classic=false&target=Jabbagawalki,Jabbagawalki,Officer,League of Shadows,Member,High Spirits,Narrow / Able,Broad / Able,Neophyte / Proficient,Narrow / Proficient,Narrow / Proficient (archipelago: Distinguished ),Narrow / Renowned,Neophyte / Master,Novice / Able,Narrow / Proficient,Novice / Able,Novice / Proficient,Novice / Able,Novice / Able,Novice / Able,Novice / Able,Novice / Able,Novice / Able,Narrow / Distinguished (archipelago: Proficient ),Novice / Able,Novice / Able,Neophyte / Distinguished (archipelago: Proficient ),Novice / Able,2026-10-05T23:23:06+00:00
https://emerald.puzzlepirates.com/yoweb/pirate.wm?classic=false&target=Jackybob,Jackybob,Officer,League of Shadows,Member,High Spirits,Solid / Proficient (archipelago: Able),Solid / Able,Solid / Proficient (archipelago: Able),Solid / Distinguished,Expert / Respected,Solid / Able,Solid / Proficient,Broad / Able,Solid / Distinguished (archipelago: Proficient ),Broad / Able,Apprentice / Proficient (archipelago: Able),Neophyte / Able,Novice / Able,Novice / Able,Apprentice / Able,Solid / Master (archipelago: Respected ),Neophyte / Proficient,Apprentice / Able,Narrow / Proficient,Weighty / Master (archipelago: Respected ),Narrow / Proficient (archipelago: Able),Apprentice / Proficient,2026-10-05T23:23:06+00:00
https://emerald.puzzlepirates.com/yoweb/pirate.wm?classic=false&target=Jamai,Jamai,Officer,League of Shadows,Member,High Spirits,Narrow / Distinguished (archipelago: Proficient ),Narrow / Distinguished,Novice / Able,Novice / Able,Solid / Respected (archipelago: Distinguished ),Solid / Proficient,Solid / Distinguished (archipelago: Proficient ),Novice / Able,Narrow / Master,Paragon / Grand-Master,Novice / Proficient,Novice / Able,Neophyte / Able,Apprentice / Able,Narrow / Respected,Solid / Able,Novice / Able,Novice / Able,Novice / Able,Novice / Able,Narrow / Able,Novice / Able,2026-10-05T23:23:06+00:00
https://emerald.puzzlepirates.com/yoweb/pirate.wm?classic=false&target=Juicedbolt,Juicedbolt,Officer,League of Shadows,Member,High Spirits,Apprentice / Proficient,Narrow / Proficient,Broad / Proficient,Apprentice / Proficient,Solid / Distinguished (archipelago: Proficient ),Weighty / Master,Novice / Proficient (archipelago: Able),Novice / Able,Novice / Able,Weighty / Master,Novice / Proficient,Neophyte / Able (archipelago: Proficient ),Weighty / Proficient,Narrow / Able,Novice / Able,Solid / Proficient,Novice / Able,Neophyte / Able,Apprentice / Able,Novice / Able,Solid / Distinguished (archipelago: Proficient ),Novice / Able,2026-10-05T23:23:06+00:00
https://emerald.puzzlepirates.com/yoweb/pirate.wm?classic=false&target=Laaser,Laaser,Officer,League of Shadows,Member,High Spirits,Weighty / Respected (archipelago: Distinguished ),Novice / Able,Broad / Able,Neophyte / Proficient,Neophyte / Able,Neophyte / Able,Solid / Proficient (archipelago: Able),Neophyte / Able,Apprentice / Proficient (archipelago: Able),Solid / Able,Novice / Able,Novice / Able,Novice / Able,Novice / Able,Apprentice / Able,Expert / Distinguished,Novice / Able (archipelago: Proficient ),Novice / Able,Apprentice / Able,Novice / Able,Novice / Proficient (archipelago: Able),Novice / Able,2026-10-05T23:23:06+00:00
https://emerald.puzzlepirates.com/yoweb/pirate.wm?classic=false&target=Ladz,Ladz,Officer,League of Shadows,Member,High Spirits,Broad / Master (archipelago: Distinguished ),Novice / Able,Weighty / Respected (archipelago: Distinguished ),Apprentice / Proficient,Solid / Grand-Master (archipelago: Renowned ),Broad / Respected,Solid / Respected,Narrow / Proficient,Apprentice / Distinguished (archipelago: Proficient ),Solid / Respected (archipelago: Distinguished ),Novice / Master,Narrow / Distinguished,Apprentice / Able,Narrow / Able,Apprentice / Proficient,Solid / Respected,Broad / Proficient,Solid / Respected,Solid / Distinguished,Narrow / Distinguished (archipelago: Proficient ),Solid / Renowned (archipelago: Respected ),Broad / Renowned (archipelago: Master ),2026-10-05T23:23:06+00:00
https://emerald.puzzlepirates.com/yoweb/pirate.wm?classic=false&target=Lenabyrdi,Lenabyrdi,Officer,League of Shadows,Member,High Spirits,Apprentice / Able,Narrow / Able,Solid / Proficient,Broad / Proficient,Solid / Proficient,Novice / Able,Weighty / Distinguished (archipelago: Proficient ),Narrow / Able,Narrow / Able,Novice / Able,Novice / Able,Novice / Proficient,Novice / Able,Novice / Able,Neophyte / Able,Solid / Proficient,Narrow / Proficient,Neophyte / Able,Apprentice / Able,Apprentice / Proficient,Narrow / Proficient,Novice / Proficient (archipelago: Able),2026-10-05T23:23:06+00:00
https://emerald.puzzlepirates.com/yoweb/pirate.wm?classic=false&target=Lilanubas,Lilanubas,Poet,League of Shadows,Member,High Spirits,Broad / Able,Weighty / Proficient,Broad / Able,Solid / Proficient,Expert / Distinguished,Broad / Able,Expert / Proficient,Broad / Able,Solid / Distinguished,Broad / Able,Apprentice / Able,Apprentice / Able,Novice / Able,Apprentice / Able,Apprentice / Able,Solid / Respected,Neophyte / Able,Novice / Able,Novice / Able,Neophyte / Able,Solid / Distinguished (archipelago: Proficient ),Novice / Able,2026-10-05T23:23:06+00:00
https://emerald.puzzlepirates.com/yoweb/pirate.wm?classic=false&target=Maeng,Maeng,Officer,League of Shadows,Member,High Spirits,Solid / Proficient,Novice / Able,Novice / Able,Novice / Able,Broad / Able,Neophyte / Able,Solid / Proficient (archipelago: Able),Novice / Able,Solid / Distinguished (archipelago: Proficient ),Novice / Proficient,Neophyte / Proficient,Novice / Able,Novice / Able,Novice / Able,Novice / Proficient,Narrow / Proficient,Novice / Able,Novice / Able,Novice / Able,Novice / Able,Narrow / Proficient (archipelago: Able),Novice / Able,2026-10-05T23:23:06+00:00
https://emerald.puzzlepirates.com/yoweb/pirate.wm?classic=false&target=Magilou,Magilou,Officer,League of Shadows,Member,High Spirits,Solid / Distinguished (archipelago: Proficient ),Broad / Proficient,Expert / Master,Broad / Distinguished,Solid / Proficient,Apprentice / Able,Solid / Distinguished (archipelago: Proficient ),Novice / Able,Novice / Able,Apprentice / Able,Novice / Respected,Novice / Able,Novice / Able,Novice / Able,Novice / Able,Novice / Able,Solid / Proficient (archipelago: Distinguished ),Novice / Able,Broad / Proficient,Narrow / Proficient,Solid / Renowned (archipelago: Respected ),Novice / Able,2026-10-05T23:23:06+00:00
https://emerald.puzzlepirates.com/yoweb/pirate.wm?classic=false&target=Majorjr,Majorjr,Officer,League of Shadows,Member,High Spirits,Neophyte / Proficient (archipelago: Able),Broad / Proficient,Neophyte / Able,Neophyte / Proficient,Narrow / Proficient,Narrow / Respected (archipelago: Distinguished ),Narrow / Distinguished (archipelago: Proficient ),Novice / Able,Novice / Able,Weighty / Grand-Master,Novice / Able,Novice / Able,Novice / Able,Novice / Able,Novice / Able,Narrow / Legendary (archipelago: Grand-Master ),Novice / Able,Novice / Able,Novice / Able,Novice / Able,Novice / Able,Novice / Able,2026-10-05T23:23:06+00:00
https://emerald.puzzlepirates.com/yoweb/pirate.wm?classic=false&target=Maroltski,Maroltski,Officer,League of Shadows,Member,High Spirits,Broad / Proficient,Neophyte / Able,Narrow / Proficient,Novice / Able,Broad / Proficient,Novice / Proficient,Apprentice / Respected (archipelago: Distinguished ),Novice / Able,Novice / Able,Narrow / Proficient,Neophyte / Respected,Neophyte / Distinguished,Novice / Able,Novice / Able,Narrow / Proficient,Narrow / Legendary,Novice / Able,Neophyte / Able,Neophyte / Able,Weighty / Master (archipelago: Respected ),Broad / Proficient (archipelago: Able),Novice / Able,2026-10-05T23:23:06+00:00
https://emerald.puzzlepirates.com/yoweb/pirate.wm?classic=false&target=Marsowg,Marsowg,Officer,League of Shadows,Member,High Spirits,Solid / Master,Neophyte / Able,Narrow / Proficient,Narrow / Proficient (archipelago: Distinguished ),Narrow / Proficient,Narrow / Distinguished,Neophyte / Able,Narrow / Proficient,Apprentice / Proficient,Neophyte / Able,Novice / Proficient,Novice / Able,Novice / Able,Novice / Able,Novice / Able,Novice / Distinguished,Novice / Able,Novice / Able,Novice / Able,Neophyte / Able,Novice / Able,Novice / Able,2026-10-05T23:23:06+00:00
https://emerald.puzzlepirates.com/yoweb/pirate.wm?classic=false&target=Matykar,Matykar,Officer,League of Shadows,Member,High Spirits,Solid / Grand-Master (archipelago: Master ),Solid / Distinguished,Broad / Proficient (archipelago: Able),Neophyte / Proficient (archipelago: Able),Solid / Respected,Novice / Able,Solid / Proficient (archipelago: Able),Neophyte / Able,Narrow / Proficient (archipelago: Able),Apprentice / Proficient (archipelago: Able),Novice / Proficient,Novice / Proficient,Novice / Able,Novice / Able,Novice / Able,Solid / Respected,Novice / Able,Novice / Able,Novice / Able,Neophyte / Able,Solid / Grand-Master (archipelago: Respected ),Novice / Able,2026-10-05T23:23:06+00:00
https://emerald.puzzlepirates.com/yoweb/pirate.wm?classic=false&target=Megasick,Megasick,Officer,League of Shadows,Member,High Spirits,Solid / Master (archipelago: Respected ),Novice / Able,Neophyte / Able,Novice / Able,Novice / Able,Neophyte / Able,Solid / Proficient (archipelago: Able),Novice / Able,Novice / Able,Narrow / Able,Novice / Proficient,Novice / Able,Novice / Able,Novice / Able,Novice / Proficient,Weighty / Proficient,Novice / Able,Novice / Able,Novice / Able,Novice / Able,Narrow / Able,Novice / Able,2026-10-05T23:23:06+00:00
https://emerald.puzzlepirates.com/yoweb/pirate.wm?classic=false&target=Menswearr,Menswearr,Officer,League of Shadows,Member,High Spirits,Apprentice / Proficient (archipelago: Able),Apprentice / Able,Solid / Master (archipelago: Distinguished ),Neophyte / Proficient,Narrow / Proficient (archipelago: Able),Broad / Respected (archipelago: Distinguished ),Narrow / Proficient (archipelago: Able),Novice / Able,Novice / Able,Neophyte / Master,Novice / Able,Novice / Able,Novice / Able,Novice / Able,Novice / Able,Novice / Respected,Broad / Proficient,Novice / Able,Solid / Distinguished,Novice / Able,Novice / Able,Novice / Able,2026-10-05T23:23:06+00:00
https://emerald.puzzlepirates.com/yoweb/pirate.wm?classic=false&target=Mokum,Mokum,Officer,League of Shadows,Member,High Spirits,Narrow / Proficient (archipelago: Able),Narrow / Respected (archipelago: Distinguished ),Solid / Master (archipelago: Respected ),Neophyte / Proficient,Narrow / Proficient,Neophyte / Master (archipelago: Respected ),Novice / Able,Novice / Able,Novice / Able,Novice / Able,Neophyte / Able,Novice / Able,Novice / Able,Apprentice / Able,Novice / Distinguished,Neophyte / Grand-Master,Novice / Able (archipelago: Proficient ),Novice / Able,Solid / Renowned,Solid / Grand-Master (archipelago: Renowned ),Broad / Respected (archipelago: Proficient ),Novice / Able,2026-10-05T23:23:06+00:00
https://emerald.puzzlepirates.com/yoweb/pirate.wm?classic=false&target=Mollie,Mollie,Officer,League of Shadows,Member,High Spirits,Neophyte / Able,Narrow / Able,Neophyte / Able,Neophyte / Able,Solid / Proficient (archipelago: Able),Novice / Able,Broad / Proficient (archipelago: Able),Novice / Able,Novice / Able,Apprentice / Able,Neophyte / Able,Apprentice / Distinguished,Narrow / Able,Solid / Proficient,Novice / Able,Expert / Proficient,Novice / Able,Novice / Able,Novice / Able,Neophyte / Able,Novice / Able,Novice / Able,2026-10-05T23:23:06+00:00
https://emerald.puzzlepirates.com/yoweb/pirate.wm?classic=false&target=Nessarosey,Nessarosey,Officer,League of Shadows,Member,High Spirits,Weighty / Renowned (archipelago: Master ),Broad / Proficient,Weighty / Master (archipelago: Respected ),Solid / Distinguished,Weighty / Respected,Solid / Distinguished,Weighty / Distinguished (archipelago: Proficient ),Narrow / Able,Neophyte / Proficient (archipelago: Able),Apprentice / Able,Novice / Able,Novice / Able,Novice / Able,Novice / Able,Novice / Proficient (archipelago: Able),Narrow / Legendary (archipelago: Grand-Master ),Broad / Proficient,Solid / Master (archipelago: Respected ),Solid / Respected,Broad / Respected (archipelago: Distinguished ),Solid / Renowned (archipelago: Distinguished ),Apprentice / Proficient,2026-10-05T23:23:06+00:00
https://emerald.puzzlepirates.com/yoweb/pirate.wm?classic=false&target=Osler,Osler,Rat,League of Shadows,Member,High Spirits,Weighty / Distinguished (archipelago: Proficient ),Solid / Able,Sublime / Proficient,Solid / Proficient,Weighty / Proficient (archipelago: Able),Weighty / Proficient,Weighty / Distinguished (archipelago: Proficient ),Weighty / Able,Solid / Distinguished (archipelago: Proficient ),Solid / Able,Neophyte / Able,Novice / Able,Novice / Able,Narrow / Able,Neophyte / Able,Expert / Proficient,Neophyte / Able,Broad / Distinguished (archipelago: Proficient ),Neophyte / Able,Broad / Distinguished (archipelago: Proficient ),Narrow / Able,Neophyte / Proficient (archipelago: Able),2026-10-05T23:23:06+00:00
https://emerald.puzzlepirates.com/yoweb/pirate.wm?classic=false&target=Parches,Parches,Officer,League of Shadows,Member,High Spirits,Solid / Respected (archipelago: Distinguished ),Solid / Distinguished,Solid / Proficient,Illustrious / Ultimate (archipelago: Legendary ),Expert / Master,Broad / Proficient,Weighty / Respected (archipelago: Distinguished ),Solid / Able,Novice / Able,Broad / Able,Solid / Renowned,Novice / Able,Novice / Able,Novice / Able,Novice / Able,Apprentice / Proficient,Novice / Able,Narrow / Proficient,Broad / Proficient (archipelago: Distinguished ),Weighty / Grand-Master (archipelago: Renowned ),Solid / Grand-Master (archipelago: Master ),Novice / Able,2026-10-05T23:23:06+00:00
https://emerald.puzzlepirates.com/yoweb/pirate.wm?classic=false&target=Peacemakerxt,Peacemakerxt,Officer,League of Shadows,Member,High Spirits,Apprentice / Able,Apprentice / Able,Neophyte / Able,Solid / Distinguished,Solid / Proficient (archipelago: Able),Solid / Proficient (archipelago: Able),Broad / Proficient (archipelago: Able),Novice / Able,Apprentice / Proficient (archipelago: Able),Neophyte / Master (archipelago: Respected ),Novice / Proficient,Novice / Able,Novice / Able,Novice / Able,Novice / Able,Apprentice / Proficient,Novice / Able,Neophyte / Able,Novice / Able,Neophyte / Able,Narrow / Able,Novice / Able,2026-10-05T23:23:06+00:00
https://emerald.puzzlepirates.com/yoweb/pirate.wm?classic=false&target=Plea,Plea,Officer,League of Shadows,Member,High Spirits,Solid / Distinguished,Solid / Ultimate (archipelago: Renowned ),Narrow / Distinguished,Broad / Respected (archipelago: Master ),Broad / Master (archipelago: Renowned ),Narrow / Master,Broad / Legendary,Solid / Respected (archipelago: Distinguished ),Broad / Respected,Narrow / Renowned (archipelago: Grand-Master ),Novice / Proficient,Novice / Able,Novice / Able,Novice / Able,Novice / Able,Narrow / Proficient,Novice / Able,Novice / Able,Novice / Able,Novice / Able,Apprentice / Grand-Master (archipelago: Master ),Neophyte / Respected (archipelago: Distinguished ),2026-10-05T23:23:06+00:00
https://emerald.puzzlepirates.com/yoweb/pirate.wm?classic=false&target=Privete,Privete,Officer,League of Shadows,Member,High Spirits,Weighty / Able,Solid / Master (archipelago: Respected ),Broad / Respected (archipelago: Distinguished ),Weighty / Able,Solid / Master,Solid / Able,Neophyte / Master,Apprentice / Able,Novice / Able,Solid / Renowned (archipelago: Master ),Solid / Renowned,Solid / Legendary,Neophyte / Able,Neophyte / Able,Narrow / Respected,Apprentice / Able,Apprentice / Proficient (archipelago: Distinguished ),Apprentice / Distinguished,Apprentice / Proficient,Narrow / Respected (archipelago: Distinguished ),Solid / Able,Narrow / Respected,2026-10-05T23:23:06+00:00
https://emerald.puzzlepirates.com/yoweb/pirate.wm?classic=false&target=Propagandize,Propagandize,Officer,League of Shadows,Member,High Spirits,Solid / Proficient,Solid / Distinguished,Expert / Grand-Master (archipelago: Master ),Solid / Distinguished,Weighty / Master,Solid / Master (archipelago: Respected ),Solid / Respected (archipelago: Distinguished ),Narrow / Able,Broad / Distinguished (archipelago: Proficient ),Solid / Distinguished,Solid / Renowned (archipelago: Master ),Novice / Able,Novice / Able,Novice / Able,Novice / Proficient,Solid / Master,Novice / Able,Novice / Able,Novice / Able,Novice / Able,Neophyte / Proficient (archipelago: Able),Novice / Able,2026-10-05T23:23:06+00:00
https://emerald.puzzlepirates.com/yoweb/pirate.wm?classic=false&target=Qimir,Qimir,Officer,League of Shadows,Member,High Spirits,Narrow / Proficient,Narrow / Able,Broad / Proficient,Solid / Master (archipelago: Renowned ),Broad / Proficient,Broad / Distinguished,Apprentice / Proficient,Neophyte / Able,Neophyte / Proficient,Novice / Able,Novice / Able,Novice / Able,Novice / Able,Novice / Able,Novice / Distinguished,Novice / Able,Novice / Able,Neophyte / Proficient,Neophyte / Proficient,Broad / Respected (archipelago: Distinguished ),Neophyte / Respected (archipelago: Proficient ),Apprentice / Distinguished (archipelago: Respected ),2026-10-05T23:23:06+00:00
https://emerald.puzzlepirates.com/yoweb/pirate.wm?classic=false&target=Reallywacko,Reallywacko,Officer,League of Shadows,Member,High Spirits,Illustrious / Distinguished (archipelago: Proficient ),Revered / Proficient,Transcendent / Proficient,Narrow / Able,Illustrious / Proficient,Illustrious / Able,Expert / Respected (archipelago: Distinguished ),Exalted / Proficient,Sublime / Proficient (archipelago: Able),Expert / Proficient,Expert / Proficient,Broad / Able (archipelago: Proficient ),Apprentice / Able,Apprentice / Able,Broad / Able,Weighty / Proficient,Solid / Proficient,Solid / Proficient,Illustrious / Able,Weighty / Proficient,Revered / Respected (archipelago: Proficient ),Neophyte / Proficient,2026-10-05T23:23:06+00:00
https://emerald.puzzlepirates.com/yoweb/pirate.wm?classic=false&target=Retake,Retake,Officer,League of Shadows,Member,High Spirits,Solid / Able,Broad / Distinguished,Weighty / Master,Solid / Distinguished (archipelago: Respected ),Solid / Respected (archipelago: Master ),Narrow / Able,Solid / Proficient (archipelago: Able),Novice / Able,Novice / Able,Apprentice / Renowned (archipelago: Grand-Master ),Novice / Able,Novice / Able,Novice / Able,Novice / Able,Novice / Proficient,Novice / Proficient (archipelago: Distinguished ),Novice / Able,Novice / Able,Novice / Able,Novice / Able,Apprentice / Distinguished (archipelago: Proficient ),Novice / Able,2026-10-05T23:23:06+00:00
https://emerald.puzzlepirates.com/yoweb/pirate.wm?classic=false&target=Returnofpi,Returnofpi,Officer,League of Shadows,Member,High Spirits,Broad / Respected (archipelago: Distinguished ),Apprentice / Able,Neophyte / Able (archipelago: Proficient ),Novice / Able,Neophyte / Able,Apprentice / Proficient,Novice / Proficient,Apprentice / Able,Neophyte / Distinguished (archipelago: Proficient ),Broad / Master,Novice / Able,Novice / Proficient,Novice / Able,Novice / Able,Novice / Able,Apprentice / Respected,Novice / Able,Novice / Able,Novice / Able,Novice / Able,Novice / Respected (archipelago: Distinguished ),Novice / Able,2026-10-05T23:23:06+00:00
https://emerald.puzzlepirates.com/yoweb/pirate.wm?classic=false&target=Royjones,Royjones,Officer,League of Shadows,Member,High Spirits,Novice / Able,Weighty / Ultimate (archipelago: Grand-Master ),Solid / Proficient,Broad / Respected,Expert / Renowned,Narrow / Able,Paragon / Distinguished,Novice / Able,Neophyte / Proficient (archipelago: Able),Broad / Master,Novice / Able,Novice / Able,Novice / Able,Novice / Able,Neophyte / Able,Novice / Able,Novice / Able,Novice / Able,Novice / Able,Novice / Able,Solid / Distinguished (archipelago: Proficient ),Novice / Able,2026-10-05T23:23:06+00:00
https://emerald.puzzlepirates.com/yoweb/pirate.wm?classic=false&target=Rpwl,Rpwl,Officer,League of Shadows,Member,High Spirits,Narrow / Renowned (archipelago: Respected ),Broad / Master,Apprentice / Respected (archipelago: Distinguished ),Solid / Ultimate (archipelago: Legendary ),Narrow / Master,Narrow / Renowned,Neophyte / Proficient (archipelago: Able),Neophyte / Able,Novice / Able,Novice / Able,Novice / Able,Novice / Able,Novice / Able,Novice / Able,Novice / Able,Novice / Able,Narrow / Legendary (archipelago: Grand-Master ),Novice / Able,Broad / Grand-Master,Novice / Able,Novice / Able,Novice / Able,2026-10-05T23:23:06+00:00
https://emerald.puzzlepirates.com/yoweb/pirate.wm?classic=false&target=Sanley,Sanley,Officer,League of Shadows,Member,High Spirits,Solid / Proficient,Weighty / Proficient,Narrow / Proficient (archipelago: Able),Broad / Distinguished,Paragon / Proficient,Solid / Able,Solid / Distinguished (archipelago: Proficient ),Novice / Able,Novice / Able,Expert / Distinguished,Narrow / Proficient,Narrow / Proficient,Solid / Able,Sublime / Grand-Master,Solid / Respected,Illustrious / Able,Neophyte / Able,Neophyte / Proficient (archipelago: Able),Neophyte / Able,Novice / Able,Apprentice / Proficient (archipelago: Able),Novice / Able,2026-10-05T23:23:06+00:00
https://emerald.puzzlepirates.com/yoweb/pirate.wm?classic=false&target=Sayn,Sayn,Officer,League of Shadows,Member,High Spirits,Solid / Proficient (archipelago: Distinguished ),Solid / Proficient,Broad / Proficient,Narrow / Proficient (archipelago: Distinguished ),Solid / Respected (archipelago: Master ),Neophyte / Proficient,Narrow / Proficient,Novice / Able,Novice / Able,Narrow / Proficient,Neophyte / Able,Novice / Able,Novice / Able,Novice / Able,Novice / Able,Neophyte / Proficient,Novice / Able,Novice / Able,Novice / Able,Solid / Distinguished (archipelago: Proficient ),Apprentice / Proficient (archipelago: Able),Novice / Able,2026-10-05T23:23:06+00:00
https://emerald.puzzlepirates.com/yoweb/pirate.wm?classic=false&target=Scrimothy,Scrimothy,Officer,League of Shadows,Member,High Spirits,Weighty / Master,Expert / Distinguished,Neophyte / Able,Illustrious / Master,Expert / Master,Broad / Able,Expert / Distinguished,Narrow / Able,Novice / Able,Broad / Able,Novice / Proficient,Novice / Able,Novice / Able,Novice / Able,Neophyte / Able,Novice / Able,Novice / Able,Narrow / Proficient,Weighty / Proficient,Expert / Respected (archipelago: Distinguished ),Illustrious / Legendary (archipelago: Renowned ),Broad / Proficient,2026-10-05T23:23:06+00:00
https://emerald.puzzlepirates.com/yoweb/pirate.wm?classic=false&target=Shway,Shway,Officer,League of Shadows,Member,High Spirits,Solid / Respected,Apprentice / Proficient,Illustrious / Legendary,Apprentice / Proficient (archipelago: Distinguished ),Broad / Proficient,Weighty / Distinguished (archipelago: Respected ),Solid / Respected,Narrow / Proficient,Novice / Able,Narrow / Master,Apprentice / Respected,Neophyte / Respected (archipelago: Distinguished ),Novice / Able,Solid / Proficient,Neophyte / Proficient,Weighty / Master,Novice / Able,Neophyte / Proficient,Narrow / Proficient,Novice / Able,Solid / Respected (archipelago: Proficient ),Neophyte / Able,2026-10-05T23:23:06+00:00
https://emerald.puzzlepirates.com/yoweb/pirate.wm?classic=false&target=Smokeybandet,Smokeybandet,Officer,League of Shadows,Member,High Spirits,Broad / Proficient (archipelago: Able),Apprentice / Able,Apprentice / Able,Narrow / Distinguished (archipelago: Able),Apprentice / Distinguished (archipelago: Proficient ),Broad / Able,Expert / Proficient (archipelago: Able),Novice / Able,Novice / Able,Apprentice / Able,Neophyte / Able,Novice / Able,Novice / Able,Novice / Able,Novice / Able (archipelago: Proficient ),Novice / Able,Broad / Proficient (archipelago: Able),Novice / Able,Novice / Able,Broad / Master (archipelago: Distinguished ),Expert / Able,Apprentice / Distinguished (archipelago: Proficient ),2026-10-05T23:23:06+00:00
https://emerald.puzzlepirates.com/yoweb/pirate.wm?classic=false&target=Starfoxius,Starfoxius,Hunter,League of Shadows,Member,High Spirits,Solid / Distinguished (archipelago: Proficient ),Broad / Proficient (archipelago: Able),Solid / Proficient (archipelago: Able),Neophyte / Proficient,Broad / Proficient (archipelago: Able),Broad / Proficient,Expert / Proficient (archipelago: Able),Broad / Able,Narrow / Proficient (archipelago: Able),Narrow / Able,Apprentice / Proficient,Novice / Able,Novice / Able,Novice / Able,Novice / Able,Novice / Able,Broad / Proficient,Narrow / Proficient (archipelago: Able),Solid / Proficient,Solid / Respected (archipelago: Distinguished ),Narrow / Proficient,Neophyte / Proficient,2026-10-05T23:23:06+00:00
https://emerald.puzzlepirates.com/yoweb/pirate.wm?classic=false&target=Starsatnight,Starsatnight,Officer,League of Shadows,Member,High Spirits,Novice / Able,Novice / Able,Solid / Respected,Novice / Able,Solid / Distinguished,Narrow / Able,Solid / Renowned (archipelago: Grand-Master ),Novice / Able,Novice / Able,Narrow / Respected,Narrow / Grand-Master (archipelago: Legendary ),Novice / Able,Novice / Able,Novice / Able,Novice / Able (archipelago: Proficient ),Novice / Able,Neophyte / Able,Novice / Able,Neophyte / Able (archipelago: Proficient ),Novice / Able,Solid / Able,Novice / Able,2026-10-05T23:23:06+00:00
https://emerald.puzzlepirates.com/yoweb/pirate.wm?classic=false&target=Swampjuice,Swampjuice,Officer,League of Shadows,Member,High Spirits,Broad / Respected,Expert / Ultimate,Weighty / Grand-Master,Solid / Master (archipelago: Renowned ),Solid / Renowned (archipelago: Grand-Master ),Novice / Able,Solid / Master,Novice / Able,Novice / Able,Novice / Able,Novice / Able,Novice / Able,Novice / Able,Novice / Able,Novice / Able,Novice / Able,Novice / Able,Novice / Able,Solid / Legendary,Novice / Able,Broad / Ultimate (archipelago: Grand-Master ),Novice / Able,2026-10-05T23:23:06+00:00
https://emerald.puzzlepirates.com/yoweb/pirate.wm?classic=false&target=Sweetchloe,Sweetchloe,Officer,League of Shadows,Member,High Spirits,Solid / Master (archipelago: Respected ),Novice / Able,Novice / Able,Novice / Able,Novice / Able,Novice / Able,Solid / Distinguished (archipelago: Proficient ),Novice / Able,Novice / Able,Novice / Proficient,Novice / Proficient,Novice / Able,Novice / Able,Novice / Able,Novice / Able,Solid / Distinguished,Novice / Able,Novice / Able,Novice / Able,Novice / Able,Novice / Master (archipelago: Distinguished ),Novice / Able,2026-10-05T23:23:06+00:00
https://emerald.puzzlepirates.com/yoweb/pirate.wm?classic=false&target=Sweetdreamzz,Sweetdreamzz,Officer,League of Shadows,Member,High Spirits,Novice / Able,Novice / Able,Neophyte / Able,Novice / Proficient,Weighty / Respected,Neophyte / Able,Sublime / Proficient (archipelago: Able),Novice / Able,Neophyte / Proficient (archipelago: Able),Novice / Able,Novice / Able,Novice / Able,Novice / Able,Novice / Able,Novice / Able,Novice / Able,Novice / Able,Novice / Able,Novice / Able,Novice / Able,Broad / Able,Novice / Able,2026-10-05T23:23:06+00:00
https://emerald.puzzlepirates.com/yoweb/pirate.wm?classic=false&target=Sylvestarr,Sylvestarr,Officer,League of Shadows,Member,High Spirits,Neophyte / Able,Broad / Proficient,Apprentice / Proficient (archipelago: Able),Neophyte / Proficient,Broad / Proficient,Novice / Able,Solid / Master,Novice / Able,Novice / Able,Neophyte / Able,Neophyte / Proficient,Novice / Able,Novice / Able,Novice / Able,Neophyte / Able,Narrow / Proficient,Neophyte / Able,Novice / Able,Neophyte / Able,Novice / Able,Apprentice / Master (archipelago: Proficient ),Novice / Able,2026-10-05T23:23:06+00:00
https://emerald.puzzlepirates.com/yoweb/pirate.wm?classic=false&target=Tazwas,Tazwas,Officer,League of Shadows,Member,High Spirits,Broad / Distinguished (archipelago: Proficient ),Broad / Able,Broad / Able,Solid / Respected (archipelago: Distinguished ),Broad / Proficient,Broad / Proficient,Solid / Distinguished (archipelago: Proficient ),Neophyte / Able,Narrow / Distinguished (archipelago: Proficient ),Neophyte / Able,Novice / Proficient,Novice / Proficient,Novice / Able,Novice / Able,Apprentice / Proficient,Narrow / Proficient,Novice / Able,Novice / Able,Narrow / Proficient,Novice / Able,Narrow / Respected (archipelago: Proficient ),Novice / Able,2026-10-05T23:23:06+00:00
https://emerald.puzzlepirates.com/yoweb/pirate.wm?classic=false&target=Tenacia,Tenacia,Officer,League of Shadows,Member,High Spirits,Apprentice / Able (archipelago: Proficient ),Novice / Able,Novice / Able,Novice / Able,Apprentice / Proficient,Novice / Able,Broad / Distinguished,Novice / Able,Novice / Able,Broad / Proficient (archipelago: Able),Narrow / Proficient (archipelago: Able),Narrow / Distinguished (archipelago: Proficient ),Novice / Able,Apprentice / Able,Narrow / Proficient,Novice / Able,Novice / Able,Novice / Able,Novice / Able,Novice / Able,Narrow / Proficient,Novice / Able,2026-10-05T23:23:06+00:00
https://emerald.puzzlepirates.com/yoweb/pirate.wm?classic=false&target=Tjpancake,Tjpancake,Officer,League of Shadows,Member,High Spirits,Solid / Master (archipelago: Distinguished ),Novice / Able,Solid / Distinguished (archipelago: Proficient ),Novice / Able,Broad / Proficient,Neophyte / Proficient (archipelago: Able),Solid / Distinguished (archipelago: Proficient ),Narrow / Proficient,Narrow / Distinguished (archipelago: Proficient ),Neophyte / Able,Novice / Proficient,Neophyte / Respected,Novice / Able,Neophyte / Able,Neophyte / Proficient,Solid / Renowned (archipelago: Master ),Novice / Able,Novice / Able,Broad / Able,Novice / Able,Novice / Able,Novice / Proficient (archipelago: Able),2026-10-05T23:23:06+00:00
https://emerald.puzzlepirates.com/yoweb/pirate.wm?classic=false&target=Unveil,Unveil,Officer,League of Shadows,Member,High Spirits,Solid / Distinguished (archipelago: Proficient ),Weighty / Ultimate (archipelago: Grand-Master ),Expert / Master (archipelago: Respected ),Weighty / Grand-Master (archipelago: Renowned ),Expert / Grand-Master,Solid / Proficient,Expert / Renowned,Solid / Proficient,Solid / Master,Solid / Master,Narrow / Respected (archipelago: Distinguished ),Narrow / Respected,Narrow / Able,Neophyte / Able,Narrow / Distinguished,Weighty / Able,Broad / Able (archipelago: Proficient ),Broad / Distinguished (archipelago: Proficient ),Solid / Legendary,Solid / Renowned (archipelago: Master ),Solid / Grand-Master (archipelago: Respected ),Broad / Distinguished (archipelago: Proficient ),2026-10-05T23:23:06+00:00
https://emerald.puzzlepirates.com/yoweb/pirate.wm?classic=false&target=Vailea,Vailea,Officer,League of Shadows,Member,High Spirits,Narrow / Proficient,Neophyte / Able,Broad / Proficient (archipelago: Able),Narrow / Proficient,Solid / Proficient (archipelago: Able),Apprentice / Able,Solid / Proficient (archipelago: Able),Novice / Able,Novice / Able,Narrow / Able,Apprentice / Able,Apprentice / Distinguished,Novice / Able,Novice / Able,Apprentice / Able,Solid / Able,Novice / Able,Novice / Able,Novice / Able,Apprentice / Proficient (archipelago: Able),Narrow / Distinguished (archipelago: Proficient ),Neophyte / Proficient (archipelago: Able),2026-10-05T23:23:06+00:00
https://emerald.puzzlepirates.com/yoweb/pirate.wm?classic=false&target=Vengeresse,Vengeresse,Officer,League of Shadows,Member,High Spirits,Apprentice / Able,Novice / Able,Novice / Able,Novice / Able,Novice / Able,Neophyte / Able,Broad / Able,Novice / Able,Solid / Able,Novice / Able,Novice / Able,Novice / Able,Novice / Able,Novice / Able,Novice / Able,Novice / Able,Novice / Able,Novice / Able,Neophyte / Proficient,Novice / Able,Solid / Proficient (archipelago: Able),Novice / Able,2026-10-05T23:23:06+00:00
https://emerald.puzzlepirates.com/yoweb/pirate.wm?classic=false&target=Vore,Vore,Officer,League of Shadows,Member,High Spirits,Novice / Able,Narrow / Able,Solid / Proficient,Novice / Able,Neophyte / Able,Novice / Proficient,Narrow / Distinguished (archipelago: Respected ),Neophyte / Able,Neophyte / Distinguished (archipelago: Proficient ),Novice / Proficient,Novice / Able,Novice / Able,Novice / Able,Novice / Able,Novice / Able,Novice / Able,Novice / Able,Apprentice / Able,Neophyte / Able,Apprentice / Proficient,Neophyte / Distinguished (archipelago: Proficient ),Novice / Able,2026-10-05T23:23:06+00:00
https://emerald.puzzlepirates.com/yoweb/pirate.wm?classic=false&target=Whitebeard,Whitebeard,Officer,League of Shadows,Member,High Spirits,Narrow / Respected (archipelago: Distinguished ),Apprentice / Ultimate (archipelago: Master ),Narrow / Ultimate (archipelago: Legendary ),Broad / Distinguished,Neophyte / Master,Neophyte / Renowned (archipelago: Master ),Novice / Able,Novice / Able,Novice / Able,Novice / Proficient,Novice / Able,Novice / Able,Novice / Able,Novice / Able,Novice / Able,Neophyte / Able,Novice / Able,Broad / Proficient,Apprentice / Able (archipelago: Proficient ),Novice / Able,Novice / Able,Novice / Able,2026-10-05T23:23:06+00:00
https://emerald.puzzlepirates.com/yoweb/pirate.wm?classic=false&target=Witchinside,Witchinside,Swordsman,League of Shadows,Member,High Spirits,Solid / Renowned (archipelago: Master ),Novice / Able,Solid / Distinguished (archipelago: Proficient ),Neophyte / Proficient,Neophyte / Proficient (archipelago: Able),Solid / Master (archipelago: Respected ),Apprentice / Respected,Novice / Able,Novice / Able,Illustrious / Ultimate (archipelago: Legendary ),Neophyte / Able,Novice / Able,Novice / Able,Novice / Able,Neophyte / Able,Expert / Proficient,Novice / Able,Neophyte / Able,Neophyte / Proficient,Novice / Able,Novice / Distinguished (archipelago: Proficient ),Weighty / Legendary,2026-10-05T23:23:06+00:00
https://emerald.puzzlepirates.com/yoweb/pirate.wm?classic=false&target=Xiju,Xiju,Officer,League of Shadows,Member,High Spirits,Broad / Able,Novice / Able,Novice / Able,Solid / Able,Novice / Able,Neophyte / Master,Neophyte / Proficient (archipelago: Able),Novice / Able,Narrow / Distinguished,Novice / Able,Neophyte / Respected (archipelago: Master ),Novice / Able,Novice / Able,Apprentice / Able,Broad / Renowned (archipelago: Master ),Novice / Able,Novice / Able,Novice / Able,Novice / Able,Novice / Able,Solid / Proficient,Novice / Able,2026-10-05T23:23:06+00:00
https://emerald.puzzlepirates.com/yoweb/pirate.wm?classic=false&target=Yassop,Yassop,Swordsman,League of Shadows,Member,High Spirits,Solid / Legendary (archipelago: Master ),Apprentice / Able,Broad / Proficient (archipelago: Able),Novice / Able,Solid / Master,Novice / Proficient (archipelago: Able),Narrow / Distinguished (archipelago: Proficient ),Novice / Able,Novice / Able,Expert / Master (archipelago: Respected ),Narrow / Proficient,Novice / Proficient,Novice / Able,Novice / Able,Neophyte / Distinguished,Narrow / Master,Novice / Able,Novice / Able,Novice / Able,Novice / Able,Neophyte / Grand-Master (archipelago: Master ),Novice / Able,2026-10-05T23:23:06+00:00
https://emerald.puzzlepirates.com/yoweb/pirate.wm?classic=false&target=Zaxafus,Zaxafus,Officer,League of Shadows,Member,High Spirits,Broad / Respected (archipelago: Distinguished ),Apprentice / Able,Solid / Master (archipelago: Respected ),Broad / Respected (archipelago: Distinguished ),Solid / Respected,Broad / Respected,Broad / Distinguished,Solid / Proficient,Broad / Master (archipelago: Respected ),Solid / Proficient,Expert / Legendary,Neophyte / Proficient,Novice / Able,Neophyte / Able,Novice / Proficient,Apprentice / Master,Solid / Distinguished,Narrow / Proficient,Broad / Distinguished,Neophyte / Proficient (archipelago: Able),Solid / Renowned (archipelago: Distinguished ),Neophyte / Proficient,2026-10-05T23:23:06+00:00
https://emerald.puzzlepirates.com/yoweb/pirate.wm?classic=false&target=Zelaus,Zelaus,Officer,League of Shadows,Member,High Spirits,Narrow / Distinguished,Novice / Able,Broad / Master,Neophyte / Proficient (archipelago: Distinguished ),Neophyte / Able,Neophyte / Master,Apprentice / Renowned,Novice / Able,Novice / Able,Novice / Able,Novice / Proficient,Novice / Able,Novice / Able,Novice / Able,Novice / Able,Novice / Able,Novice / Able,Novice / Able,Novice / Able,Broad / Proficient (archipelago: Distinguished ),Neophyte / Master (archipelago: Distinguished ),Neophyte / Proficient,2026-10-05T23:23:06+00:00
https://emerald.puzzlepirates.com/yoweb/pirate.wm?classic=false&target=Akatizi,Akatizi,Pirate,League of Shadows,Member,High Spirits,Novice / Able,Novice / Able,Novice / Able,Novice / Able,Neophyte / Able,Novice / Able,Novice / Respected,Novice / Able,Novice / Able,Novice / Able,Novice / Able,Novice / Able,Novice / Able,Novice / Able,Novice / Able,Novice / Able,Novice / Able,Novice / Able,Novice / Able,Novice / Able,Apprentice / Able,Novice / Able,2026-10-05T23:23:06+00:00
https://emerald.puzzlepirates.com/yoweb/pirate.wm?classic=false&target=Andyoes,Andyoes,Carpenter,League of Shadows,Member,High Spirits,Apprentice / Able,Novice / Able,Apprentice / Able,Neophyte / Able,Apprentice / Able,Novice / Able,Novice / Able,Novice / Able,Novice / Able,Neophyte / Able,Novice / Proficient,Novice / Able,Novice / Able,Novice / Able,Novice / Able,Novice / Able,Novice / Able,Novice / Able,Novice / Able,Novice / Able,Novice / Able,Novice / Able,2026-10-05T23:23:06+00:00
https://emerald.puzzlepirates.com/yoweb/pirate.wm?classic=false&target=Apati,Apati,Pirate,League of Shadows,Member,High Spirits,Novice / Able,Novice / Able,Novice / Able,Neophyte / Proficient,Apprentice / Able,Novice / Able,Novice / Distinguished (archipelago: Proficient ),Novice / Able,Novice / Able,Novice / Able,Novice / Able,Novice / Able,Novice / Able,Novice / Able,Novice / Able,Novice / Able,Novice / Able,Novice / Able,Novice / Able,Novice / Able,Apprentice / Distinguished (archipelago: Proficient ),Novice / Able,2026-10-05T23:23:06+00:00
https://emerald.puzzlepirates.com/yoweb/pirate.wm?classic=false&target=Bilgs,Bilgs,Pirate,League of Shadows,Member,High Spirits,Novice / Able,Novice / Able,Novice / Able,Novice / Able,Neophyte / Able (archipelago: Proficient ),Novice / Able,Novice / Able,Novice / Able,Novice / Able,Novice / Able,Novice / Able,Novice / Able,Novice / Able,Novice / Able,Novice / Able,Novice / Able,Novice / Able,Novice / Able,Novice / Able,Novice / Able,Narrow / Able,Novice / Able,2026-10-05T23:23:06+00:00
https://emerald.puzzlepirates.com/yoweb/pirate.wm?classic=false&target=Boronia,Boronia,Pirate,League of Shadows,Member,High Spirits,Novice / Able,Novice / Able,Novice / Able,Novice / Able,Novice / Able,Novice / Able,Novice / Able,Novice / Able,Novice / Able,Novice / Able,Novice / Able,Novice / Able,Novice / Able,Novice / Able,Novice / Able,Novice / Able,Solid / Renowned (archipelago: Respected ),Novice / Able,Novice / Able,Novice / Able,Novice / Able,Apprentice / Distinguished (archipelago: Proficient ),2026-10-05T23:23:06+00:00
https://emerald.puzzlepirates.com/yoweb/pirate.wm?classic=false&target=Calmighty,Calmighty,Muse,League of Shadows,Member,High Spirits,Solid / Proficient,Novice / Able,Apprentice / Able,Apprentice / Able,Broad / Able,Apprentice / Able,Illustrious / Proficient,Novice / Able,Novice / Able,Novice / Proficient,Novice / Able,Novice / Proficient,Novice / Able,Novice / Able,Neophyte / Proficient,Novice / Able,Novice / Able,Novice / Able,Novice / Able,Novice / Able,Broad / Able,Novice / Able,2026-10-05T23:23:06+00:00
https://emerald.puzzlepirates.com/yoweb/pirate.wm?classic=false&target=Cheesedust,Cheesedust,Pirate,League of Shadows,Member,High Spirits,Narrow / Proficient (archipelago: Able),Solid / Able,Narrow / Able,Solid / Proficient,Solid / Able,Narrow / Able,Novice / Able,Novice / Able,Novice / Able,Novice / Able,Novice / Proficient,Novice / Able,Novice / Able,Novice / Able,Novice / Able,Novice / Able,Novice / Able,Novice / Able,Novice / Able,Novice / Able,Neophyte / Able,Novice / Able,2026-10-05T23:23:06+00:00
https://emerald.puzzlepirates.com/yoweb/pirate.wm?classic=false&target=Dashboard,Dashboard,Pirate,League of Shadows,Member,High Spirits,Novice / Able,Novice / Able,Novice / Able,Novice / Able,Novice / Able,Novice / Able,Novice / Able,Novice / Able,Novice / Able,Novice / Able,Novice / Able,Novice / Able,Novice / Able,Novice / Able,Novice / Able,Novice / Able,Novice / Able,Novice / Able,Novice / Able,Novice / Able,Narrow / Able,Novice / Able,2026-10-05T23:23:06+00:00
https://emerald.puzzlepirates.com/yoweb/pirate.wm?classic=false&target=Dembele,Dembele,Pirate,League of Shadows,Member,High Spirits,Neophyte / Able,Novice / Able,Novice / Able,Novice / Proficient,Novice / Able,Novice / Master (archipelago: Respected ),Solid / Distinguished (archipelago: Proficient ),Novice / Able,Novice / Able,Novice / Able,Novice / Able,Novice / Able,Novice / Able,Novice / Able,Novice / Able,Solid / Proficient,Novice / Able,Novice / Able,Novice / Able,Novice / Able,Neophyte / Distinguished (archipelago: Proficient ),Novice / Able,2026-10-05T23:23:06+00:00
https://emerald.puzzlepirates.com/yoweb/pirate.wm?classic=false&target=Doradas,Doradas,Pirate,League of Shadows,Member,High Spirits,Novice / Able,Novice / Able,Novice / Able,Novice / Able,Novice / Able,Novice / Able,Novice / Able,Novice / Able,Novice / Able,Novice / Able,Novice / Able,Novice / Able,Novice / Able,Novice / Able,Novice / Proficient,Novice / Able,Novice / Able,Novice / Able,Novice / Able,Novice / Able,Solid / Able,Novice / Able,2026-10-05T23:23:06+00:00
https://emerald.puzzlepirates.com/yoweb/pirate.wm?classic=false&target=Duuke,Duuke,Pirate,League of Shadows,Member,High Spirits,Novice / Able,Novice / Able,Novice / Able,Novice / Able,Apprentice / Proficient (archipelago: Able),Novice / Able,Narrow / Proficient,Novice / Able,Novice / Able,Novice / Able,Novice / Able,Novice / Able,Novice / Able,Novice / Able,Novice / Able,Neophyte / Master,Novice / Able,Novice / Able,Novice / Able,Novice / Able,Novice / Distinguished (archipelago: Proficient ),Novice / Able,2026-10-05T23:23:06+00:00
https://emerald.puzzlepirates.com/yoweb/pirate.wm?classic=false&target=Epiy,Epiy,Pirate,League of Shadows,Member,High Spirits,Apprentice / Able,Broad / Proficient,Narrow / Proficient (archipelago: Able),Broad / Distinguished,Narrow / Proficient,Narrow / Distinguished (archipelago: Proficient ),Neophyte / Respected (archipelago: Distinguished ),Novice / Able,Novice / Able,Novice / Proficient,Novice / Able,Neophyte / Master,Novice / Able,Novice / Able,Novice / Able,Neophyte / Legendary,Novice / Able,Novice / Able,Narrow / Proficient,Apprentice / Proficient,Novice / Able,Novice / Able,2026-10-05T23:23:06+00:00
https://emerald.puzzlepirates.com/yoweb/pirate.wm?classic=false&target=Ginnginger,Ginnginger,Pirate,League of Shadows,Member,High Spirits,Broad / Able,Neophyte / Able,Novice / Able,Solid / Able,Narrow / Able,Novice / Able,Narrow / Master,Novice / Able,Novice / Able,Novice / Able,Novice / Able,Novice / Able,Novice / Able,Novice / Able,Novice / Able,Novice / Able,Novice / Able,Novice / Able,Neophyte / Proficient,Solid / Renowned (archipelago: Master ),Solid / Able,Apprentice / Distinguished (archipelago: Proficient ),2026-10-05T23:23:06+00:00
https://emerald.puzzlepirates.com/yoweb/pirate.wm?classic=false&target=Grandelatte,Grandelatte,Pirate,League of Shadows,Member,High Spirits,Neophyte / Able,Neophyte / Able,Solid / Proficient,Novice / Able,Novice / Proficient (archipelago: Able),Novice / Able,Broad / Proficient (archipelago: Able),Novice / Able,Novice / Able,Novice / Able,Novice / Able,Novice / Able,Novice / Able,Novice / Able,Novice / Able,Novice / Able,Novice / Able,Novice / Able,Novice / Able,Novice / Able,Narrow / Grand-Master (archipelago: Respected ),Novice / Able,2026-10-05T23:23:06+00:00
https://emerald.puzzlepirates.com/yoweb/pirate.wm?classic=false&target=Hammed,Hammed,Pirate,League of Shadows,Member,High Spirits,Solid / Distinguished (archipelago: Proficient ),Neophyte / Able,Solid / Able,Narrow / Proficient,Solid / Proficient,Neophyte / Able,Apprentice / Able,Novice / Able,Novice / Able,Neophyte / Able,Novice / Proficient (archipelago: Distinguished ),Novice / Able,Novice / Able,Novice / Able,Novice / Proficient,Novice / Able,Novice / Able,Apprentice / Proficient,Apprentice / Able,Neophyte / Able,Neophyte / Able,Narrow / Proficient,2026-10-05T23:23:06+00:00
https://emerald.puzzlepirates.com/yoweb/pirate.wm?classic=false&target=Landings,Landings,Pirate,League of Shadows,Member,High Spirits,Novice / Able,Apprentice / Able,Novice / Able,Narrow / Proficient (archipelago: Distinguished ),Narrow / Able (archipelago: Proficient ),Solid / Distinguished,Novice / Able,Apprentice / Able,Novice / Able,Novice / Able,Novice / Able,Novice / Able,Novice / Able,Novice / Able,Novice / Able,Broad / Distinguished,Novice / Able,Neophyte / Proficient (archipelago: Able),Novice / Able,Novice / Able,Novice / Able,Novice / Able,2026-10-05T23:23:06+00:00
https://emerald.puzzlepirates.com/yoweb/pirate.wm?classic=false&target=Lolalouise,Lolalouise,Pirate,League of Shadows,Member,High Spirits,Novice / Able,Novice / Able,Neophyte / Proficient (archipelago: Able),Neophyte / Proficient,Apprentice / Proficient,Novice / Able,Novice / Able,Novice / Able,Novice / Able,Novice / Proficient,Novice / Proficient (archipelago: Distinguished ),Novice / Able,Novice / Able,Novice / Able,Novice / Able,Neophyte / Able,Novice / Able,Novice / Able (archipelago: Proficient ),Novice / Able,Novice / Able,Novice / Able,Novice / Proficient,2026-10-05T23:23:06+00:00
https://emerald.puzzlepirates.com/yoweb/pirate.wm?classic=false&target=Mapstock,Mapstock,Pirate,League of Shadows,Member,High Spirits,Novice / Proficient,Novice / Able,Novice / Able,Novice / Able,Novice / Able,Novice / Able,Neophyte / Able,Novice / Able,Novice / Able,Novice / Able,Novice / Able,Novice / Able,Novice / Able,Novice / Able,Novice / Able,Novice / Able,Novice / Able,Novice / Able,Novice / Able,Novice / Able,Novice / Able,Novice / Able,2026-10-05T23:23:06+00:00
https://emerald.puzzlepirates.com/yoweb/pirate.wm?classic=false&target=Miaxmaia,Miaxmaia,Pirate,League of Shadows,Member,High Spirits,Novice / Able,Novice / Able,Novice / Able,Novice / Able,Novice / Able,Novice / Able,Novice / Able,Novice / Able,Novice / Able,Novice / Able,Novice / Able,Novice / Able,Novice / Able,Novice / Able,Novice / Able,Novice / Able,Novice / Able,Novice / Able,Novice / Able,Narrow / Distinguished,Broad / Able,Novice / Able,2026-10-05T23:23:06+00:00
https://emerald.puzzlepirates.com/yoweb/pirate.wm?classic=false&target=Nosetalgia,Nosetalgia,Carpenter,League of Shadows,Member,High Spirits,Broad / Proficient,Novice / Able,Paragon / Renowned (archipelago: Master ),Novice / Able,Narrow / Proficient,Novice / Able,Narrow / Respected,Novice / Able,Novice / Able,Expert / Master,Neophyte / Respected,Novice / Proficient,Novice / Able,Weighty / Respected,Neophyte / Able,Solid / Proficient,Novice / Able,Novice / Able,Novice / Able,Apprentice / Distinguished (archipelago: Proficient ),Apprentice / Master (archipelago: Distinguished ),Novice / Able,2026-10-05T23:23:06+00:00
https://emerald.puzzlepirates.com/yoweb/pirate.wm?classic=false&target=Polleye,Polleye,Pirate,League of Shadows,Member,High Spirits,Solid / Respected (archipelago: Distinguished ),Solid / Proficient,Expert / Respected (archipelago: Distinguished ),Broad / Distinguished,Solid / Distinguished,Solid / Proficient,Broad / Grand-Master,Broad / Proficient,Narrow / Respected (archipelago: Distinguished ),Narrow / Able,Narrow / Able,Neophyte / Able,Novice / Able,Narrow / Able,Apprentice / Able,Narrow / Able,Neophyte / Able,Neophyte / Proficient (archipelago: Able),Narrow / Proficient,Narrow / Proficient,Apprentice / Distinguished (archipelago: Proficient ),Novice / Able,2026-10-05T23:23:06+00:00
https://emerald.puzzlepirates.com/yoweb/pirate.wm?classic=false&target=Purrberry,Purrberry,Pirate,League of Shadows,Member,High Spirits,Novice / Able,Novice / Able,Novice / Able,Novice / Able,Novice / Able,Novice / Able,Novice / Able,Novice / Able,Novice / Able,Novice / Able,Novice / Able,Novice / Able,Novice / Able,Novice / Able,Novice / Able,Novice / Able,Novice / Able,Novice / Able,Novice / Able,Novice / Able,Neophyte / Able,Novice / Able,2026-10-05T23:23:06+00:00
https://emerald.puzzlepirates.com/yoweb/pirate.wm?classic=false&target=Rebootie,Rebootie,Pirate,League of Shadows,Member,High Spirits,Novice / Able,Novice / Able,Novice / Able,Novice / Able,Novice / Able,Novice / Able,Novice / Able,Novice / Able,Novice / Able,Novice / Able,Novice / Able,Novice / Able,Novice / Able,Novice / Able,Novice / Able,Novice / Able,Novice / Able,Novice / Able,Novice / Able,Novice / Able,Novice / Able,Novice / Able,2026-10-05T23:23:06+00:00
https://emerald.puzzlepirates.com/yoweb/pirate.wm?classic=false&target=Savagequeen,Savagequeen,Pirate,League of Shadows,Member,High Spirits,Narrow / Proficient (archipelago: Able),Novice / Able,Apprentice / Able,Novice / Able,Broad / Proficient (archipelago: Able),Neophyte / Able,Novice / Proficient (archipelago: Able),Novice / Able,Novice / Able,Novice / Proficient,Novice / Proficient,Novice / Able,Novice / Able,Novice / Able,Novice / Able,Novice / Able,Novice / Able,Novice / Able,Novice / Able,Novice / Able,Novice / Able,Novice / Able,2026-10-05T23:23:06+00:00
https://emerald.puzzlepirates.com/yoweb/pirate.wm?classic=false&target=Sistersarah,Sistersarah,Pirate,League of Shadows,Member,High Spirits,Novice / Able,Novice / Able,Novice / Able,Novice / Able,Novice / Able,Novice / Able,Neophyte / Proficient (archipelago: Able),Novice / Able,Novice / Able,Novice / Able,Novice / Able,Novice / Able,Novice / Able,Novice / Able,Novice / Able,Novice / Able,Novice / Able,Apprentice / Proficient,Novice / Able,Novice / Able,Novice / Master (archipelago: Distinguished ),Novice / Able,2026-10-05T23:23:06+00:00
https://emerald.puzzlepirates.com/yoweb/pirate.wm?classic=false&target=Skurdismatch,Skurdismatch,Pirate,League of Shadows,Member,High Spirits,Novice / Able,Novice / Able,Novice / Able,Novice / Able,Novice / Able,Novice / Able,Novice / Proficient (archipelago: Able),Novice / Able,Novice / Able,Novice / Able,Novice / Able,Novice / Able,Novice / Able,Novice / Able,Novice / Able,Novice / Able,Novice / Able,Novice / Able,Narrow / Proficient,Novice / Able,Neophyte / Able,Novice / Able,2026-10-05T23:23:06+00:00
https://emerald.puzzlepirates.com/yoweb/pirate.wm?classic=false&target=Slsarahx,Slsarahx,Pirate,League of Shadows,Member,High Spirits,Novice / Able,Novice / Able,Novice / Able,Novice / Able,Novice / Able,Novice / Able,Apprentice / Grand-Master,Novice / Able,Novice / Able,Narrow / Able,Apprentice / Grand-Master (archipelago: Ultimate ),Novice / Able,Novice / Able,Novice / Able,Novice / Able,Novice / Able,Novice / Able,Novice / Able,Novice / Able,Novice / Able,Solid / Able,Novice / Able,2026-10-05T23:23:06+00:00
https://emerald.puzzlepirates.com/yoweb/pirate.wm?classic=false&target=Soolv,Soolv,Pirate,League of Shadows,Member,High Spirits,Novice / Able,Novice / Able,Novice / Able,Neophyte / Proficient (archipelago: Ultimate ),Narrow / Proficient (archipelago: Able),Novice / Able,Novice / Able,Novice / Able,Novice / Able,Novice / Able,Novice / Able,Novice / Able,Novice / Able,Novice / Able,Novice / Able,Novice / Able,Novice / Able,Narrow / Proficient,Solid / Respected (archipelago: Distinguished ),Apprentice / Proficient,Broad / Able (archipelago: Proficient ),Novice / Able,2026-10-05T23:23:06+00:00
https://emerald.puzzlepirates.com/yoweb/pirate.wm?classic=false&target=Spinnshady,Spinnshady,Pirate,League of Shadows,Member,High Spirits,Neophyte / Able,Narrow / Able,Novice / Able,Narrow / Proficient (archipelago: Able),Narrow / Proficient,Novice / Able,Broad / Able,Novice / Able,Novice / Able,Novice / Able,Novice / Able,Novice / Able,Novice / Able,Novice / Able,Novice / Able,Novice / Able,Novice / Able,Novice / Able,Novice / Able,Novice / Able,Neophyte / Able,Novice / Able,2026-10-05T23:23:06+00:00
https://emerald.puzzlepirates.com/yoweb/pirate.wm?classic=false&target=Stinkyjuan,Stinkyjuan,Pirate,League of Shadows,Member,High Spirits,Narrow / Proficient (archipelago: Able),Apprentice / Able,Solid / Able,Apprentice / Able,Broad / Proficient (archipelago: Able),Narrow / Able,Solid / Able,Novice / Able,Novice / Able,Novice / Proficient,Novice / Proficient,Novice / Able,Novice / Able,Novice / Able,Novice / Able,Neophyte / Respected,Novice / Able,Novice / Able,Novice / Able,Novice / Able,Neophyte / Able,Novice / Able,2026-10-05T23:23:06+00:00
https://emerald.puzzlepirates.com/yoweb/pirate.wm?classic=false&target=Teachh,Teachh,Pirate,League of Shadows,Member,High Spirits,Broad / Proficient (archipelago: Able),Solid / Ultimate (archipelago: Grand-Master ),Novice / Able,Narrow / Distinguished,Solid / Renowned,Novice / Able,Solid / Distinguished,Neophyte / Able,Novice / Able,Novice / Proficient,Novice / Able,Novice / Able,Novice / Able,Novice / Able,Novice / Able,Novice / Able,Novice / Able,Novice / Able,Novice / Able,Neophyte / Able,Narrow / Respected (archipelago: Proficient ),Novice / Able,2026-10-05T23:23:06+00:00
https://emerald.puzzlepirates.com/yoweb/pirate.wm?classic=false&target=Velaris,Velaris,Pirate,League of Shadows,Member,High Spirits,Novice / Able,Broad / Proficient,Paragon / Renowned (archipelago: Master ),Novice / Able,Solid / Proficient,Broad / Respected (archipelago: Distinguished ),Solid / Distinguished (archipelago: Proficient ),Narrow / Able,Novice / Able,Neophyte / Proficient,Novice / Able,Novice / Able,Novice / Able,Novice / Able,Novice / Able,Novice / Able,Novice / Able,Novice / Able,Novice / Able,Neophyte / Able,Neophyte / Proficient (archipelago: Able),Novice / Proficient (archipelago: Able),2026-10-05T23:23:06+00:00
https://emerald.puzzlepirates.com/yoweb/pirate.wm?classic=false&target=Youwantdill,Youwantdill,Pirate,League of Shadows,Member,High Spirits,Neophyte / Able,Novice / Able,Novice / Able,Novice / Able,Novice / Able,Novice / Able,Broad / Master,Novice / Able,Novice / Able,Novice / Respected (archipelago: Distinguished ),Novice / Able,Novice / Able,Novice / Able,Novice / Able,Novice / Able,Novice / Able,Novice / Able,Novice / Able,Novice / Able,Novice / Able,Narrow / Able,Novice / Able,2026-10-05T23:23:06+00:00
https://emerald.puzzlepirates.com/yoweb/pirate.wm?classic=false&target=Nathoon,Nathoon,Captain,Spirited Sanctum,Member,High Spirits,Expert / Master (archipelago: Respected ),Weighty / Distinguished,Illustrious / Renowned,Broad / Distinguished,Solid / Master,Solid / Distinguished (archipelago: Proficient ),Weighty / Master,Solid / Proficient,Weighty / Grand-Master (archipelago: Renowned ),Solid / Proficient,Narrow / Renowned (archipelago: Master ),Narrow / Able,Apprentice / Able,Narrow / Able (archipelago: Proficient ),Narrow / Able,Weighty / Grand-Master (archipelago: Ultimate ),Neophyte / Able,Narrow / Proficient,Broad / Distinguished (archipelago: Proficient ),Solid / Distinguished,Solid / Distinguished (archipelago: Proficient ),Apprentice / Proficient,2026-10-05T23:23:06+00:00
https://emerald.puzzlepirates.com/yoweb/pirate.wm?classic=false&target=Cubiccube,Cubiccube,Officer,Spirited Sanctum,Member,High Spirits,Broad / Renowned (archipelago: Master ),Solid / Respected,Weighty / Legendary,Narrow / Proficient,Solid / Legendary,Solid / Master,Weighty / Proficient,Solid / Distinguished (archipelago: Respected ),Narrow / Respected,Neophyte / Distinguished (archipelago: Master ),Novice / Able,Novice / Able,Novice / Able,Novice / Able,Novice / Able,Novice / Able,Solid / Distinguished,Broad / Distinguished,Novice / Able,Broad / Distinguished,Solid / Ultimate (archipelago: Renowned ),Apprentice / Distinguished,2026-10-05T23:23:06+00:00
https://emerald.puzzlepirates.com/yoweb/pirate.wm?classic=false&target=Jabbaman,Jabbaman,Officer,Spirited Sanctum,Lord,High Spirits,Solid / Master (archipelago: Distinguished ),Solid / Proficient,Solid / Master (archipelago: Respected ),Solid / Respected,Solid / Distinguished,Weighty / Grand-Master (archipelago: Renowned ),Solid / Legendary,Solid / Distinguished,Solid / Renowned,Narrow / Distinguished,Neophyte / Respected (archipelago: Distinguished ),Neophyte / Master (archipelago: Respected ),Novice / Able,Novice / Able,Neophyte / Proficient (archipelago: Able),Solid / Grand-Master (archipelago: Renowned ),Solid / Proficient (archipelago: Distinguished ),Neophyte / Able,Novice / Able (archipelago: Proficient ),Solid / Distinguished,Narrow / Grand-Master (archipelago: Respected ),Novice / Able,2026-10-05T23:23:06+00:00
https://emerald.puzzlepirates.com/yoweb/pirate.wm?classic=false&target=Knottnathoon,Knottnathoon,Officer,Spirited Sanctum,Lord,High Spirits,Solid / Renowned (archipelago: Master ),Solid / Proficient,Expert / Ultimate (archipelago: Grand-Master ),Broad / Proficient,Solid / Proficient,Broad / Distinguished (archipelago: Proficient ),Weighty / Renowned,Apprentice / Able,Solid / Grand-Master,Apprentice / Able,Neophyte / Respected (archipelago: Distinguished ),Novice / Able,Novice / Able,Novice / Able,Neophyte / Able,Solid / Distinguished (archipelago: Proficient ),Apprentice / Able,Broad / Proficient,Narrow / Able,Solid / Distinguished,Solid / Ultimate (archipelago: Legendary ),Novice / Able,2026-10-05T23:23:06+00:00
https://emerald.puzzlepirates.com/yoweb/pirate.wm?classic=false&target=Minigun,Minigun,Officer,Spirited Sanctum,Member,High Spirits,Expert / Respected (archipelago: Distinguished ),Solid / Distinguished,Paragon / Master (archipelago: Respected ),Broad / Proficient,Expert / Legendary (archipelago: Grand-Master ),Illustrious / Legendary (archipelago: Grand-Master ),Solid / Respected,Solid / Proficient,Solid / Ultimate (archipelago: Legendary ),Weighty / Master,Broad / Proficient (archipelago: Able),Narrow / Proficient,Narrow / Able,Broad / Able,Broad / Able,Revered / Able,Broad / Proficient (archipelago: Able),Solid / Distinguished,Expert / Ultimate,Weighty / Grand-Master (archipelago: Renowned ),Weighty / Master (archipelago: Proficient ),Solid / Grand-Master (archipelago: Legendary ),2026-10-05T23:23:06+00:00
https://emerald.puzzlepirates.com/yoweb/pirate.wm?classic=false&target=Sphericalbal,Sphericalbal,Officer,Spirited Sanctum,Member,High Spirits,Narrow / Proficient,Broad / Proficient,Weighty / Ultimate (archipelago: Legendary ),Broad / Distinguished,Expert / Legendary,Broad / Distinguished,Weighty / Renowned,Solid / Distinguished (archipelago: Respected ),Solid / Renowned (archipelago: Master ),Apprentice / Able,Novice / Proficient (archipelago: Distinguished ),Novice / Proficient,Novice / Able,Novice / Able,Novice / Able,Novice / Able,Solid / Proficient,Solid / Distinguished (archipelago: Respected ),Broad / Proficient,Weighty / Ultimate (archipelago: Grand-Master ),Solid / Master (archipelago: Respected ),Solid / Legendary,2026-10-05T23:23:06+00:00
https://emerald.puzzlepirates.com/yoweb/pirate.wm?classic=false&target=Arlande,Arlande,Officer,Spirited Sanctum,Member,High Spirits,Solid / Grand-Master (archipelago: Master ),Solid / Proficient (archipelago: Able),Solid / Distinguished (archipelago: Proficient ),Narrow / Proficient,Weighty / Distinguished,Solid / Distinguished,Solid / Proficient (archipelago: Able),Solid / Distinguished,Solid / Distinguished (archipelago: Proficient ),Narrow / Able,Apprentice / Able,Novice / Able,Novice / Able,Novice / Able,Novice / Proficient,Neophyte / Proficient (archipelago: Able),Apprentice / Able,Neophyte / Able,Broad / Proficient,Apprentice / Proficient,Apprentice / Able,Narrow / Distinguished (archipelago: Proficient ),2026-10-05T23:23:06+00:00
https://emerald.puzzlepirates.com/yoweb/pirate.wm?classic=false&target=Chinless,Chinless,Officer,Spirited Sanctum,Member,High Spirits,Novice / Able,Solid / Distinguished,Weighty / Master,Narrow / Proficient (archipelago: Distinguished ),Broad / Distinguished,Narrow / Distinguished,Broad / Master,Neophyte / Able,Solid / Master (archipelago: Respected ),Neophyte / Proficient,Novice / Able,Novice / Able,Novice / Able,Novice / Able,Novice / Able,Neophyte / Grand-Master (archipelago: Legendary ),Neophyte / Proficient,Narrow / Proficient,Solid / Proficient,Neophyte / Able,Broad / Respected (archipelago: Proficient ),Novice / Able,2026-10-05T23:23:06+00:00
https://emerald.puzzlepirates.com/yoweb/pirate.wm?classic=false&target=Duckhead,Duckhead,Officer,Spirited Sanctum,Member,High Spirits,Narrow / Distinguished (archipelago: Proficient ),Solid / Distinguished (archipelago: Proficient ),Solid / Grand-Master (archipelago: Renowned ),Broad / Distinguished,Apprentice / Proficient,Solid / Master,Narrow / Respected,Neophyte / Able,Neophyte / Proficient (archipelago: Able),Broad / Able,Neophyte / Able,Neophyte / Distinguished,Novice / Able,Novice / Able,Neophyte / Distinguished,Narrow / Proficient,Solid / Proficient,Novice / Able,Neophyte / Able,Solid / Respected (archipelago: Distinguished ),Apprentice / Master (archipelago: Distinguished ),Novice / Able,2026-10-05T23:23:06+00:00
https://emerald.puzzlepirates.com/yoweb/pirate.wm?classic=false&target=Iridia,Iridia,Officer,Spirited Sanctum,Member,High Spirits,Solid / Distinguished,Solid / Proficient,Narrow / Able,Narrow / Proficient,Broad / Proficient,Neophyte / Able,Narrow / Able,Novice / Able,Novice / Able,Novice / Proficient,Novice / Proficient,Novice / Able,Novice / Able,Novice / Able,Novice / Able,Novice / Able,Apprentice / Able,Narrow / Able,Apprentice / Able,Narrow / Able,Narrow / Able,Narrow / Proficient (archipelago: Distinguished ),2026-10-05T23:23:06+00:00
https://emerald.puzzlepirates.com/yoweb/pirate.wm?classic=false&target=Kiida,Kiida,Merchant,Spirited Sanctum,Member,High Spirits,Solid / Proficient,Narrow / Able,Solid / Proficient (archipelago: Able),Solid / Distinguished,Weighty / Proficient,Broad / Proficient,Solid / Proficient (archipelago: Able),Solid / Proficient,Solid / Distinguished (archipelago: Proficient ),Narrow / Able,Neophyte / Able,Novice / Able,Novice / Able,Novice / Able,Neophyte / Able,Solid / Able,Narrow / Able,Broad / Proficient,Solid / Proficient,Solid / Distinguished (archipelago: Proficient ),Broad / Proficient (archipelago: Able),Narrow / Proficient (archipelago: Distinguished ),2026-10-05T23:23:06+00:00
https://emerald.puzzlepirates.com/yoweb/pirate.wm?classic=false&target=Lunardreams,Lunardreams,Officer,Spirited Sanctum,Member,High Spirits,Broad / Distinguished (archipelago: Proficient ),Narrow / Proficient,Expert / Master,Narrow / Proficient,Weighty / Master,Broad / Proficient (archipelago: Able),Expert / Distinguished (archipelago: Proficient ),Narrow / Able,Novice / Able,Apprentice / Able,Neophyte / Able,Apprentice / Distinguished,Apprentice / Able,Apprentice / Able,Apprentice / Distinguished,Apprentice / Able,Apprentice / Proficient,Apprentice / Proficient,Neophyte / Able,Broad / Distinguished,Apprentice / Master (archipelago: Distinguished ),Neophyte / Proficient (archipelago: Able),2026-10-05T23:23:06+00:00
https://emerald.puzzlepirates.com/yoweb/pirate.wm?classic=false&target=Plusmode,Plusmode,Officer,Spirited Sanctum,Member,High Spirits,Narrow / Distinguished (archipelago: Proficient ),Apprentice / Able,Narrow / Able,Narrow / Distinguished,Broad / Distinguished (archipelago: Proficient ),Broad / Grand-Master (archipelago: Renowned ),Solid / Master,Novice / Able,Neophyte / Proficient (archipelago: Able),Novice / Proficient,Novice / Able,Novice / Able,Novice / Able,Novice / Able,Novice / Able,Novice / Able,Novice / Able,Novice / Able,Novice / Able,Narrow / Proficient,Broad / Proficient (archipelago: Able),Novice / Able,2026-10-05T23:23:06+00:00
https://emerald.puzzlepirates.com/yoweb/pirate.wm?classic=false&target=Skurd,Skurd,Officer,Spirited Sanctum,Member,High Spirits,Expert / Ultimate (archipelago: Grand-Master ),Narrow / Able,Illustrious / Ultimate (archipelago: Legendary ),Broad / Distinguished,Broad / Proficient,Weighty / Distinguished,Solid / Master,Solid / Respected,Solid / Ultimate,Apprentice / Master,Novice / Proficient,Novice / Distinguished,Novice / Able,Novice / Able,Novice / Distinguished,Expert / Renowned,Novice / Able,Apprentice / Proficient (archipelago: Able),Expert / Grand-Master,Narrow / Proficient,Solid / Respected (archipelago: Proficient ),Narrow / Distinguished,2026-10-05T23:23:06+00:00
https://emerald.puzzlepirates.com/yoweb/pirate.wm?classic=false&target=Blazysusan,Blazysusan,Officer,Spirited Sanctum,Member,High Spirits,Weighty / Respected,Novice / Able,Solid / Distinguished,Apprentice / Proficient (archipelago: Distinguished ),Weighty / Master (archipelago: Renowned ),Broad / Able,Solid / Distinguished (archipelago: Respected ),Solid / Distinguished,Novice / Able,Novice / Proficient (archipelago: Able),Novice / Able,Novice / Able,Novice / Able,Novice / Able,Novice / Able,Novice / Able,Novice / Able,Novice / Able,Novice / Able,Novice / Able,Apprentice / Distinguished (archipelago: Proficient ),Novice / Able,2026-10-05T23:23:06+00:00
https://emerald.puzzlepirates.com/yoweb/pirate.wm?classic=false&target=Brodster,Brodster,Officer,Spirited Sanctum,Member,High Spirits,Broad / Proficient,Solid / Proficient,Broad / Able,Novice / Able,Solid / Proficient,Narrow / Able,Solid / Proficient (archipelago: Able),Neophyte / Able,Narrow / Proficient (archipelago: Able),Narrow / Able,Apprentice / Proficient,Novice / Able,Novice / Able,Novice / Able,Novice / Able,Broad / Distinguished,Novice / Able,Novice / Able,Novice / Able,Broad / Distinguished (archipelago: Proficient ),Narrow / Able,Novice / Able,2026-10-05T23:23:06+00:00
https://emerald.puzzlepirates.com/yoweb/pirate.wm?classic=false&target=Bumtoot,Bumtoot,Officer,Spirited Sanctum,Member,High Spirits,Broad / Distinguished (archipelago: Proficient ),Solid / Proficient,Apprentice / Able,Weighty / Distinguished,Solid / Proficient,Broad / Able,Solid / Proficient (archipelago: Able),Narrow / Able,Apprentice / Proficient (archipelago: Able),Novice / Proficient,Novice / Respected,Novice / Proficient,Novice / Able,Novice / Able,Neophyte / Able,Solid / Proficient,Novice / Able,Broad / Proficient,Solid / Proficient,Novice / Able,Solid / Distinguished (archipelago: Proficient ),Novice / Able,2026-10-05T23:23:06+00:00
https://emerald.puzzlepirates.com/yoweb/pirate.wm?classic=false&target=Calicojack,Calicojack,Officer,Spirited Sanctum,Member,High Spirits,Paragon / Ultimate (archipelago: Legendary ),Narrow / Able,Solid / Proficient,Solid / Respected,Weighty / Distinguished,Solid / Respected (archipelago: Distinguished ),Solid / Renowned,Solid / Distinguished,Solid / Grand-Master,Paragon / Grand-Master,Narrow / Respected,Narrow / Renowned (archipelago: Master ),Narrow / Able,Neophyte / Able,Narrow / Grand-Master (archipelago: Renowned ),Weighty / Grand-Master (archipelago: Legendary ),Apprentice / Proficient,Solid / Respected,Solid / Renowned (archipelago: Master ),Solid / Renowned (archipelago: Master ),Narrow / Master (archipelago: Distinguished ),Narrow / Respected (archipelago: Master ),2026-10-05T23:23:06+00:00
https://emerald.puzzlepirates.com/yoweb/pirate.wm?classic=false&target=Dangitlol,Dangitlol,Officer,Spirited Sanctum,Member,High Spirits,Apprentice / Able,Broad / Able,Broad / Proficient,Solid / Renowned,Apprentice / Proficient (archipelago: Able),Solid / Proficient,Apprentice / Distinguished (archipelago: Proficient ),Novice / Able,Broad / Master,Neophyte / Able,Novice / Able,Novice / Able,Novice / Able,Novice / Able,Novice / Able,Apprentice / Master,Neophyte / Able,Novice / Able,Novice / Able,Novice / Able,Novice / Distinguished (archipelago: Proficient ),Novice / Able,2026-10-05T23:23:06+00:00
https://emerald.puzzlepirates.com/yoweb/pirate.wm?classic=false&target=Ged,Ged,Officer,Spirited Sanctum,Member,High Spirits,Solid / Legendary (archipelago: Renowned ),Novice / Able,Solid / Distinguished (archipelago: Proficient ),Novice / Able,Solid / Renowned,Solid / Respected (archipelago: Distinguished ),Broad / Master,Narrow / Proficient,Broad / Master,Solid / Legendary,Novice / Respected,Neophyte / Respected,Novice / Able,Novice / Able,Neophyte / Grand-Master,Solid / Grand-Master (archipelago: Renowned ),Novice / Able,Novice / Able,Novice / Able,Narrow / Distinguished (archipelago: Proficient ),Novice / Able,Apprentice / Distinguished,2026-10-05T23:23:06+00:00
https://emerald.puzzlepirates.com/yoweb/pirate.wm?classic=false&target=Grenled,Grenled,Officer,Spirited Sanctum,Member,High Spirits,Narrow / Proficient (archipelago: Able),Novice / Able,Neophyte / Able,Novice / Proficient (archipelago: Able),Weighty / Distinguished,Novice / Able,Narrow / Proficient (archipelago: Able),Narrow / Able,Narrow / Distinguished (archipelago: Proficient ),Novice / Proficient,Novice / Proficient,Novice / Able,Novice / Able,Novice / Able,Novice / Able,Novice / Able,Novice / Able,Neophyte / Able,Novice / Able,Neophyte / Able,Apprentice / Able,Neophyte / Proficient (archipelago: Able),2026-10-05T23:23:06+00:00
https://emerald.puzzlepirates.com/yoweb/pirate.wm?classic=false&target=Ktree,Ktree,Officer,Spirited Sanctum,Member,High Spirits,Broad / Distinguished (archipelago: Proficient ),Narrow / Able,Narrow / Able,Novice / Able,Broad / Proficient,Novice / Able,Narrow / Proficient,Novice / Able,Novice / Able,Novice / Proficient,Novice / Proficient,Novice / Able,Novice / Able,Novice / Able,Novice / Able,Novice / Able,Novice / Able,Novice / Able,Novice / Able,Novice / Able,Novice / Able,Novice / Able,2026-10-05T23:23:06+00:00
https://emerald.puzzlepirates.com/yoweb/pirate.wm?classic=false&target=Lusidian,Lusidian,Officer,Spirited Sanctum,Member,High Spirits,Novice / Able,Solid / Proficient,Novice / Able,Broad / Proficient,Broad / Proficient,Broad / Able,Solid / Proficient,Broad / Distinguished,Narrow / Proficient (archipelago: Able),Novice / Able,Novice / Able,Novice / Able,Novice / Able,Novice / Able,Novice / Able,Novice / Able,Narrow / Proficient,Novice / Able,Broad / Proficient,Apprentice / Proficient (archipelago: Able),Novice / Respected (archipelago: Proficient ),Novice / Able,2026-10-05T23:23:06+00:00
https://emerald.puzzlepirates.com/yoweb/pirate.wm?classic=false&target=Marti,Marti,Officer,Spirited Sanctum,Member,High Spirits,Narrow / Able,Solid / Able,Paragon / Distinguished (archipelago: Proficient ),Neophyte / Proficient,Solid / Respected (archipelago: Distinguished ),Narrow / Able,Solid / Respected,Neophyte / Able,Novice / Able,Narrow / Able,Narrow / Able,Apprentice / Able,Novice / Able,Novice / Able,Neophyte / Able,Neophyte / Able,Weighty / Respected,Solid / Respected (archipelago: Distinguished ),Narrow / Proficient,Broad / Proficient,Weighty / Renowned (archipelago: Distinguished ),Neophyte / Proficient (archipelago: Able),2026-10-05T23:23:06+00:00
https://emerald.puzzlepirates.com/yoweb/pirate.wm?classic=false&target=Matchsticks,Matchsticks,Officer,Spirited Sanctum,Member,High Spirits,Solid / Grand-Master (archipelago: Master ),Novice / Able,Expert / Ultimate (archipelago: Legendary ),Novice / Able,Broad / Proficient (archipelago: Able),Broad / Distinguished,Expert / Distinguished (archipelago: Proficient ),Narrow / Proficient,Narrow / Respected (archipelago: Distinguished ),Neophyte / Proficient,Novice / Proficient,Novice / Able,Novice / Able,Novice / Able,Novice / Able,Broad / Proficient,Novice / Able,Apprentice / Able,Expert / Master,Novice / Able,Novice / Able,Solid / Respected,2026-10-05T23:23:06+00:00
https://emerald.puzzlepirates.com/yoweb/pirate.wm?classic=false&target=Mendez,Mendez,Officer,Spirited Sanctum,Member,High Spirits,Neophyte / Able,Neophyte / Able,Solid / Proficient,Novice / Able,Weighty / Master,Solid / Distinguished,Broad / Proficient,Narrow / Able,Broad / Distinguished (archipelago: Proficient ),Neophyte / Able,Novice / Able,Novice / Able,Novice / Able,Novice / Able,Novice / Able,Weighty / Proficient,Novice / Able,Novice / Able,Novice / Able,Novice / Able,Novice / Able,Novice / Able,2026-10-05T23:23:06+00:00
https://emerald.puzzlepirates.com/yoweb/pirate.wm?classic=false&target=Miquelis,Miquelis,Officer,Spirited Sanctum,Member,High Spirits,Solid / Respected (archipelago: Distinguished ),Apprentice / Able,Neophyte / Able,Neophyte / Able,Solid / Distinguished,Novice / Able,Expert / Distinguished (archipelago: Proficient ),Novice / Able,Novice / Able,Narrow / Able,Novice / Respected (archipelago: Distinguished ),Novice / Proficient,Novice / Able,Novice / Able,Neophyte / Proficient,Broad / Proficient,Novice / Able,Novice / Able,Novice / Able,Narrow / Proficient,Apprentice / Able,Novice / Able,2026-10-05T23:23:06+00:00
https://emerald.puzzlepirates.com/yoweb/pirate.wm?classic=false&target=Mtzim,Mtzim,Officer,Spirited Sanctum,Member,High Spirits,Solid / Distinguished (archipelago: Proficient ),Narrow / Able,Apprentice / Proficient (archipelago: Able),Broad / Proficient,Apprentice / Able,Apprentice / Proficient,Solid / Able,Novice / Able,Novice / Able,Novice / Proficient,Novice / Proficient (archipelago: Distinguished ),Novice / Able,Novice / Able,Novice / Able,Novice / Able,Novice / Able,Narrow / Proficient,Narrow / Proficient,Novice / Able,Narrow / Proficient,Novice / Proficient,Neophyte / Able,2026-10-05T23:23:06+00:00
https://emerald.puzzlepirates.com/yoweb/pirate.wm?classic=false&target=Muntean,Muntean,Officer,Spirited Sanctum,Member,High Spirits,Solid / Proficient,Solid / Able (archipelago: Proficient ),Broad / Able,Novice / Able,Solid / Proficient,Broad / Proficient,Solid / Proficient (archipelago: Able),Solid / Able,Weighty / Distinguished,Solid / Able,Neophyte / Proficient,Narrow / Proficient,Novice / Able,Narrow / Able,Novice / Proficient,Solid / Able,Neophyte / Proficient,Novice / Able,Apprentice / Able (archipelago: Proficient ),Weighty / Proficient,Solid / Distinguished (archipelago: Proficient ),Novice / Able,2026-10-05T23:23:06+00:00
https://emerald.puzzlepirates.com/yoweb/pirate.wm?classic=false&target=Natnek,Natnek,Officer,Spirited Sanctum,Member,High Spirits,Broad / Distinguished (archipelago: Proficient ),Apprentice / Able,Paragon / Renowned (archipelago: Master ),Solid / Grand-Master,Broad / Proficient,Narrow / Distinguished (archipelago: Proficient ),Solid / Master,Novice / Able,Novice / Able,Solid / Master (archipelago: Respected ),Novice / Able,Novice / Able,Novice / Able,Narrow / Able,Neophyte / Proficient,Weighty / Renowned (archipelago: Master ),Novice / Able,Novice / Able,Novice / Able,Apprentice / Distinguished (archipelago: Proficient ),Neophyte / Distinguished (archipelago: Proficient ),Novice / Able,2026-10-05T23:23:06+00:00
https://emerald.puzzlepirates.com/yoweb/pirate.wm?classic=false&target=Ntnydh,Ntnydh,Officer,Spirited Sanctum,Member,High Spirits,Novice / Able,Novice / Able,Weighty / Legendary (archipelago: Master ),Novice / Able,Solid / Proficient (archipelago: Able),Novice / Able,Solid / Distinguished (archipelago: Proficient ),Novice / Able,Narrow / Respected (archipelago: Distinguished ),Neophyte / Proficient (archipelago: Able),Novice / Proficient,Novice / Able,Novice / Able,Novice / Able,Novice / Able,Apprentice / Proficient (archipelago: Able),Novice / Able,Novice / Able,Novice / Able,Neophyte / Able,Novice / Respected (archipelago: Proficient ),Novice / Able,2026-10-05T23:23:06+00:00
https://emerald.puzzlepirates.com/yoweb/pirate.wm?classic=false&target=Nylsoo,Nylsoo,Officer,Spirited Sanctum,Member,High Spirits,Broad / Distinguished,Apprentice / Able (archipelago: Proficient ),Narrow / Proficient,Broad / Proficient (archipelago: Distinguished ),Solid / Respected (archipelago: Master ),Neophyte / Distinguished,Solid / Distinguished,Novice / Able,Narrow / Distinguished (archipelago: Proficient ),Novice / Proficient (archipelago: Able),Novice / Able,Novice / Able,Novice / Able,Novice / Able,Novice / Able,Novice / Able,Novice / Able,Novice / Able,Novice / Able,Novice / Able,Novice / Able (archipelago: Proficient ),Novice / Able,2026-10-05T23:23:06+00:00
https://emerald.puzzlepirates.com/yoweb/pirate.wm?classic=false&target=Odim,Odim,Officer,Spirited Sanctum,Member,High Spirits,Novice / Able,Neophyte / Able,Solid / Respected (archipelago: Distinguished ),Novice / Able,Broad / Proficient (archipelago: Able),Neophyte / Proficient,Weighty / Distinguished,Novice / Able,Novice / Able,Solid / Respected,Apprentice / Able,Apprentice / Able,Novice / Able,Novice / Able,Broad / Distinguished,Sublime / Distinguished,Novice / Able,Novice / Able,Novice / Able,Novice / Able,Narrow / Renowned (archipelago: Distinguished ),Novice / Able,2026-10-05T23:23:06+00:00
https://emerald.puzzlepirates.com/yoweb/pirate.wm?classic=false&target=Oukawa,Oukawa,Craftsman,Spirited Sanctum,Member,High Spirits,Broad / Proficient (archipelago: Able),Expert / Ultimate (archipelago: Legendary ),Weighty / Ultimate (archipelago: Grand-Master ),Weighty / Ultimate,Expert / Ultimate (archipelago: Legendary ),Novice / Able,Solid / Grand-Master,Novice / Able,Novice / Able,Novice / Able,Novice / Proficient,Novice / Able,Novice / Able,Novice / Able,Novice / Able,Novice / Able,Broad / Distinguished,Weighty / Ultimate (archipelago: Legendary ),Weighty / Ultimate,Solid / Ultimate,Solid / Ultimate (archipelago: Grand-Master ),Weighty / Ultimate (archipelago: Legendary ),2026-10-05T23:23:06+00:00
https://emerald.puzzlepirates.com/yoweb/pirate.wm?classic=false&target=Painkiller,Painkiller,Officer,Spirited Sanctum,Member,High Spirits,Solid / Renowned (archipelago: Distinguished ),Novice / Able,Broad / Proficient (archipelago: Able),Novice / Able,Broad / Proficient (archipelago: Able),Neophyte / Able,Broad / Proficient (archipelago: Able),Narrow / Proficient,Narrow / Master (archipelago: Renowned ),Novice / Proficient (archipelago: Distinguished ),Novice / Proficient (archipelago: Respected ),Novice / Able,Novice / Able,Novice / Able,Novice / Able,Novice / Able,Novice / Able,Broad / Proficient (archipelago: Able),Neophyte / Proficient (archipelago: Able),Novice / Able,Neophyte / Master (archipelago: Proficient ),Novice / Able,2026-10-05T23:23:06+00:00
https://emerald.puzzlepirates.com/yoweb/pirate.wm?classic=false&target=Phylos,Phylos,Officer,Spirited Sanctum,Member,High Spirits,Solid / Proficient (archipelago: Able),Solid / Proficient (archipelago: Able),Broad / Proficient (archipelago: Able),Broad / Proficient,Solid / Proficient,Broad / Able,Narrow / Proficient (archipelago: Able),Narrow / Able,Narrow / Proficient (archipelago: Able),Novice / Able,Narrow / Able,Novice / Able,Novice / Able,Novice / Able,Novice / Able,Novice / Able,Novice / Able,Apprentice / Able,Neophyte / Able,Apprentice / Able,Novice / Proficient (archipelago: Able),Novice / Able,2026-10-05T23:23:06+00:00
https://emerald.puzzlepirates.com/yoweb/pirate.wm?classic=false&target=Sageminigun,Sageminigun,Officer,Spirited Sanctum,Member,High Spirits,Narrow / Proficient,Narrow / Proficient,Narrow / Proficient,Neophyte / Proficient,Narrow / Proficient (archipelago: Able),Solid / Renowned (archipelago: Master ),Neophyte / Proficient (archipelago: Able),Neophyte / Able,Narrow / Renowned,Neophyte / Able,Novice / Able,Novice / Able,Novice / Able,Novice / Able,Novice / Distinguished,Solid / Renowned,Neophyte / Able,Novice / Able,Weighty / Respected,Solid / Renowned (archipelago: Master ),Novice / Distinguished (archipelago: Proficient ),Apprentice / Respected (archipelago: Distinguished ),2026-10-05T23:23:06+00:00
https://emerald.puzzlepirates.com/yoweb/pirate.wm?classic=false&target=Shore,Shore,Officer,Spirited Sanctum,Member,High Spirits,Illustrious / Ultimate (archipelago: Legendary ),Solid / Distinguished,Weighty / Master (archipelago: Respected ),Broad / Distinguished,Solid / Proficient (archipelago: Able),Weighty / Renowned (archipelago: Master ),Weighty / Distinguished (archipelago: Proficient ),Solid / Distinguished,Apprentice / Proficient (archipelago: Able),Solid / Grand-Master (archipelago: Renowned ),Narrow / Master (archipelago: Respected ),Neophyte / Distinguished,Novice / Able,Apprentice / Able,Neophyte / Able,Broad / Master,Neophyte / Able (archipelago: Proficient ),Neophyte / Proficient,Apprentice / Proficient,Apprentice / Proficient,Solid / Ultimate (archipelago: Legendary ),Solid / Grand-Master (archipelago: Renowned ),2026-10-05T23:23:06+00:00
https://emerald.puzzlepirates.com/yoweb/pirate.wm?classic=false&target=Silverskroon,Silverskroon,Officer,Spirited Sanctum,Member,High Spirits,Narrow / Distinguished (archipelago: Proficient ),Apprentice / Proficient,Broad / Distinguished (archipelago: Proficient ),Apprentice / Proficient,Narrow / Proficient,Apprentice / Proficient,Broad / Master,Novice / Able,Solid / Renowned (archipelago: Master ),Novice / Able,Novice / Able,Novice / Able,Novice / Able,Novice / Able,Novice / Able,Novice / Able,Novice / Able,Novice / Able,Novice / Able,Apprentice / Proficient (archipelago: Able),Apprentice / Ultimate (archipelago: Renowned ),Novice / Proficient,2026-10-05T23:23:06+00:00
https://emerald.puzzlepirates.com/yoweb/pirate.wm?classic=false&target=Sred,Sred,Officer,Spirited Sanctum,Member,High Spirits,Solid / Able,Broad / Proficient,Expert / Master (archipelago: Respected ),Broad / Able,Weighty / Master,Solid / Proficient,Expert / Distinguished,Solid / Distinguished,Broad / Grand-Master,Broad / Distinguished,Narrow / Respected (archipelago: Distinguished ),Neophyte / Proficient,Novice / Able,Neophyte / Able,Narrow / Distinguished,Broad / Distinguished (archipelago: Proficient ),Solid / Able,Broad / Distinguished (archipelago: Proficient ),Solid / Distinguished,Solid / Grand-Master,Solid / Renowned (archipelago: Respected ),Broad / Respected (archipelago: Distinguished ),2026-10-05T23:23:06+00:00
https://emerald.puzzlepirates.com/yoweb/pirate.wm?classic=false&target=Vesilintu,Vesilintu,Officer,Spirited Sanctum,Member,High Spirits,Solid / Proficient (archipelago: Able),Expert / Ultimate,Weighty / Legendary (archipelago: Grand-Master ),Narrow / Distinguished,Solid / Grand-Master (archipelago: Renowned ),Weighty / Respected,Weighty / Grand-Master (archipelago: Legendary ),Solid / Able,Solid / Respected (archipelago: Distinguished ),Neophyte / Able,Neophyte / Able,Apprentice / Proficient,Neophyte / Able,Solid / Proficient (archipelago: Able),Neophyte / Distinguished (archipelago: Proficient ),Solid / Grand-Master,Novice / Able,Narrow / Proficient (archipelago: Able),Narrow / Proficient,Solid / Able,Solid / Master (archipelago: Distinguished ),Novice / Able,2026-10-05T23:23:06+00:00
https://emerald.puzzlepirates.com/yoweb/pirate.wm?classic=false&target=Xantheni,Xantheni,Officer,Spirited Sanctum,Member,High Spirits,Solid / Master (archipelago: Distinguished ),Solid / Master (archipelago: Respected ),Expert / Renowned (archipelago: Master ),Solid / Respected,Broad / Distinguished (archipelago: Proficient ),Broad / Proficient,Narrow / Master,Solid / Proficient,Novice / Able,Solid / Respected,Neophyte / Master (archipelago: Respected ),Narrow / Distinguished,Novice / Able,Novice / Able,Narrow / Master,Expert / Distinguished,Apprentice / Proficient,Solid / Distinguished,Weighty / Distinguished,Solid / Renowned (archipelago: Master ),Neophyte / Distinguished (archipelago: Proficient ),Narrow / Proficient,2026-10-05T23:23:06+00:00
https://emerald.puzzlepirates.com/yoweb/pirate.wm?classic=false&target=Ailimer,Ailimer,Pirate,Spirited Sanctum,Member,High Spirits,Narrow / Proficient,Narrow / Proficient,Solid / Distinguished,Novice / Proficient,Solid / Proficient,Solid / Proficient (archipelago: Distinguished ),Narrow / Proficient,Neophyte / Able,Novice / Able,Novice / Proficient,Novice / Able,Novice / Able,Novice / Able,Novice / Able,Novice / Able,Novice / Able,Solid / Proficient,Narrow / Proficient (archipelago: Able),Apprentice / Able (archipelago: Proficient ),Solid / Distinguished,Novice / Proficient,Narrow / Proficient (archipelago: Able),2026-10-05T23:23:06+00:00
https://emerald.puzzlepirates.com/yoweb/pirate.wm?classic=false&target=Alleh,Alleh,Pirate,Spirited Sanctum,Member,High Spirits,Solid / Distinguished (archipelago: Proficient ),Broad / Able,Solid / Proficient (archipelago: Able),Apprentice / Able,Weighty / Distinguished,Novice / Able,Solid / Distinguished (archipelago: Proficient ),Novice / Able,Novice / Able,Apprentice / Able,Novice / Proficient,Novice / Able,Novice / Able,Novice / Able,Novice / Able,Novice / Able,Neophyte / Able,Neophyte / Able,Narrow / Proficient,Apprentice / Able,Solid / Proficient (archipelago: Able),Novice / Able,2026-10-05T23:23:06+00:00
https://emerald.puzzlepirates.com/yoweb/pirate.wm?classic=false&target=Angelmoon,Angelmoon,Pirate,Spirited Sanctum,Member,High Spirits,Broad / Distinguished (archipelago: Proficient ),Neophyte / Able,Solid / Respected (archipelago: Distinguished ),Apprentice / Proficient,Apprentice / Proficient (archipelago: Able),Narrow / Proficient,Neophyte / Proficient (archipelago: Able),Novice / Able,Novice / Able,Novice / Able,Novice / Able,Novice / Able,Novice / Able,Novice / Able,Novice / Able,Neophyte / Respected,Novice / Able,Novice / Able,Novice / Able,Novice / Able,Novice / Proficient,Novice / Able,2026-10-05T23:23:06+00:00
https://emerald.puzzlepirates.com/yoweb/pirate.wm?classic=false&target=Bigmul,Bigmul,Pirate,Spirited Sanctum,Member,High Spirits,Neophyte / Able,Apprentice / Able,Novice / Able,Novice / Able,Broad / Proficient,Novice / Able,Broad / Proficient,Novice / Able,Novice / Able,Novice / Able,Novice / Able,Novice / Able,Novice / Able,Novice / Able,Novice / Able,Narrow / Proficient,Novice / Able,Novice / Able,Novice / Able,Novice / Able,Novice / Able,Novice / Able,2026-10-05T23:23:06+00:00
https://emerald.puzzlepirates.com/yoweb/pirate.wm?classic=false&target=Bubblybubs,Bubblybubs,Pirate,Spirited Sanctum,Member,High Spirits,Novice / Able,Neophyte / Able,Novice / Able,Novice / Able,Apprentice / Proficient (archipelago: Able),Novice / Able,Novice / Proficient (archipelago: Able),Novice / Able,Novice / Able,Novice / Proficient,Novice / Able,Novice / Able,Novice / Able,Novice / Able,Novice / Able,Novice / Able,Novice / Able,Novice / Able,Novice / Able,Novice / Able,Neophyte / Renowned (archipelago: Respected ),Novice / Able,2026-10-05T23:23:06+00:00
https://emerald.puzzlepirates.com/yoweb/pirate.wm?classic=false&target=Chevalmarin,Chevalmarin,Pirate,Spirited Sanctum,Member,High Spirits,Solid / Respected (archipelago: Distinguished ),Neophyte / Able,Weighty / Proficient,Neophyte / Able,Apprentice / Able,Broad / Able,Neophyte / Distinguished (archipelago: Proficient ),Novice / Able,Novice / Able,Novice / Proficient,Novice / Able,Novice / Able,Novice / Able,Novice / Able,Novice / Able,Novice / Able,Novice / Able,Novice / Able,Novice / Able,Novice / Able,Apprentice / Able,Neophyte / Able,2026-10-05T23:23:06+00:00
https://emerald.puzzlepirates.com/yoweb/pirate.wm?classic=false&target=Chloeoco,Chloeoco,Pirate,Spirited Sanctum,Member,High Spirits,Solid / Respected (archipelago: Distinguished ),Novice / Able,Solid / Proficient (archipelago: Able),Novice / Proficient (archipelago: Able),Solid / Proficient,Novice / Able,Broad / Proficient,Novice / Able,Novice / Able,Apprentice / Proficient,Neophyte / Master (archipelago: Respected ),Novice / Proficient,Novice / Able,Novice / Able,Novice / Proficient,Novice / Able,Novice / Able,Novice / Able,Novice / Able,Novice / Able,Novice / Proficient (archipelago: Able),Novice / Able,2026-10-05T23:23:06+00:00
https://emerald.puzzlepirates.com/yoweb/pirate.wm?classic=false&target=Deguay,Deguay,Pirate,Spirited Sanctum,Member,High Spirits,Apprentice / Able,Narrow / Proficient,Solid / Proficient,Neophyte / Proficient (archipelago: Able),Solid / Respected,Novice / Able,Narrow / Proficient,Novice / Able,Novice / Able,Neophyte / Proficient,Novice / Able,Novice / Able,Novice / Able,Novice / Able,Novice / Able,Narrow / Distinguished,Novice / Able,Novice / Able,Neophyte / Able,Novice / Able,Novice / Able,Novice / Able,2026-10-05T23:23:06+00:00
https://emerald.puzzlepirates.com/yoweb/pirate.wm?classic=false&target=Desisahater,Desisahater,Pirate,Spirited Sanctum,Member,High Spirits,Narrow / Distinguished (archipelago: Proficient ),Neophyte / Respected,Solid / Distinguished (archipelago: Proficient ),Novice / Able,Broad / Respected (archipelago: Distinguished ),Neophyte / Proficient,Narrow / Distinguished,Novice / Able,Novice / Able,Novice / Able,Novice / Able,Novice / Distinguished,Novice / Able,Novice / Able,Novice / Proficient,Novice / Renowned (archipelago: Master ),Novice / Able,Broad / Proficient (archipelago: Able),Narrow / Respected,Apprentice / Proficient,Narrow / Distinguished (archipelago: Proficient ),Broad / Distinguished,2026-10-05T23:23:06+00:00
https://emerald.puzzlepirates.com/yoweb/pirate.wm?classic=false&target=Edgytriangle,Edgytriangle,Pirate,Spirited Sanctum,Member,High Spirits,Novice / Able,Novice / Able,Novice / Able,Novice / Able,Novice / Able,Novice / Able,Novice / Able,Novice / Able,Novice / Able,Novice / Able,Novice / Able,Novice / Able,Novice / Able,Novice / Able,Novice / Able,Novice / Able,Novice / Able,Novice / Able,Novice / Able,Novice / Able,Novice / Able,Novice / Proficient (archipelago: Distinguished ),2026-10-05T23:23:06+00:00
https://emerald.puzzlepirates.com/yoweb/pirate.wm?classic=false&target=Eell,Eell,Pirate,Spirited Sanctum,Member,High Spirits,Solid / Grand-Master (archipelago: Renowned ),Broad / Proficient (archipelago: Distinguished ),Novice / Able,Novice / Able,Narrow / Proficient (archipelago: Distinguished ),Novice / Able,Apprentice / Proficient,Novice / Able,Novice / Able,Novice / Able,Novice / Able,Novice / Able,Novice / Able,Novice / Able,Novice / Able,Novice / Able,Novice / Able,Novice / Able,Novice / Able,Novice / Able,Novice / Proficient,Novice / Able,2026-10-05T23:23:06+00:00
https://emerald.puzzlepirates.com/yoweb/pirate.wm?classic=false&target=Hanyo,Hanyo,Pirate,Spirited Sanctum,Member,High Spirits,Novice / Able,Apprentice / Able,Apprentice / Able,Novice / Able,Narrow / Proficient,Novice / Able,Narrow / Able,Novice / Able,Novice / Able,Novice / Able,Novice / Proficient,Novice / Able,Novice / Able,Novice / Able,Novice / Able,Novice / Able,Novice / Able,Novice / Able,Novice / Able,Broad / Proficient,Novice / Able,Novice / Able,2026-10-05T23:23:06+00:00
https://emerald.puzzlepirates.com/yoweb/pirate.wm?classic=false&target=Hunterkiler,Hunterkiler,Pirate,Spirited Sanctum,Member,High Spirits,Novice / Able,Novice / Able,Neophyte / Proficient (archipelago: Able),Novice / Able,Apprentice / Proficient (archipelago: Able),Novice / Able,Novice / Able,Novice / Able,Novice / Able,Novice / Able,Novice / Able,Novice / Able,Novice / Able,Novice / Able,Novice / Able,Apprentice / Able,Novice / Able,Novice / Able,Novice / Able,Neophyte / Proficient,Apprentice / Respected (archipelago: Proficient ),Novice / Able,2026-10-05T23:23:06+00:00
https://emerald.puzzlepirates.com/yoweb/pirate.wm?classic=false&target=Jczz,Jczz,Pirate,Spirited Sanctum,Member,High Spirits,Apprentice / Proficient,Novice / Able,Neophyte / Able,Novice / Able,Narrow / Proficient,Novice / Able,Solid / Proficient (archipelago: Able),Novice / Able,Novice / Able,Novice / Able,Novice / Able,Novice / Able,Novice / Able,Novice / Able,Novice / Able,Novice / Able,Novice / Able,Novice / Able,Neophyte / Able,Novice / Able,Novice / Proficient (archipelago: Able),Novice / Able,2026-10-05T23:23:06+00:00
https://emerald.puzzlepirates.com/yoweb/pirate.wm?classic=false&target=Ldor,Ldor,Pirate,Spirited Sanctum,Member,High Spirits,Neophyte / Proficient (archipelago: Able),Neophyte / Able,Solid / Grand-Master (archipelago: Renowned ),Novice / Able,Neophyte / Able,Narrow / Master (archipelago: Respected ),Broad / Distinguished (archipelago: Proficient ),Novice / Able,Novice / Able,Novice / Respected (archipelago: Distinguished ),Novice / Able,Novice / Able,Novice / Able,Novice / Able,Novice / Able,Novice / Able,Novice / Proficient,Solid / Respected,Novice / Able,Narrow / Distinguished,Broad / Renowned (archipelago: Distinguished ),Novice / Able,2026-10-05T23:23:06+00:00
https://emerald.puzzlepirates.com/yoweb/pirate.wm?classic=false&target=Matchstickss,Matchstickss,Pirate,Spirited Sanctum,Member,High Spirits,Novice / Able,Novice / Able,Novice / Able,Novice / Able,Novice / Able,Novice / Able,Novice / Able,Novice / Able,Novice / Able,Novice / Able,Novice / Able,Novice / Able,Novice / Able,Novice / Able,Novice / Able,Novice / Able,Novice / Able,Novice / Able,Novice / Able,Novice / Able,Novice / Able,Novice / Able,2026-10-05T23:23:06+00:00
https://emerald.puzzlepirates.com/yoweb/pirate.wm?classic=false&target=Mechromancer,Mechromancer,Pirate,Spirited Sanctum,Member,High Spirits,Broad / Distinguished (archipelago: Proficient ),Solid / Proficient,Solid / Respected (archipelago: Distinguished ),Narrow / Proficient,Solid / Grand-Master (archipelago: Renowned ),Solid / Master (archipelago: Respected ),Solid / Respected,Novice / Able,Novice / Able,Broad / Respected (archipelago: Distinguished ),Novice / Respected,Novice / Able,Novice / Able,Novice / Able,Novice / Distinguished,Novice / Able,Novice / Able,Novice / Able,Neophyte / Proficient,Novice / Able,Apprentice / Grand-Master (archipelago: Respected ),Novice / Able,2026-10-05T23:23:06+00:00
https://emerald.puzzlepirates.com/yoweb/pirate.wm?classic=false&target=Mrsmartypant,Mrsmartypant,Pirate,Spirited Sanctum,Member,High Spirits,Novice / Able,Novice / Able,Novice / Able,Novice / Able,Narrow / Proficient,Novice / Able,Novice / Able,Novice / Able,Novice / Able,Novice / Able,Novice / Able,Novice / Able,Novice / Able,Novice / Able,Novice / Able,Novice / Able,Novice / Able,Novice / Able,Novice / Able,Novice / Able,Novice / Able,Novice / Able,2026-10-05T23:23:06+00:00
https://emerald.puzzlepirates.com/yoweb/pirate.wm?classic=false&target=Mrwisecrack,Mrwisecrack,Pirate,Spirited Sanctum,Member,High Spirits,Neophyte / Proficient (archipelago: Able),Narrow / Able,Neophyte / Proficient (archipelago: Able),Novice / Proficient (archipelago: Able),Solid / Proficient (archipelago: Able),Novice / Able,Novice / Able,Novice / Able,Novice / Able,Novice / Able,Novice / Able,Novice / Able,Novice / Able,Novice / Able,Novice / Able,Novice / Able,Novice / Able,Novice / Able,Novice / Able,Novice / Able,Novice / Able,Novice / Able,2026-10-05T23:23:06+00:00
https://emerald.puzzlepirates.com/yoweb/pirate.wm?classic=false&target=Naomao,Naomao,Pirate,Spirited Sanctum,Member,High Spirits,Solid / Respected (archipelago: Distinguished ),Novice / Able,Neophyte / Able,Broad / Proficient,Narrow / Proficient (archipelago: Able),Broad / Able,Solid / Proficient (archipelago: Able),Novice / Able,Novice / Able,Neophyte / Able,Novice / Proficient,Novice / Able,Novice / Able,Novice / Able,Novice / Able,Novice / Able,Novice / Able,Narrow / Proficient,Novice / Able,Novice / Able,Neophyte / Able,Narrow / Proficient (archipelago: Distinguished ),2026-10-05T23:23:06+00:00
https://emerald.puzzlepirates.com/yoweb/pirate.wm?classic=false&target=Nellelle,Nellelle,Pirate,Spirited Sanctum,Member,High Spirits,Solid / Respected,Novice / Able,Novice / Able,Novice / Able,Novice / Able,Novice / Able,Novice / Able,Novice / Able,Novice / Able,Novice / Able,Novice / Able,Novice / Able,Novice / Able,Novice / Able,Novice / Able,Novice / Able,Novice / Able,Novice / Able,Novice / Able,Novice / Able,Novice / Able,Novice / Able,2026-10-05T23:23:06+00:00
https://emerald.puzzlepirates.com/yoweb/pirate.wm?classic=false&target=Nula,Nula,Pirate,Spirited Sanctum,Member,High Spirits,Novice / Able,Narrow / Proficient,Weighty / Renowned (archipelago: Master ),Narrow / Distinguished,Apprentice / Proficient,Novice / Able,Broad / Respected,Novice / Able,Novice / Able,Apprentice / Distinguished,Novice / Able,Novice / Able,Novice / Able,Novice / Able,Novice / Proficient,Broad / Respected,Novice / Able,Narrow / Proficient,Solid / Respected,Novice / Able,Neophyte / Renowned (archipelago: Distinguished ),Novice / Able,2026-10-05T23:23:06+00:00
https://emerald.puzzlepirates.com/yoweb/pirate.wm?classic=false&target=Obivankenobi,Obivankenobi,Pirate,Spirited Sanctum,Member,High Spirits,Narrow / Distinguished (archipelago: Proficient ),Solid / Grand-Master (archipelago: Renowned ),Solid / Master (archipelago: Respected ),Narrow / Proficient,Broad / Proficient,Novice / Proficient,Broad / Distinguished (archipelago: Proficient ),Novice / Able,Novice / Able,Neophyte / Able,Novice / Proficient (archipelago: Able),Novice / Able,Novice / Able,Novice / Able,Novice / Proficient,Broad / Grand-Master,Apprentice / Proficient,Novice / Able,Novice / Able,Apprentice / Proficient,Novice / Respected (archipelago: Proficient ),Novice / Able,2026-10-05T23:23:06+00:00
https://emerald.puzzlepirates.com/yoweb/pirate.wm?classic=false&target=Pietas,Pietas,Pirate,Spirited Sanctum,Member,High Spirits,Novice / Able,Solid / Renowned (archipelago: Master ),Solid / Respected,Novice / Able,Solid / Distinguished,Neophyte / Able,Solid / Distinguished,Novice / Able,Novice / Able,Novice / Respected (archipelago: Master ),Novice / Able,Novice / Able,Novice / Able,Novice / Able,Novice / Able,Novice / Able,Broad / Distinguished,Novice / Able,Neophyte / Proficient,Broad / Distinguished,Narrow / Legendary (archipelago: Master ),Novice / Able,2026-10-05T23:23:06+00:00
https://emerald.puzzlepirates.com/yoweb/pirate.wm?classic=false&target=Pitibru,Pitibru,Pirate,Spirited Sanctum,Member,High Spirits,Novice / Able,Novice / Able,Solid / Respected (archipelago: Distinguished ),Apprentice / Proficient (archipelago: Able),Apprentice / Proficient (archipelago: Able),Novice / Able,Narrow / Proficient,Novice / Able,Novice / Able,Neophyte / Able,Novice / Able,Neophyte / Proficient,Novice / Able,Novice / Able,Novice / Able,Apprentice / Grand-Master (archipelago: Ultimate ),Apprentice / Proficient,Apprentice / Proficient,Narrow / Able,Apprentice / Proficient (archipelago: Able),Narrow / Distinguished (archipelago: Proficient ),Novice / Able,2026-10-05T23:23:06+00:00
https://emerald.puzzlepirates.com/yoweb/pirate.wm?classic=false&target=Porkiepies,Porkiepies,Pirate,Spirited Sanctum,Member,High Spirits,Novice / Able,Novice / Able,Novice / Able,Novice / Able,Novice / Able,Novice / Able,Novice / Able,Novice / Able,Novice / Able,Novice / Able,Novice / Able,Novice / Able,Novice / Able,Novice / Able,Novice / Able,Novice / Able,Novice / Able,Novice / Able,Novice / Able,Novice / Able,Apprentice / Distinguished (archipelago: Proficient ),Novice / Able,2026-10-05T23:23:06+00:00
https://emerald.puzzlepirates.com/yoweb/pirate.wm?classic=false&target=Queenginger,Queenginger,Pirate,Spirited Sanctum,Member,High Spirits,Narrow / Proficient,Apprentice / Able,Apprentice / Able,Apprentice / Proficient,Solid / Master (archipelago: Respected ),Neophyte / Able,Neophyte / Proficient (archipelago: Able),Novice / Able,Novice / Able,Novice / Proficient,Novice / Proficient,Novice / Able,Novice / Able,Novice / Able,Novice / Able,Novice / Able,Novice / Able,Neophyte / Able,Neophyte / Able,Neophyte / Able,Novice / Able,Neophyte / Proficient (archipelago: Able),2026-10-05T23:23:06+00:00
https://emerald.puzzlepirates.com/yoweb/pirate.wm?classic=false&target=Roundisk,Roundisk,Pirate,Spirited Sanctum,Member,High Spirits,Novice / Able,Novice / Able,Novice / Able,Novice / Able,Novice / Able,Novice / Able,Novice / Able,Novice / Able,Novice / Able,Novice / Able,Novice / Able,Novice / Able,Novice / Able,Novice / Able,Novice / Able,Novice / Able,Novice / Able,Novice / Able,Novice / Able,Narrow / Distinguished (archipelago: Proficient ),Novice / Able,Novice / Proficient (archipelago: Able),2026-10-05T23:23:06+00:00
https://emerald.puzzlepirates.com/yoweb/pirate.wm?classic=false&target=Samofthebay,Samofthebay,Pirate,Spirited Sanctum,Member,High Spirits,Solid / Distinguished (archipelago: Proficient ),Novice / Able,Novice / Able,Novice / Able,Solid / Proficient (archipelago: Able),Novice / Able,Novice / Able,Novice / Able,Novice / Able,Novice / Proficient,Novice / Proficient,Novice / Able,Novice / Able,Novice / Able,Novice / Able,Novice / Able,Novice / Able,Novice / Able,Novice / Able,Novice / Able,Novice / Able,Novice / Able,2026-10-05T23:23:06+00:00
https://emerald.puzzlepirates.com/yoweb/pirate.wm?classic=false&target=Scourgebeard,Scourgebeard,Pirate,Spirited Sanctum,Member,High Spirits,Apprentice / Able (archipelago: Proficient ),Neophyte / Able,Apprentice / Able (archipelago: Proficient ),Narrow / Proficient,Broad / Proficient,Neophyte / Able,Novice / Able,Novice / Able,Novice / Able,Novice / Proficient,Novice / Able,Novice / Able,Novice / Able,Novice / Able,Novice / Able,Novice / Able,Novice / Able,Novice / Able,Neophyte / Able,Apprentice / Proficient,Novice / Proficient,Novice / Able,2026-10-05T23:23:06+00:00
https://emerald.puzzlepirates.com/yoweb/pirate.wm?classic=false&target=Shmirdle,Shmirdle,Pirate,Spirited Sanctum,Member,High Spirits,Narrow / Proficient,Apprentice / Able,Narrow / Able,Solid / Distinguished,Broad / Able,Neophyte / Able,Neophyte / Able,Novice / Able,Novice / Able,Novice / Able (archipelago: Proficient ),Novice / Able,Novice / Able,Novice / Able,Novice / Able,Novice / Proficient,Novice / Able,Apprentice / Able,Narrow / Proficient,Apprentice / Proficient,Neophyte / Able,Novice / Able,Neophyte / Proficient,2026-10-05T23:23:06+00:00
https://emerald.puzzlepirates.com/yoweb/pirate.wm?classic=false&target=Shutrikon,Shutrikon,Pirate,Spirited Sanctum,Member,High Spirits,Apprentice / Proficient (archipelago: Able),Novice / Able,Neophyte / Able,Novice / Able,Broad / Respected,Novice / Able,Neophyte / Proficient (archipelago: Able),Novice / Able,Novice / Able,Novice / Distinguished,Novice / Able,Novice / Able,Novice / Able,Novice / Able,Novice / Able,Apprentice / Respected,Novice / Able,Novice / Able,Novice / Able,Novice / Able,Novice / Respected (archipelago: Proficient ),Novice / Able,2026-10-05T23:23:06+00:00
https://emerald.puzzlepirates.com/yoweb/pirate.wm?classic=false&target=Solguden,Solguden,Pirate,Spirited Sanctum,Member,High Spirits,Narrow / Proficient,Novice / Able,Neophyte / Able,Novice / Able,Narrow / Proficient,Novice / Able,Novice / Able,Novice / Able,Novice / Able,Novice / Able,Novice / Able,Novice / Able,Novice / Able,Novice / Able,Novice / Able,Novice / Able,Novice / Able,Novice / Able,Novice / Able,Novice / Able,Novice / Able,Novice / Able,2026-10-05T23:23:06+00:00
https://emerald.puzzlepirates.com/yoweb/pirate.wm?classic=false&target=Translation,Translation,Pirate,Spirited Sanctum,Member,High Spirits,Broad / Respected (archipelago: Proficient ),Apprentice / Proficient (archipelago: Able),Apprentice / Proficient (archipelago: Able),Novice / Able,Solid / Distinguished (archipelago: Proficient ),Neophyte / Able,Neophyte / Distinguished (archipelago: Proficient ),Novice / Able,Novice / Able,Neophyte / Able,Neophyte / Respected,Novice / Distinguished,Novice / Able,Apprentice / Able,Neophyte / Respected (archipelago: Renowned ),Novice / Able,Novice / Able,Novice / Able,Novice / Able,Novice / Able,Novice / Ultimate (archipelago: Renowned ),Novice / Able,2026-10-05T23:23:06+00:00
https://emerald.puzzlepirates.com/yoweb/pirate.wm?classic=false&target=Tripplemax,Tripplemax,Pirate,Spirited Sanctum,Member,High Spirits,Apprentice / Proficient,Novice / Able,Apprentice / Able,Apprentice / Proficient,Broad / Distinguished (archipelago: Respected ),Novice / Able,Novice / Able,Novice / Able,Novice / Able,Neophyte / Proficient,Novice / Proficient,Novice / Able,Novice / Able,Novice / Able,Novice / Able,Neophyte / Able,Novice / Able,Novice / Able,Novice / Able,Novice / Able,Novice / Able,Novice / Able,2026-10-05T23:23:06+00:00
https://emerald.puzzlepirates.com/yoweb/pirate.wm?classic=false&target=Wallan,Wallan,Taskmaster,Imperial Front,Prince,High Spirits,Expert / Distinguished (archipelago: Proficient ),Weighty / Legendary (archipelago: Master ),Illustrious / Distinguished (archipelago: Proficient ),Solid / Proficient,Paragon / Distinguished,Weighty / Proficient,Weighty / Distinguished (archipelago: Proficient ),Solid / Proficient,Expert / Distinguished (archipelago: Proficient ),Weighty / Distinguished,Broad / Able,Narrow / Able,Narrow / Able,Broad / Able,Broad / Able,Illustrious / Proficient,Apprentice / Proficient,Solid / Proficient,Solid / Distinguished,Weighty / Grand-Master,Weighty / Legendary (archipelago: Master ),Narrow / Proficient,2026-10-05T23:23:06+00:00
https://emerald.puzzlepirates.com/yoweb/pirate.wm?classic=false&target=Athlena,Athlena,Flirt,Imperial Front,Lady,High Spirits,Broad / Proficient,Solid / Respected,Paragon / Respected,Solid / Respected (archipelago: Master ),Solid / Distinguished,Solid / Proficient,Expert / Distinguished (archipelago: Respected ),Solid / Proficient,Solid / Respected,Neophyte / Proficient,Novice / Proficient,Novice / Proficient (archipelago: Able),Novice / Able,Novice / Able,Neophyte / Distinguished,Narrow / Able,Solid / Proficient,Narrow / Proficient,Weighty / Proficient,Solid / Distinguished,Solid / Renowned (archipelago: Distinguished ),Apprentice / Proficient (archipelago: Able),2026-10-05T23:23:06+00:00
https://emerald.puzzlepirates.com/yoweb/pirate.wm?classic=false&target=Auraluna,Auraluna,Muse,Imperial Front,Princess,High Spirits,Weighty / Respected (archipelago: Distinguished ),Expert / Proficient,Paragon / Proficient,Broad / Distinguished (archipelago: Proficient ),Revered / Renowned,Solid / Proficient (archipelago: Able),Paragon / Respected,Weighty / Able,Paragon / Distinguished (archipelago: Proficient ),Solid / Master (archipelago: Respected ),Narrow / Master,Narrow / Distinguished,Novice / Able,Neophyte / Able,Broad / Able,Weighty / Proficient,Apprentice / Proficient,Expert / Master (archipelago: Respected ),Weighty / Proficient (archipelago: Distinguished ),Solid / Master (archipelago: Respected ),Solid / Master (archipelago: Proficient ),Solid / Master (archipelago: Respected ),2026-10-05T23:23:06+00:00
https://emerald.puzzlepirates.com/yoweb/pirate.wm?classic=false&target=Glitchmob,Glitchmob,Officer,Imperial Front,Member,High Spirits,Solid / Proficient,Solid / Proficient,Broad / Proficient (archipelago: Able),Broad / Distinguished,Paragon / Distinguished,Broad / Legendary,Expert / Distinguished,Narrow / Able,Narrow / Respected (archipelago: Distinguished ),Weighty / Master,Apprentice / Able,Apprentice / Respected (archipelago: Distinguished ),Novice / Able,Novice / Able,Apprentice / Able,Weighty / Able,Novice / Able,Novice / Able,Solid / Proficient,Neophyte / Able,Solid / Master (archipelago: Distinguished ),Novice / Able,2026-10-05T23:23:06+00:00
https://emerald.puzzlepirates.com/yoweb/pirate.wm?classic=false&target=Hardhat,Hardhat,Officer,Imperial Front,Member,High Spirits,Novice / Able,Broad / Master (archipelago: Respected ),Weighty / Renowned (archipelago: Master ),Broad / Distinguished,Weighty / Legendary (archipelago: Grand-Master ),Neophyte / Distinguished,Solid / Respected,Novice / Able,Narrow / Grand-Master,Narrow / Master (archipelago: Respected ),Novice / Able,Novice / Able,Novice / Able,Neophyte / Able,Novice / Able,Apprentice / Legendary,Novice / Able,Novice / Able,Novice / Able,Novice / Able,Apprentice / Ultimate (archipelago: Legendary ),Novice / Proficient (archipelago: Able),2026-10-05T23:23:06+00:00
https://emerald.puzzlepirates.com/yoweb/pirate.wm?classic=false&target=Koalaking,Koalaking,Drunk,Imperial Front,Member,High Spirits,Broad / Proficient,Paragon / Distinguished,Broad / Proficient (archipelago: Able),Paragon / Respected (archipelago: Master ),Expert / Distinguished,Solid / Proficient,Expert / Master,Solid / Able,Expert / Distinguished (archipelago: Proficient ),Broad / Able,Narrow / Proficient,Apprentice / Able,Narrow / Able,Apprentice / Able,Neophyte / Able,Solid / Able,Neophyte / Proficient,Weighty / Respected,Broad / Proficient,Narrow / Proficient (archipelago: Able),Solid / Renowned (archipelago: Respected ),Narrow / Distinguished,2026-10-05T23:23:06+00:00
https://emerald.puzzlepirates.com/yoweb/pirate.wm?classic=false&target=Memester,Memester,Prisoner,Imperial Front,Member,High Spirits,Paragon / Legendary (archipelago: Renowned ),Weighty / Renowned (archipelago: Master ),Expert / Distinguished,Solid / Respected,Weighty / Distinguished,Solid / Distinguished,Weighty / Proficient,Weighty / Proficient,Expert / Legendary (archipelago: Ultimate ),Solid / Distinguished (archipelago: Master ),Apprentice / Respected (archipelago: Master ),Novice / Proficient,Novice / Able,Neophyte / Able,Apprentice / Able,Expert / Proficient,Narrow / Proficient,Neophyte / Able,Narrow / Proficient,Solid / Distinguished,Solid / Grand-Master (archipelago: Master ),Neophyte / Able,2026-10-05T23:23:06+00:00
https://emerald.puzzlepirates.com/yoweb/pirate.wm?classic=false&target=Pyke,Pyke,Mate,Imperial Front,Prince,High Spirits,Illustrious / Grand-Master (archipelago: Renowned ),Illustrious / Ultimate (archipelago: Legendary ),Illustrious / Grand-Master,Solid / Master (archipelago: Grand-Master ),Paragon / Grand-Master (archipelago: Legendary ),Weighty / Respected,Expert / Respected,Weighty / Respected (archipelago: Distinguished ),Expert / Master (archipelago: Renowned ),Weighty / Respected (archipelago: Master ),Broad / Renowned (archipelago: Grand-Master ),Apprentice / Able,Solid / Able,Novice / Able,Neophyte / Able,Paragon / Proficient (archipelago: Able),Apprentice / Able,Broad / Proficient,Weighty / Grand-Master (archipelago: Renowned ),Narrow / Proficient,Solid / Renowned (archipelago: Distinguished ),Solid / Distinguished (archipelago: Proficient ),2026-10-05T23:23:06+00:00
https://emerald.puzzlepirates.com/yoweb/pirate.wm?classic=false&target=Rustytytwo,Rustytytwo,Gunner,Imperial Front,Member,High Spirits,Solid / Proficient (archipelago: Able),Neophyte / Able,Solid / Proficient (archipelago: Able),Solid / Distinguished,Solid / Proficient (archipelago: Able),Solid / Proficient,Weighty / Distinguished,Apprentice / Able,Solid / Respected,Broad / Able,Narrow / Proficient,Narrow / Able,Novice / Able,Novice / Able,Broad / Distinguished (archipelago: Proficient ),Expert / Proficient,Novice / Able,Apprentice / Able,Novice / Able,Novice / Able,Narrow / Distinguished (archipelago: Proficient ),Novice / Able,2026-10-05T23:23:06+00:00
https://emerald.puzzlepirates.com/yoweb/pirate.wm?classic=false&target=Venerdina,Venerdina,Illustrator,Imperial Front,Member,High Spirits,Weighty / Grand-Master (archipelago: Master ),Sublime / Renowned (archipelago: Master ),Exalted / Ultimate (archipelago: Grand-Master ),Weighty / Respected,Expert / Renowned,Weighty / Proficient,Paragon / Grand-Master,Expert / Proficient (archipelago: Distinguished ),Solid / Distinguished (archipelago: Proficient ),Solid / Master (archipelago: Respected ),Broad / Respected (archipelago: Distinguished ),Apprentice / Able,Narrow / Able,Expert / Proficient,Narrow / Distinguished,Expert / Master,Narrow / Able,Paragon / Grand-Master (archipelago: Renowned ),Solid / Proficient (archipelago: Distinguished ),Weighty / Respected (archipelago: Distinguished ),Expert / Ultimate (archipelago: Grand-Master ),Narrow / Distinguished (archipelago: Proficient ),2026-10-05T23:23:06+00:00
https://emerald.puzzlepirates.com/yoweb/pirate.wm?classic=false&target=Albalt,Albalt,Officer,Imperial Front,Member,High Spirits,Novice / Able,Novice / Able,Novice / Able,Novice / Able,Novice / Able,Novice / Able,Novice / Able,Novice / Able,Novice / Able,Novice / Able,Novice / Able,Novice / Able,Novice / Able,Novice / Able,Novice / Able,Novice / Able,Novice / Able,Novice / Able,Novice / Able,Novice / Able,Neophyte / Able,Novice / Able,2026-10-05T23:23:06+00:00
https://emerald.puzzlepirates.com/yoweb/pirate.wm?classic=false&target=Andreivs,Andreivs,Officer,Imperial Front,Member,High Spirits,Broad / Proficient (archipelago: Able),Expert / Respected,Expert / Distinguished (archipelago: Proficient ),Broad / Proficient,Solid / Proficient,Weighty / Distinguished (archipelago: Proficient ),Solid / Respected,Solid / Able,Solid / Respected (archipelago: Distinguished ),Narrow / Able,Narrow / Proficient,Novice / Able,Broad / Able,Broad / Able,Apprentice / Able,Weighty / Proficient,Novice / Able,Narrow / Proficient,Narrow / Proficient,Novice / Able,Weighty / Ultimate (archipelago: Renowned ),Novice / Able,2026-10-05T23:23:06+00:00
https://emerald.puzzlepirates.com/yoweb/pirate.wm?classic=false&target=Anijah,Anijah,Midshipman,Imperial Front,Member,High Spirits,Illustrious / Ultimate (archipelago: Grand-Master ),Solid / Distinguished,Illustrious / Master (archipelago: Respected ),Weighty / Respected (archipelago: Master ),Illustrious / Master,Narrow / Proficient,Solid / Master,Novice / Able,Novice / Able,Neophyte / Able,Novice / Master,Novice / Proficient (archipelago: Able),Novice / Able,Novice / Able,Novice / Able,Novice / Able,Novice / Able,Novice / Able,Novice / Able,Novice / Able,Solid / Master (archipelago: Distinguished ),Novice / Able,2026-10-05T23:23:06+00:00
https://emerald.puzzlepirates.com/yoweb/pirate.wm?classic=false&target=Anyababy,Anyababy,Officer,Imperial Front,Member,High Spirits,Broad / Able (archipelago: Proficient ),Narrow / Able,Broad / Proficient,Apprentice / Proficient,Broad / Distinguished,Broad / Able,Neophyte / Proficient (archipelago: Able),Novice / Able,Broad / Respected,Narrow / Legendary,Narrow / Legendary,Novice / Able,Novice / Able,Novice / Able,Novice / Able,Novice / Able,Novice / Able,Broad / Distinguished,Apprentice / Able (archipelago: Proficient ),Weighty / Master,Apprentice / Distinguished (archipelago: Proficient ),Solid / Respected,2026-10-05T23:23:06+00:00
https://emerald.puzzlepirates.com/yoweb/pirate.wm?classic=false&target=Bingbob,Bingbob,Taster,Imperial Front,Member,High Spirits,Novice / Able,Solid / Master,Neophyte / Able,Weighty / Respected (archipelago: Master ),Broad / Proficient (archipelago: Distinguished ),Solid / Distinguished,Expert / Respected,Solid / Proficient (archipelago: Distinguished ),Solid / Distinguished,Broad / Able,Neophyte / Proficient (archipelago: Distinguished ),Apprentice / Proficient (archipelago: Distinguished ),Novice / Able,Narrow / Able,Apprentice / Proficient,Solid / Able,Novice / Able,Novice / Able,Novice / Able,Novice / Able,Solid / Grand-Master (archipelago: Master ),Neophyte / Able,2026-10-05T23:23:06+00:00
https://emerald.puzzlepirates.com/yoweb/pirate.wm?classic=false&target=Bingting,Bingting,Hoister,Imperial Front,Member,High Spirits,Novice / Able,Novice / Able,Novice / Able,Novice / Able,Novice / Able,Novice / Able,Novice / Able,Novice / Able,Novice / Able,Novice / Able,Novice / Able,Novice / Able,Novice / Able,Novice / Able,Novice / Able,Novice / Able,Novice / Able,Novice / Able,Novice / Able,Novice / Able,Novice / Able,Novice / Able,2026-10-05T23:23:06+00:00
https://emerald.puzzlepirates.com/yoweb/pirate.wm?classic=false&target=Boozedrinker,Boozedrinker,Officer,Imperial Front,Member,High Spirits,Solid / Respected (archipelago: Distinguished ),Solid / Proficient,Weighty / Master (archipelago: Respected ),Broad / Distinguished,Weighty / Master,Broad / Proficient,Weighty / Distinguished (archipelago: Proficient ),Solid / Able,Solid / Grand-Master,Expert / Proficient,Solid / Master (archipelago: Respected ),Neophyte / Master,Weighty / Respected (archipelago: Master ),Weighty / Legendary,Neophyte / Able,Broad / Proficient,Narrow / Proficient,Apprentice / Proficient (archipelago: Able),Weighty / Master,Weighty / Legendary (archipelago: Grand-Master ),Narrow / Ultimate (archipelago: Grand-Master ),Solid / Grand-Master,2026-10-05T23:23:06+00:00
https://emerald.puzzlepirates.com/yoweb/pirate.wm?classic=false&target=Burtles,Burtles,Officer,Imperial Front,Member,High Spirits,Broad / Proficient,Solid / Proficient,Solid / Proficient (archipelago: Able),Broad / Proficient (archipelago: Distinguished ),Solid / Proficient,Broad / Able,Solid / Distinguished (archipelago: Proficient ),Apprentice / Able,Solid / Distinguished,Neophyte / Proficient,Novice / Proficient (archipelago: Distinguished ),Novice / Able,Novice / Able,Novice / Able,Neophyte / Able,Solid / Able (archipelago: Proficient ),Novice / Able,Neophyte / Proficient (archipelago: Able),Narrow / Able (archipelago: Proficient ),Apprentice / Proficient (archipelago: Able),Solid / Master (archipelago: Respected ),Novice / Proficient (archipelago: Able),2026-10-05T23:23:06+00:00
https://emerald.puzzlepirates.com/yoweb/pirate.wm?classic=false&target=Ismoked,Ismoked,Officer,Imperial Front,Member,High Spirits,Novice / Able,Narrow / Proficient,Neophyte / Able,Novice / Able,Novice / Able,Novice / Able,Solid / Respected,Neophyte / Able,Broad / Distinguished,Novice / Able,Novice / Able,Novice / Able,Novice / Able,Novice / Able,Novice / Able,Novice / Able,Neophyte / Able,Novice / Able (archipelago: Proficient ),Solid / Grand-Master (archipelago: Renowned ),Novice / Able,Novice / Able,Novice / Able,2026-10-05T23:23:06+00:00
https://emerald.puzzlepirates.com/yoweb/pirate.wm?classic=false&target=Rodhog,Rodhog,Fisherman,Imperial Front,Member,High Spirits,Narrow / Able,Apprentice / Proficient (archipelago: Able),Novice / Able,Narrow / Proficient,Broad / Proficient,Narrow / Able,Narrow / Renowned,Apprentice / Able,Weighty / Proficient (archipelago: Able),Broad / Distinguished,Narrow / Proficient,Novice / Distinguished,Neophyte / Able,Apprentice / Able,Broad / Renowned,Weighty / Proficient,Novice / Able,Solid / Distinguished,Novice / Able,Novice / Able,Broad / Respected (archipelago: Proficient ),Novice / Able,2026-10-05T23:23:06+00:00
https://emerald.puzzlepirates.com/yoweb/pirate.wm?classic=false&target=Vinvintage,Vinvintage,Spy,Imperial Front,Member,High Spirits,Novice / Able,Solid / Proficient,Solid / Proficient (archipelago: Able),Neophyte / Proficient,Weighty / Respected,Narrow / Proficient (archipelago: Able),Weighty / Distinguished (archipelago: Proficient ),Solid / Able,Solid / Distinguished (archipelago: Proficient ),Novice / Proficient,Novice / Able,Novice / Able,Novice / Able,Novice / Able,Novice / Able,Neophyte / Respected,Novice / Able,Broad / Proficient,Neophyte / Proficient,Weighty / Master,Solid / Respected (archipelago: Proficient ),Broad / Respected,2026-10-05T23:23:06+00:00
https://emerald.puzzlepirates.com/yoweb/pirate.wm?classic=false&target=Yessboi,Yessboi,Officer,Imperial Front,Member,High Spirits,Neophyte / Able,Paragon / Ultimate (archipelago: Grand-Master ),Solid / Distinguished,Solid / Respected (archipelago: Master ),Expert / Legendary (archipelago: Grand-Master ),Narrow / Able,Paragon / Respected,Narrow / Proficient,Solid / Grand-Master (archipelago: Renowned ),Expert / Master (archipelago: Renowned ),Neophyte / Proficient,Neophyte / Proficient,Narrow / Able,Expert / Respected,Narrow / Proficient,Solid / Able,Novice / Able,Novice / Able,Novice / Able,Novice / Able,Solid / Renowned (archipelago: Respected ),Novice / Able,2026-10-05T23:23:06+00:00
https://emerald.puzzlepirates.com/yoweb/pirate.wm?classic=false&target=Atherem,Atherem,Officer,Imperial Front,Member,High Spirits,Broad / Distinguished (archipelago: Proficient ),Narrow / Able,Narrow / Proficient (archipelago: Able),Narrow / Proficient,Weighty / Distinguished,Neophyte / Proficient,Solid / Proficient,Novice / Able,Novice / Able,Novice / Proficient,Novice / Proficient (archipelago: Distinguished ),Novice / Able,Novice / Able,Novice / Able,Novice / Able,Novice / Able,Novice / Able,Novice / Able,Neophyte / Able,Apprentice / Proficient (archipelago: Able),Narrow / Proficient,Apprentice / Proficient,2026-10-05T23:23:06+00:00
https://emerald.puzzlepirates.com/yoweb/pirate.wm?classic=false&target=Augustinia,Augustinia,Officer,Imperial Front,Member,High Spirits,Broad / Proficient (archipelago: Able),Solid / Proficient,Solid / Proficient (archipelago: Able),Solid / Distinguished,Solid / Proficient,Novice / Able,Broad / Distinguished (archipelago: Proficient ),Solid / Distinguished,Solid / Distinguished (archipelago: Proficient ),Narrow / Able,Novice / Proficient,Novice / Able,Novice / Able,Novice / Able,Novice / Distinguished (archipelago: Proficient ),Broad / Distinguished,Solid / Distinguished,Broad / Distinguished (archipelago: Proficient ),Solid / Renowned (archipelago: Master ),Novice / Able,Narrow / Proficient (archipelago: Able),Broad / Distinguished,2026-10-05T23:23:06+00:00
https://emerald.puzzlepirates.com/yoweb/pirate.wm?classic=false&target=Barebear,Barebear,Officer,Imperial Front,Member,High Spirits,Apprentice / Proficient,Novice / Able,Solid / Respected (archipelago: Distinguished ),Novice / Able,Broad / Proficient (archipelago: Able),Neophyte / Master (archipelago: Respected ),Solid / Proficient (archipelago: Able),Novice / Able,Neophyte / Proficient (archipelago: Able),Neophyte / Master (archipelago: Respected ),Novice / Able,Novice / Able,Novice / Able,Novice / Able,Novice / Able,Novice / Able,Novice / Able,Novice / Able,Apprentice / Proficient,Novice / Able,Novice / Renowned (archipelago: Distinguished ),Novice / Able,2026-10-05T23:23:06+00:00
https://emerald.puzzlepirates.com/yoweb/pirate.wm?classic=false&target=Blakkbeart,Blakkbeart,Officer,Imperial Front,Member,High Spirits,Novice / Able,Novice / Able,Novice / Able,Novice / Able,Novice / Able,Novice / Able,Novice / Able,Neophyte / Able,Novice / Proficient (archipelago: Able),Novice / Able,Novice / Able,Novice / Able,Novice / Able,Novice / Able,Novice / Able,Novice / Able,Novice / Able,Novice / Able,Neophyte / Proficient (archipelago: Able),Solid / Master (archipelago: Distinguished ),Novice / Able,Novice / Able,2026-10-05T23:23:06+00:00
https://emerald.puzzlepirates.com/yoweb/pirate.wm?classic=false&target=Deckrider,Deckrider,Officer,Imperial Front,Member,High Spirits,Narrow / Proficient (archipelago: Able),Weighty / Ultimate (archipelago: Legendary ),Solid / Respected (archipelago: Distinguished ),Solid / Respected,Solid / Master (archipelago: Respected ),Broad / Respected (archipelago: Distinguished ),Expert / Renowned,Solid / Master,Novice / Able,Broad / Renowned,Novice / Able,Novice / Distinguished,Novice / Able,Novice / Able,Novice / Able,Novice / Able,Novice / Able,Novice / Able,Novice / Able,Novice / Able,Novice / Able,Novice / Able,2026-10-05T23:23:06+00:00
https://emerald.puzzlepirates.com/yoweb/pirate.wm?classic=false&target=Ebra,Ebra,Officer,Imperial Front,Member,High Spirits,Neophyte / Proficient (archipelago: Able),Apprentice / Distinguished,Novice / Able,Novice / Able,Broad / Distinguished,Narrow / Able,Weighty / Distinguished,Novice / Able,Weighty / Respected (archipelago: Distinguished ),Solid / Respected (archipelago: Distinguished ),Neophyte / Able,Narrow / Proficient,Novice / Able,Apprentice / Able,Solid / Renowned,Weighty / Master,Novice / Able,Neophyte / Able,Novice / Able,Novice / Able,Broad / Master (archipelago: Distinguished ),Novice / Able,2026-10-05T23:23:06+00:00
https://emerald.puzzlepirates.com/yoweb/pirate.wm?classic=false&target=Ellehcime,Ellehcime,Officer,Imperial Front,Member,High Spirits,Narrow / Proficient,Narrow / Distinguished (archipelago: Proficient ),Narrow / Proficient,Novice / Proficient,Narrow / Proficient,Narrow / Proficient,Broad / Respected (archipelago: Distinguished ),Novice / Able,Novice / Able,Novice / Respected,Novice / Able,Novice / Able,Novice / Able,Novice / Able,Novice / Able,Neophyte / Able,Novice / Able,Novice / Able,Novice / Able,Novice / Able,Solid / Distinguished,Novice / Able,2026-10-05T23:23:06+00:00
https://emerald.puzzlepirates.com/yoweb/pirate.wm?classic=false&target=Frosthaze,Frosthaze,Officer,Imperial Front,Member,High Spirits,Novice / Able,Narrow / Able,Broad / Able,Solid / Master,Narrow / Proficient,Narrow / Proficient,Solid / Proficient,Neophyte / Able,Narrow / Master,Novice / Able,Novice / Able,Novice / Able,Novice / Able,Novice / Able,Novice / Able,Apprentice / Renowned,Novice / Able,Novice / Able,Novice / Able,Novice / Able,Neophyte / Proficient,Novice / Able,2026-10-05T23:23:06+00:00
https://emerald.puzzlepirates.com/yoweb/pirate.wm?classic=false&target=Kingkoala,Kingkoala,Officer,Imperial Front,Member,High Spirits,Neophyte / Able,Solid / Distinguished,Neophyte / Able,Solid / Respected,Solid / Proficient,Neophyte / Proficient (archipelago: Able),Solid / Master,Novice / Able,Novice / Able,Novice / Able,Novice / Able,Novice / Able,Novice / Able,Novice / Able,Novice / Able,Neophyte / Respected,Novice / Able,Apprentice / Proficient,Neophyte / Proficient,Neophyte / Proficient (archipelago: Able),Apprentice / Renowned (archipelago: Respected ),Neophyte / Proficient (archipelago: Able),2026-10-05T23:23:06+00:00
https://emerald.puzzlepirates.com/yoweb/pirate.wm?classic=false&target=Kraygon,Kraygon,Officer,Imperial Front,Member,High Spirits,Solid / Proficient (archipelago: Able),Solid / Proficient (archipelago: Able),Broad / Able,Broad / Distinguished (archipelago: Proficient ),Solid / Proficient,Neophyte / Able,Narrow / Distinguished (archipelago: Proficient ),Apprentice / Able,Broad / Distinguished (archipelago: Proficient ),Narrow / Proficient,Narrow / Able,Apprentice / Able,Neophyte / Able,Novice / Able,Narrow / Distinguished (archipelago: Proficient ),Solid / Able,Novice / Able,Novice / Able,Novice / Able,Neophyte / Able,Solid / Master (archipelago: Proficient ),Neophyte / Proficient (archipelago: Able),2026-10-05T23:23:06+00:00
https://emerald.puzzlepirates.com/yoweb/pirate.wm?classic=false&target=Notmyalt,Notmyalt,Officer,Imperial Front,Member,High Spirits,Novice / Able,Novice / Able,Novice / Able,Novice / Able,Novice / Able,Novice / Able,Solid / Distinguished (archipelago: Proficient ),Novice / Able,Narrow / Proficient (archipelago: Able),Narrow / Distinguished,Novice / Able,Novice / Able,Novice / Able,Novice / Able,Novice / Proficient,Paragon / Able,Novice / Able,Novice / Able,Novice / Able,Novice / Able,Solid / Able,Neophyte / Distinguished (archipelago: Proficient ),2026-10-05T23:23:06+00:00
https://emerald.puzzlepirates.com/yoweb/pirate.wm?classic=false&target=Panns,Panns,Officer,Imperial Front,Member,High Spirits,Novice / Able,Narrow / Proficient,Novice / Able,Solid / Master,Neophyte / Proficient,Narrow / Respected,Broad / Distinguished (archipelago: Proficient ),Apprentice / Able,Narrow / Distinguished,Broad / Master (archipelago: Renowned ),Novice / Able,Novice / Able,Novice / Able,Novice / Able,Novice / Able,Novice / Able,Apprentice / Proficient,Neophyte / Proficient (archipelago: Able),Neophyte / Able,Narrow / Distinguished (archipelago: Proficient ),Apprentice / Distinguished (archipelago: Proficient ),Novice / Able,2026-10-05T23:23:06+00:00
https://emerald.puzzlepirates.com/yoweb/pirate.wm?classic=false&target=Sheskis,Sheskis,Officer,Imperial Front,Member,High Spirits,Weighty / Distinguished,Broad / Able,Paragon / Respected,Broad / Proficient (archipelago: Distinguished ),Weighty / Proficient,Solid / Proficient,Illustrious / Proficient (archipelago: Able),Illustrious / Distinguished (archipelago: Proficient ),Solid / Proficient (archipelago: Able),Broad / Able,Broad / Able,Novice / Able,Novice / Able,Novice / Able,Novice / Able,Novice / Able,Weighty / Distinguished (archipelago: Proficient ),Neophyte / Able,Narrow / Proficient,Neophyte / Able,Solid / Renowned (archipelago: Distinguished ),Novice / Able,2026-10-05T23:23:06+00:00
https://emerald.puzzlepirates.com/yoweb/pirate.wm?classic=false&target=Toastmyballs,Toastmyballs,Officer,Imperial Front,Member,High Spirits,Novice / Able,Novice / Able,Novice / Able,Novice / Able,Novice / Able,Novice / Able,Novice / Able,Novice / Able,Novice / Able,Novice / Able,Novice / Able,Novice / Able,Novice / Able,Novice / Able,Novice / Able,Novice / Able,Novice / Able,Novice / Able,Novice / Able,Solid / Master,Novice / Able,Novice / Able,2026-10-05T23:23:06+00:00
https://emerald.puzzlepirates.com/yoweb/pirate.wm?classic=false&target=Viktorovich,Viktorovich,Officer,Imperial Front,Member,High Spirits,Neophyte / Able,Apprentice / Proficient,Narrow / Proficient (archipelago: Able),Novice / Proficient (archipelago: Able),Neophyte / Proficient,Novice / Able,Apprentice / Proficient (archipelago: Able),Novice / Able,Novice / Able,Novice / Proficient,Novice / Proficient,Novice / Able,Novice / Able,Novice / Able,Novice / Able,Novice / Able,Novice / Able,Novice / Able,Novice / Able,Novice / Able,Neophyte / Legendary (archipelago: Master ),Novice / Able,2026-10-05T23:23:06+00:00
https://emerald.puzzlepirates.com/yoweb/pirate.wm?classic=false&target=Glimmered,Glimmered,Pirate,Imperial Front,Member,High Spirits,Novice / Able,Novice / Able,Novice / Able,Novice / Able,Novice / Able,Novice / Able,Novice / Proficient (archipelago: Able),Novice / Able,Novice / Able,Novice / Able,Novice / Able,Novice / Able,Novice / Able,Novice / Able,Novice / Able,Novice / Able,Novice / Able,Novice / Able,Novice / Able,Novice / Able,Solid / Able,Novice / Able,2026-10-05T23:23:06+00:00
https://emerald.puzzlepirates.com/yoweb/pirate.wm?classic=false&target=Sloanalone,Sloanalone,Pirate,Imperial Front,Member,High Spirits,Novice / Able,Novice / Able,Novice / Able,Novice / Able,Expert / Grand-Master,Novice / Able,Broad / Proficient (archipelago: Able),Novice / Able,Novice / Able,Narrow / Distinguished,Neophyte / Able,Neophyte / Proficient,Novice / Able,Novice / Able,Novice / Distinguished (archipelago: Proficient ),Novice / Able,Neophyte / Able,Novice / Able,Narrow / Able,Novice / Able,Novice / Master (archipelago: Distinguished ),Novice / Able,2026-10-05T23:23:06+00:00
https://emerald.puzzlepirates.com/yoweb/pirate.wm?classic=false&target=Slumbers,Slumbers,Pirate,Imperial Front,Member,High Spirits,Novice / Able,Novice / Able,Neophyte / Able,Novice / Able,Novice / Able,Neophyte / Distinguished (archipelago: Proficient ),Neophyte / Legendary,Novice / Able,Novice / Able,Novice / Able,Novice / Able,Novice / Able,Novice / Able,Novice / Able,Novice / Able,Novice / Able,Novice / Able,Novice / Able,Novice / Able,Novice / Able,Solid / Able,Novice / Able,2026-10-05T23:23:06+00:00
https://emerald.puzzlepirates.com/yoweb/pirate.wm?classic=false&target=Stankmuchoww,Stankmuchoww,Pirate,Imperial Front,Member,High Spirits,Novice / Able,Novice / Able,Novice / Able,Novice / Able,Novice / Able,Novice / Able,Novice / Able,Novice / Able,Novice / Able,Novice / Able,Novice / Able,Novice / Able,Novice / Able,Novice / Able,Novice / Able,Novice / Able,Novice / Able,Novice / Able,Novice / Able,Novice / Able,Neophyte / Able,Novice / Able,2026-10-05T23:23:06+00:00
https://emerald.puzzlepirates.com/yoweb/pirate.wm?classic=false&target=Virpii,Virpii,Pirate,Imperial Front,Member,High Spirits,Broad / Distinguished (archipelago: Proficient ),Narrow / Proficient (archipelago: Able),Solid / Proficient,Narrow / Proficient,Narrow / Proficient (archipelago: Able),Neophyte / Able,Neophyte / Able,Novice / Able,Novice / Able,Neophyte / Able,Neophyte / Respected (archipelago: Distinguished ),Novice / Proficient,Novice / Able,Novice / Able,Neophyte / Respected,Novice / Able,Neophyte / Able,Novice / Able,Apprentice / Proficient,Neophyte / Proficient,Narrow / Respected (archipelago: Proficient ),Novice / Able,2026-10-05T23:23:06+00:00
https://emerald.puzzlepirates.com/yoweb/pirate.wm?classic=false&target=Worksworks,Worksworks,Pirate,Imperial Front,Member,High Spirits,Novice / Able,Novice / Able,Novice / Able,Novice / Able,Novice / Able,Solid / Able,Apprentice / Able,Novice / Able,Novice / Able,Novice / Able,Novice / Able,Novice / Able,Novice / Able,Novice / Able,Novice / Able,Novice / Able,Novice / Able,Novice / Able,Novice / Able,Novice / Able,Expert / Able,Novice / Able,2026-10-05T23:23:06+00:00
https://emerald.puzzlepirates.com/yoweb/pirate.wm?classic=false&target=Yewot,Yewot,Pirate,Imperial Front,Member,High Spirits,Neophyte / Able,Solid / Proficient,Novice / Able,Weighty / Ultimate,Solid / Proficient,Neophyte / Able,Weighty / Proficient,Novice / Able,Novice / Able,Novice / Proficient (archipelago: Able),Novice / Able,Novice / Able,Novice / Able,Novice / Able,Novice / Proficient,Solid / Proficient,Neophyte / Able,Novice / Able,Narrow / Proficient,Neophyte / Proficient,Narrow / Respected (archipelago: Distinguished ),Novice / Able,2026-10-05T23:23:06+00:00
https://emerald.puzzlepirates.com/yoweb/pirate.wm?classic=false&target=Arkouda,Arkouda,Quartermaster,Grande Armada,Member,High Spirits,Weighty / Renowned,Solid / Distinguished (archipelago: Master ),Broad / Proficient (archipelago: Able),Solid / Distinguished (archipelago: Able),Solid / Respected (archipelago: Proficient ),Solid / Proficient (archipelago: Able),Expert / Respected (archipelago: Distinguished ),Weighty / Respected (archipelago: Proficient ),Broad / Distinguished,Apprentice / Able,Neophyte / Master (archipelago: Ultimate ),Novice / Proficient (archipelago: Able),Novice / Able,Novice / Able,Novice / Distinguished (archipelago: Respected ),Narrow / Master (archipelago: Respected ),Solid / Distinguished (archipelago: Able),Neophyte / Able,Narrow / Proficient (archipelago: Able),Narrow / Distinguished (archipelago: Proficient ),Broad / Master (archipelago: Distinguished ),Novice / Able,2026-10-05T23:23:06+00:00
https://emerald.puzzlepirates.com/yoweb/pirate.wm?classic=false&target=Dxirez,Dxirez,Mate,Grande Armada,Member,High Spirits,Broad / Renowned (archipelago: Master ),Weighty / Ultimate (archipelago: Grand-Master ),Solid / Legendary (archipelago: Grand-Master ),Expert / Ultimate (archipelago: Legendary ),Weighty / Renowned,Solid / Proficient,Broad / Respected (archipelago: Distinguished ),Weighty / Proficient,Solid / Respected (archipelago: Distinguished ),Narrow / Master,Narrow / Grand-Master,Neophyte / Able,Novice / Able,Novice / Able,Apprentice / Proficient,Solid / Master,Broad / Proficient (archipelago: Able),Solid / Respected (archipelago: Distinguished ),Solid / Legendary,Broad / Respected (archipelago: Distinguished ),Broad / Renowned (archipelago: Distinguished ),Neophyte / Proficient,2026-10-05T23:23:06+00:00
https://emerald.puzzlepirates.com/yoweb/pirate.wm?classic=false&target=Mcdiggerjr,Mcdiggerjr,Boatswain,Grande Armada,Member,High Spirits,Solid / Distinguished (archipelago: Proficient ),Broad / Proficient,Broad / Able,Broad / Proficient,Broad / Proficient,Apprentice / Able,Solid / Proficient,Narrow / Able,Broad / Proficient,Narrow / Able,Apprentice / Proficient,Apprentice / Proficient,Novice / Able,Novice / Able,Neophyte / Able,Narrow / Legendary (archipelago: Ultimate ),Neophyte / Able,Narrow / Proficient,Novice / Able,Solid / Proficient,Apprentice / Proficient (archipelago: Able),Novice / Able,2026-10-05T23:23:06+00:00
https://emerald.puzzlepirates.com/yoweb/pirate.wm?classic=false&target=Sakkoliha,Sakkoliha,Alchemist,Grande Armada,Member,High Spirits,Expert / Ultimate (archipelago: Grand-Master ),Weighty / Ultimate (archipelago: Grand-Master ),Weighty / Master (archipelago: Respected ),Solid / Master (archipelago: Renowned ),Weighty / Master,Solid / Distinguished,Weighty / Respected,Broad / Proficient,Solid / Master (archipelago: Respected ),Solid / Proficient,Apprentice / Respected,Apprentice / Distinguished (archipelago: Master ),Apprentice / Able,Narrow / Able (archipelago: Proficient ),Narrow / Distinguished,Weighty / Able,Broad / Proficient,Weighty / Legendary (archipelago: Renowned ),Solid / Master,Solid / Respected (archipelago: Distinguished ),Solid / Grand-Master (archipelago: Master ),Broad / Respected (archipelago: Master ),2026-10-05T23:23:06+00:00
https://emerald.puzzlepirates.com/yoweb/pirate.wm?classic=false&target=Caradon,Caradon,Carouser,Grande Armada,Member,High Spirits,Narrow / Distinguished (archipelago: Proficient ),Neophyte / Able,Weighty / Renowned (archipelago: Master ),Solid / Master (archipelago: Distinguished ),Weighty / Grand-Master,Narrow / Proficient,Solid / Distinguished (archipelago: Proficient ),Weighty / Renowned,Narrow / Proficient (archipelago: Distinguished ),Broad / Able (archipelago: Proficient ),Neophyte / Able (archipelago: Proficient ),Neophyte / Master (archipelago: Distinguished ),Neophyte / Able,Solid / Proficient (archipelago: Able),Neophyte / Renowned (archipelago: Ultimate ),Weighty / Respected (archipelago: Distinguished ),Weighty / Renowned (archipelago: Respected ),Neophyte / Able,Solid / Respected (archipelago: Distinguished ),Apprentice / Proficient (archipelago: Able),Solid / Grand-Master (archipelago: Respected ),Novice / Able,2026-10-05T23:23:06+00:00
https://emerald.puzzlepirates.com/yoweb/pirate.wm?classic=false&target=Oati,Oati,Officer,Grande Armada,Member,High Spirits,Broad / Respected,Broad / Master (archipelago: Respected ),Solid / Master,Neophyte / Able,Broad / Master (archipelago: Renowned ),Apprentice / Distinguished,Solid / Grand-Master,Novice / Able,Novice / Able,Novice / Able,Novice / Able,Novice / Able,Novice / Able,Novice / Able,Novice / Able,Novice / Able,Novice / Able,Novice / Able,Novice / Able,Neophyte / Able,Neophyte / Legendary (archipelago: Master ),Novice / Able,2026-10-05T23:23:06+00:00
https://emerald.puzzlepirates.com/yoweb/pirate.wm?classic=false&target=Profane,Profane,Officer,Grande Armada,Member,High Spirits,Novice / Able,Narrow / Able,Solid / Distinguished (archipelago: Proficient ),Neophyte / Proficient (archipelago: Able),Novice / Able,Narrow / Able,Neophyte / Able,Neophyte / Able,Novice / Able,Narrow / Able,Novice / Proficient,Neophyte / Proficient,Novice / Able,Novice / Able,Novice / Able,Broad / Proficient,Solid / Proficient,Novice / Able,Novice / Able,Solid / Distinguished,Novice / Proficient (archipelago: Able),Novice / Able,2026-10-05T23:23:06+00:00
https://emerald.puzzlepirates.com/yoweb/pirate.wm?classic=false&target=Sebastean,Sebastean,Officer,Grande Armada,Member,High Spirits,Broad / Proficient,Broad / Proficient,Solid / Distinguished (archipelago: Proficient ),Solid / Distinguished,Broad / Proficient,Broad / Proficient,Broad / Proficient,Broad / Proficient,Solid / Distinguished,Apprentice / Able,Novice / Proficient (archipelago: Distinguished ),Novice / Able,Novice / Able,Novice / Able,Novice / Able,Narrow / Able,Novice / Able,Neophyte / Able (archipelago: Proficient ),Novice / Able,Neophyte / Proficient (archipelago: Able),Novice / Proficient,Novice / Able,2026-10-05T23:23:06+00:00
https://emerald.puzzlepirates.com/yoweb/pirate.wm?classic=false&target=Verty,Verty,Officer,Grande Armada,Member,High Spirits,Expert / Ultimate (archipelago: Legendary ),Solid / Ultimate (archipelago: Master ),Weighty / Legendary (archipelago: Grand-Master ),Expert / Legendary (archipelago: Grand-Master ),Paragon / Ultimate (archipelago: Legendary ),Solid / Legendary,Weighty / Master,Weighty / Legendary,Solid / Legendary,Solid / Master,Apprentice / Grand-Master,Broad / Legendary,Novice / Able,Narrow / Able,Apprentice / Legendary,Novice / Legendary (archipelago: Grand-Master ),Broad / Renowned (archipelago: Master ),Solid / Ultimate (archipelago: Grand-Master ),Solid / Grand-Master (archipelago: Legendary ),Solid / Legendary (archipelago: Grand-Master ),Solid / Ultimate (archipelago: Legendary ),Solid / Ultimate (archipelago: Legendary ),2026-10-05T23:23:06+00:00
https://emerald.puzzlepirates.com/yoweb/pirate.wm?classic=false&target=Moetheschmoe,Moetheschmoe,Rat,Grande Armada,Member,High Spirits,Solid / Proficient,Novice / Able,Broad / Proficient (archipelago: Able),Novice / Able,Expert / Proficient,Neophyte / Able,Narrow / Proficient,Novice / Able,Novice / Able,Neophyte / Able,Novice / Able,Novice / Proficient (archipelago: Able),Novice / Able,Novice / Able,Novice / Able,Broad / Proficient,Novice / Able,Novice / Able,Novice / Able,Novice / Able,Neophyte / Proficient (archipelago: Able),Novice / Able,2026-10-05T23:23:06+00:00
https://emerald.puzzlepirates.com/yoweb/pirate.wm?classic=false&target=Mybalto,Mybalto,Officer,Grande Armada,Member,High Spirits,Solid / Master (archipelago: Proficient ),Solid / Respected (archipelago: Proficient ),Solid / Master (archipelago: Distinguished ),Solid / Respected (archipelago: Proficient ),Solid / Distinguished (archipelago: Proficient ),Solid / Renowned (archipelago: Master ),Weighty / Legendary (archipelago: Grand-Master ),Solid / Able,Narrow / Distinguished (archipelago: Respected ),Apprentice / Proficient (archipelago: Distinguished ),Novice / Proficient (archipelago: Distinguished ),Novice / Able,Novice / Able,Novice / Able,Novice / Able,Novice / Able,Novice / Able,Neophyte / Proficient (archipelago: Able),Solid / Proficient,Broad / Renowned (archipelago: Master ),Solid / Able,Apprentice / Respected (archipelago: Proficient ),2026-10-05T23:23:06+00:00
https://emerald.puzzlepirates.com/yoweb/pirate.wm?classic=false&target=Ronglo,Ronglo,Officer,Grande Armada,Member,High Spirits,Broad / Distinguished (archipelago: Proficient ),Broad / Proficient,Weighty / Respected (archipelago: Distinguished ),Broad / Distinguished,Solid / Proficient,Narrow / Proficient,Broad / Distinguished,Neophyte / Able,Apprentice / Distinguished (archipelago: Proficient ),Novice / Proficient,Novice / Proficient,Novice / Able,Novice / Able,Novice / Able,Neophyte / Proficient (archipelago: Able),Broad / Proficient,Novice / Able,Neophyte / Able,Neophyte / Able,Neophyte / Able,Narrow / Respected (archipelago: Proficient ),Novice / Able,2026-10-05T23:23:06+00:00
https://emerald.puzzlepirates.com/yoweb/pirate.wm?classic=false&target=Skryty,Skryty,Officer,Grande Armada,Member,High Spirits,Novice / Able,Expert / Legendary (archipelago: Master ),Illustrious / Renowned,Neophyte / Proficient,Paragon / Respected (archipelago: Master ),Solid / Distinguished (archipelago: Respected ),Solid / Renowned,Illustrious / Proficient,Solid / Respected (archipelago: Master ),Narrow / Respected (archipelago: Master ),Novice / Proficient,Novice / Able,Solid / Able,Neophyte / Able,Neophyte / Able,Solid / Master (archipelago: Renowned ),Novice / Able,Novice / Able,Neophyte / Able,Solid / Master (archipelago: Distinguished ),Solid / Legendary (archipelago: Master ),Novice / Able,2026-10-05T23:23:06+00:00
https://emerald.puzzlepirates.com/yoweb/pirate.wm?classic=false&target=Utreg,Utreg,Officer,Grande Armada,Member,High Spirits,Apprentice / Able,Weighty / Respected (archipelago: Distinguished ),Broad / Proficient,Narrow / Proficient,Broad / Proficient,Neophyte / Able,Broad / Proficient,Novice / Able,Novice / Able,Novice / Proficient,Novice / Proficient,Novice / Able,Novice / Able,Novice / Able,Novice / Able,Neophyte / Respected,Novice / Able,Neophyte / Able,Solid / Able,Neophyte / Able,Narrow / Proficient (archipelago: Able),Neophyte / Able,2026-10-05T23:23:06+00:00
https://emerald.puzzlepirates.com/yoweb/pirate.wm?classic=false&target=Wallisanchez,Wallisanchez,Officer,Grande Armada,Member,High Spirits,Novice / Able,Novice / Able,Novice / Able,Novice / Proficient,Narrow / Proficient,Novice / Able,Apprentice / Proficient (archipelago: Able),Neophyte / Able,Novice / Able,Novice / Able,Novice / Able,Novice / Able,Novice / Able,Novice / Able,Novice / Able,Novice / Able,Novice / Able,Novice / Able,Novice / Able,Novice / Able,Broad / Respected (archipelago: Proficient ),Novice / Able,2026-10-05T23:23:06+00:00
https://emerald.puzzlepirates.com/yoweb/pirate.wm?classic=false&target=Blushia,Blushia,Pirate,Grande Armada,Member,High Spirits,Broad / Able,Novice / Able,Novice / Able,Apprentice / Able,Novice / Able,Novice / Able,Broad / Able,Novice / Able,Novice / Able,Novice / Able,Novice / Able,Novice / Proficient (archipelago: Able),Novice / Able,Novice / Able,Neophyte / Master (archipelago: Respected ),Novice / Able,Novice / Able,Novice / Able,Novice / Able,Novice / Able,Narrow / Able,Novice / Able,2026-10-05T23:23:06+00:00
https://emerald.puzzlepirates.com/yoweb/pirate.wm?classic=false&target=Burek,Burek,Pirate,Grande Armada,Member,High Spirits,Novice / Able,Solid / Ultimate (archipelago: Master ),Solid / Master (archipelago: Respected ),Solid / Master,Broad / Distinguished,Novice / Able,Solid / Grand-Master,Novice / Able,Novice / Able,Narrow / Proficient,Novice / Able,Novice / Able,Novice / Able,Novice / Able,Novice / Able,Novice / Able,Novice / Able,Novice / Able,Novice / Able,Novice / Able,Apprentice / Respected (archipelago: Proficient ),Novice / Able,2026-10-05T23:23:06+00:00
https://emerald.puzzlepirates.com/yoweb/pirate.wm?classic=false&target=Carticia,Carticia,Pirate,Grande Armada,Member,High Spirits,Novice / Able,Novice / Able,Novice / Able,Novice / Able,Novice / Able,Novice / Able,Novice / Able,Novice / Able,Novice / Able,Novice / Able,Novice / Able,Novice / Able,Narrow / Able,Novice / Able,Novice / Able,Novice / Able,Novice / Able,Novice / Able,Novice / Able,Novice / Able,Neophyte / Able,Novice / Able,2026-10-05T23:23:06+00:00
https://emerald.puzzlepirates.com/yoweb/pirate.wm?classic=false&target=Druzzy,Druzzy,Pirate,Grande Armada,Member,High Spirits,Novice / Able,Expert / Legendary (archipelago: Master ),Broad / Distinguished,Solid / Renowned,Novice / Able,Novice / Able,Novice / Able,Novice / Able,Novice / Able,Novice / Able,Novice / Able,Novice / Able,Novice / Able,Novice / Able,Novice / Able,Novice / Able,Novice / Able,Novice / Able,Novice / Able,Novice / Able,Neophyte / Able,Novice / Able,2026-10-05T23:23:06+00:00
https://emerald.puzzlepirates.com/yoweb/pirate.wm?classic=false&target=Hanyue,Hanyue,Pirate,Grande Armada,Member,High Spirits,Novice / Able,Novice / Able,Neophyte / Able,Novice / Proficient,Novice / Able,Novice / Able,Broad / Proficient (archipelago: Able),Novice / Able,Novice / Able,Novice / Able,Novice / Able,Novice / Able,Novice / Able,Novice / Able,Novice / Able,Novice / Able,Novice / Able,Novice / Able,Novice / Able,Novice / Able,Apprentice / Distinguished (archipelago: Proficient ),Novice / Able,2026-10-05T23:23:06+00:00
https://emerald.puzzlepirates.com/yoweb/pirate.wm?classic=false&target=Sacaojos,Sacaojos,Rat,Grande Armada,Member,High Spirits,Apprentice / Able,Novice / Able,Novice / Able,Novice / Proficient (archipelago: Able),Weighty / Proficient,Novice / Able,Solid / Proficient (archipelago: Able),Novice / Able,Novice / Able,Novice / Proficient,Neophyte / Proficient,Novice / Able,Novice / Able,Novice / Able,Novice / Able,Narrow / Grand-Master (archipelago: Renowned ),Novice / Able,Novice / Able,Novice / Able,Novice / Able,Broad / Proficient (archipelago: Able),Novice / Able,2026-10-05T23:23:06+00:00
https://emerald.puzzlepirates.com/yoweb/pirate.wm?classic=false&target=Sickaura,Sickaura,Pirate,Grande Armada,Member,High Spirits,Broad / Distinguished,Apprentice / Able,Narrow / Able (archipelago: Proficient ),Apprentice / Proficient,Solid / Master,Novice / Able,Novice / Able,Novice / Able,Novice / Able,Neophyte / Able,Novice / Proficient,Novice / Able,Novice / Able,Novice / Able,Novice / Able,Novice / Able,Apprentice / Able,Novice / Able,Apprentice / Able,Neophyte / Able,Novice / Able,Neophyte / Proficient (archipelago: Able),2026-10-05T23:23:06+00:00
https://emerald.puzzlepirates.com/yoweb/pirate.wm?classic=false&target=Soussy,Soussy,Pirate,Grande Armada,Member,High Spirits,Solid / Able,Novice / Able,Novice / Able,Novice / Able,Novice / Able,Novice / Able,Apprentice / Able,Novice / Able,Novice / Able,Novice / Able,Novice / Able,Novice / Able,Novice / Able,Novice / Able,Novice / Able,Novice / Able,Novice / Able,Novice / Able,Novice / Able,Novice / Able,Narrow / Able,Novice / Able,2026-10-05T23:23:06+00:00
https://emerald.puzzlepirates.com/yoweb/pirate.wm?classic=false&target=Thecoyote,Thecoyote,Captain,New Frigs On The Block,Member,High Spirits,Weighty / Master (archipelago: Respected ),Narrow / Proficient,Illustrious / Respected (archipelago: Distinguished ),Solid / Master,Solid / Distinguished,Solid / Distinguished,Weighty / Distinguished (archipelago: Proficient ),Narrow / Able,Narrow / Distinguished (archipelago: Proficient ),Broad / Respected (archipelago: Distinguished ),Apprentice / Respected,Novice / Distinguished,Novice / Able,Novice / Able,Novice / Able,Solid / Distinguished,Novice / Able,Novice / Able,Narrow / Proficient,Novice / Able,Solid / Master (archipelago: Distinguished ),Novice / Able,2026-10-05T23:23:06+00:00
https://emerald.puzzlepirates.com/yoweb/pirate.wm?classic=false&target=Glubbotion,Glubbotion,Officer,New Frigs On The Block,Member,High Spirits,Novice / Able,Neophyte / Able,Novice / Able,Apprentice / Proficient,Narrow / Proficient (archipelago: Able),Solid / Able,Solid / Able,Apprentice / Able,Novice / Able,Narrow / Respected (archipelago: Master ),Novice / Able,Novice / Distinguished (archipelago: Respected ),Novice / Able,Novice / Able,Narrow / Renowned,Neophyte / Able,Novice / Able,Novice / Able,Weighty / Renowned,Novice / Able,Solid / Able,Novice / Distinguished (archipelago: Respected ),2026-10-05T23:23:06+00:00
https://emerald.puzzlepirates.com/yoweb/pirate.wm?classic=false&target=Rikita,Rikita,Bait,New Frigs On The Block,Member,High Spirits,Novice / Able,Narrow / Able,Apprentice / Able,Neophyte / Distinguished,Narrow / Proficient,Novice / Able,Neophyte / Proficient (archipelago: Able),Narrow / Able,Apprentice / Proficient (archipelago: Able),Novice / Able,Novice / Able,Novice / Able,Novice / Able,Novice / Able,Novice / Able,Novice / Able,Novice / Able,Novice / Able,Neophyte / Proficient,Solid / Renowned,Novice / Able,Novice / Able,2026-10-05T23:23:06+00:00
https://emerald.puzzlepirates.com/yoweb/pirate.wm?classic=false&target=Sassyclass,Sassyclass,Officer,New Frigs On The Block,Member,High Spirits,Narrow / Able,Novice / Able,Novice / Able,Novice / Able,Narrow / Able,Novice / Able,Novice / Able,Novice / Able,Novice / Able,Novice / Able,Novice / Able,Novice / Able,Novice / Able,Novice / Able,Novice / Able,Novice / Able,Apprentice / Able,Novice / Able,Novice / Able,Novice / Able,Novice / Able,Novice / Able,2026-10-05T23:23:06+00:00
https://emerald.puzzlepirates.com/yoweb/pirate.wm?classic=false&target=Theory,Theory,Officer,New Frigs On The Block,Member,High Spirits,Solid / Grand-Master,Expert / Ultimate (archipelago: Legendary ),Expert / Master,Narrow / Proficient (archipelago: Distinguished ),Solid / Master,Solid / Renowned,Solid / Respected (archipelago: Master ),Novice / Able,Solid / Ultimate (archipelago: Legendary ),Solid / Master,Novice / Able,Novice / Able,Apprentice / Able,Novice / Able,Novice / Able,Solid / Proficient,Novice / Able,Novice / Able,Solid / Grand-Master,Novice / Able,Neophyte / Respected (archipelago: Proficient ),Novice / Proficient (archipelago: Able),2026-10-05T23:23:06+00:00
https://emerald.puzzlepirates.com/yoweb/pirate.wm?classic=false&target=Waznarre,Waznarre,Officer,New Frigs On The Block,Member,High Spirits,Neophyte / Proficient,Neophyte / Able,Solid / Master,Solid / Respected,Expert / Master,Novice / Distinguished,Solid / Master,Solid / Proficient (archipelago: Distinguished ),Solid / Respected (archipelago: Master ),Novice / Proficient,Novice / Able,Novice / Distinguished (archipelago: Respected ),Novice / Able,Novice / Able,Neophyte / Respected (archipelago: Master ),Solid / Distinguished,Solid / Renowned (archipelago: Respected ),Broad / Respected,Narrow / Distinguished,Broad / Renowned,Neophyte / Master (archipelago: Distinguished ),Narrow / Respected,2026-10-05T23:23:06+00:00
https://emerald.puzzlepirates.com/yoweb/pirate.wm?classic=false&target=Arog,Arog,Officer,New Frigs On The Block,Member,High Spirits,Solid / Respected (archipelago: Distinguished ),Expert / Distinguished,Paragon / Respected (archipelago: Distinguished ),Solid / Respected (archipelago: Distinguished ),Sublime / Grand-Master (archipelago: Renowned ),Illustrious / Master (archipelago: Respected ),Solid / Respected,Solid / Able,Weighty / Proficient (archipelago: Able),Illustrious / Respected,Narrow / Proficient,Neophyte / Proficient,Neophyte / Able,Novice / Able,Narrow / Respected,Expert / Master,Neophyte / Able,Broad / Distinguished,Broad / Distinguished,Solid / Distinguished,Broad / Respected (archipelago: Proficient ),Novice / Able,2026-10-05T23:23:06+00:00
https://emerald.puzzlepirates.com/yoweb/pirate.wm?classic=false&target=Buckin,Buckin,Officer,New Frigs On The Block,Member,High Spirits,Narrow / Proficient (archipelago: Able),Novice / Able,Novice / Able,Narrow / Proficient,Broad / Proficient,Novice / Able,Broad / Distinguished (archipelago: Proficient ),Novice / Able,Novice / Able,Neophyte / Proficient,Novice / Able,Novice / Able,Novice / Able,Novice / Able,Novice / Able,Novice / Able,Novice / Able,Novice / Able,Novice / Able,Novice / Able,Neophyte / Legendary (archipelago: Master ),Novice / Able,2026-10-05T23:23:06+00:00
https://emerald.puzzlepirates.com/yoweb/pirate.wm?classic=false&target=Frigoff,Frigoff,Officer,New Frigs On The Block,Member,High Spirits,Narrow / Able,Novice / Able,Novice / Able,Apprentice / Proficient,Novice / Able,Novice / Able,Solid / Proficient (archipelago: Able),Novice / Able,Novice / Able,Novice / Able,Novice / Able,Novice / Able,Novice / Able,Novice / Able,Neophyte / Able,Novice / Able,Novice / Able,Novice / Able,Novice / Able,Novice / Able,Novice / Able,Novice / Able,2026-10-05T23:23:06+00:00
https://emerald.puzzlepirates.com/yoweb/pirate.wm?classic=false&target=Xristo,Xristo,Officer,New Frigs On The Block,Member,High Spirits,Novice / Able,Solid / Ultimate (archipelago: Grand-Master ),Solid / Proficient,Broad / Distinguished (archipelago: Respected ),Broad / Respected,Novice / Able,Solid / Distinguished (archipelago: Proficient ),Novice / Able,Novice / Able,Novice / Proficient (archipelago: Able),Novice / Able,Novice / Able,Novice / Able,Novice / Able,Novice / Able,Novice / Able,Novice / Able,Novice / Able,Novice / Able,Novice / Able,Neophyte / Ultimate (archipelago: Grand-Master ),Novice / Able,2026-10-05T23:23:06+00:00
https://emerald.puzzlepirates.com/yoweb/pirate.wm?classic=false&target=Pizales,Pizales,Explorer,Poison,Lord,High Spirits,Paragon / Distinguished (archipelago: Proficient ),Solid / Able,Solid / Proficient (archipelago: Able),Solid / Distinguished (archipelago: Able),Weighty / Proficient (archipelago: Able),Paragon / Distinguished (archipelago: Proficient ),Expert / Proficient (archipelago: Able),Expert / Proficient,Expert / Respected (archipelago: Master ),Weighty / Proficient (archipelago: Distinguished ),Broad / Able (archipelago: Proficient ),Narrow / Able,Neophyte / Able,Solid / Able,Broad / Able,Paragon / Able,Novice / Able,Broad / Proficient (archipelago: Able),Broad / Proficient,Solid / Distinguished (archipelago: Able),Solid / Master (archipelago: Distinguished ),Broad / Distinguished (archipelago: Proficient ),2026-10-05T23:23:06+00:00
https://emerald.puzzlepirates.com/yoweb/pirate.wm?classic=false&target=Arogtwo,Arogtwo,Officer,Poison,Member,High Spirits,Novice / Able,Novice / Able,Novice / Able,Novice / Able,Neophyte / Able,Novice / Able,Novice / Able,Novice / Able,Novice / Able,Novice / Able,Novice / Able,Novice / Able,Novice / Able,Novice / Able,Novice / Able,Novice / Able,Novice / Able,Apprentice / Proficient,Novice / Able,Neophyte / Proficient,Neophyte / Respected (archipelago: Proficient ),Novice / Able,2026-10-05T23:23:06+00:00
https://emerald.puzzlepirates.com/yoweb/pirate.wm?classic=false&target=Orangerabbit,Orangerabbit,Officer,Poison,Member,High Spirits,Weighty / Distinguished (archipelago: Proficient ),Solid / Able,Narrow / Able,Solid / Distinguished,Broad / Proficient,Solid / Proficient,Weighty / Respected (archipelago: Distinguished ),Solid / Able,Solid / Renowned,Solid / Able,Neophyte / Respected (archipelago: Distinguished ),Neophyte / Able,Novice / Able,Novice / Able,Broad / Proficient,Illustrious / Master,Broad / Proficient,Narrow / Proficient,Apprentice / Able,Apprentice / Able,Solid / Proficient,Novice / Able,2026-10-05T23:23:06+00:00
https://emerald.puzzlepirates.com/yoweb/pirate.wm?classic=false&target=Potts,Potts,Mate,Poison,Member,High Spirits,Weighty / Distinguished,Illustrious / Able (archipelago: Proficient ),Solid / Proficient,Illustrious / Ultimate (archipelago: Legendary ),Weighty / Proficient,Paragon / Distinguished (archipelago: Respected ),Weighty / Distinguished (archipelago: Proficient ),Paragon / Proficient,Weighty / Legendary,Solid / Master,Apprentice / Proficient,Apprentice / Able,Apprentice / Able,Neophyte / Able,Apprentice / Able,Weighty / Distinguished,Solid / Proficient,Solid / Respected,Solid / Distinguished,Broad / Proficient,Solid / Distinguished (archipelago: Proficient ),Solid / Respected (archipelago: Distinguished ),2026-10-05T23:23:06+00:00
https://emerald.puzzlepirates.com/yoweb/pirate.wm?classic=false&target=Pottsalt,Pottsalt,Officer,Poison,Member,High Spirits,Broad / Proficient (archipelago: Distinguished ),Weighty / Able,Neophyte / Able,Paragon / Respected (archipelago: Master ),Solid / Proficient,Weighty / Proficient,Solid / Proficient,Solid / Proficient,Solid / Master,Solid / Respected (archipelago: Master ),Novice / Proficient,Neophyte / Able,Novice / Able,Novice / Able,Neophyte / Able (archipelago: Proficient ),Expert / Master,Solid / Proficient,Solid / Respected,Solid / Distinguished,Narrow / Proficient,Apprentice / Distinguished (archipelago: Proficient ),Broad / Distinguished (archipelago: Proficient ),2026-10-05T23:23:06+00:00
https://emerald.puzzlepirates.com/yoweb/pirate.wm?classic=false&target=Pottsxo,Pottsxo,Barber,Poison,Member,High Spirits,Neophyte / Able (archipelago: Proficient ),Broad / Able (archipelago: Proficient ),Novice / Able,Solid / Respected (archipelago: Renowned ),Apprentice / Proficient,Broad / Distinguished,Broad / Distinguished (archipelago: Proficient ),Broad / Able,Narrow / Respected,Novice / Able,Novice / Able,Novice / Able,Novice / Able,Novice / Able,Novice / Able,Novice / Able,Narrow / Proficient,Solid / Distinguished (archipelago: Respected ),Novice / Able,Broad / Proficient,Neophyte / Proficient,Neophyte / Proficient,2026-10-05T23:23:06+00:00
https://emerald.puzzlepirates.com/yoweb/pirate.wm?classic=false&target=Gaikokkheong,Gaikokkheong,Officer,Poison,Member,High Spirits,Narrow / Distinguished,Broad / Respected,Solid / Master,Apprentice / Distinguished,Solid / Grand-Master (archipelago: Legendary ),Narrow / Distinguished (archipelago: Respected ),Neophyte / Distinguished,Novice / Able,Novice / Able,Broad / Grand-Master,Novice / Proficient,Novice / Able,Novice / Able,Novice / Able,Novice / Able (archipelago: Proficient ),Solid / Renowned,Apprentice / Able,Narrow / Proficient,Novice / Able,Novice / Proficient,Narrow / Legendary (archipelago: Master ),Novice / Able,2026-10-05T23:23:06+00:00
https://emerald.puzzlepirates.com/yoweb/pirate.wm?classic=false&target=Huntting,Huntting,Strategist,Land's End Whalers,Member,High Spirits,Broad / Distinguished,Narrow / Respected,Broad / Distinguished,Narrow / Proficient,Solid / Renowned (archipelago: Grand-Master ),Apprentice / Proficient,Solid / Respected,Solid / Renowned (archipelago: Respected ),Broad / Proficient,Narrow / Able,Novice / Proficient,Novice / Able,Novice / Able,Novice / Able,Neophyte / Able,Broad / Distinguished,Novice / Able,Broad / Distinguished,Novice / Able,Apprentice / Proficient,Narrow / Grand-Master (archipelago: Master ),Solid / Ultimate (archipelago: Grand-Master ),2026-10-05T23:23:06+00:00
https://emerald.puzzlepirates.com/yoweb/pirate.wm?classic=false&target=Bardbeard,Bardbeard,Mate,Land's End Whalers,Member,High Spirits,Broad / Distinguished,Broad / Proficient,Broad / Proficient (archipelago: Able),Apprentice / Proficient,Solid / Respected,Solid / Proficient (archipelago: Distinguished ),Expert / Distinguished,Solid / Proficient,Solid / Respected,Narrow / Able,Novice / Able,Novice / Able,Novice / Able,Novice / Able,Novice / Able,Narrow / Renowned (archipelago: Grand-Master ),Novice / Able,Neophyte / Able,Novice / Able,Neophyte / Able,Neophyte / Proficient,Novice / Able,2026-10-05T23:23:06+00:00
https://emerald.puzzlepirates.com/yoweb/pirate.wm?classic=false&target=Gordohibachi,Gordohibachi,Lookout,Land's End Whalers,Member,High Spirits,Neophyte / Able,Novice / Able,Novice / Able,Novice / Able,Broad / Able,Novice / Able,Broad / Able,Novice / Able,Broad / Proficient (archipelago: Able),Broad / Able,Novice / Proficient,Apprentice / Proficient,Novice / Able,Novice / Able,Novice / Able,Solid / Able,Novice / Able,Novice / Able,Novice / Able,Novice / Able,Novice / Proficient (archipelago: Able),Novice / Able,2026-10-05T23:23:06+00:00
https://emerald.puzzlepirates.com/yoweb/pirate.wm?classic=false&target=Johnoleaf,Johnoleaf,Officer,Land's End Whalers,Member,High Spirits,Neophyte / Proficient,Novice / Able,Novice / Able,Novice / Able,Neophyte / Able,Novice / Able,Solid / Proficient (archipelago: Able),Novice / Able,Neophyte / Proficient (archipelago: Able),Novice / Respected (archipelago: Master ),Novice / Able,Novice / Able,Novice / Able,Novice / Able,Novice / Able,Broad / Proficient,Novice / Able,Novice / Able,Narrow / Proficient,Novice / Able,Neophyte / Distinguished (archipelago: Proficient ),Novice / Able,2026-10-05T23:23:06+00:00
https://emerald.puzzlepirates.com/yoweb/pirate.wm?classic=false&target=Adiiola,Adiiola,Pirate,Land's End Whalers,Member,High Spirits,Narrow / Respected (archipelago: Distinguished ),Novice / Able,Neophyte / Able,Novice / Able,Apprentice / Proficient,Novice / Able,Novice / Able,Novice / Able,Novice / Able,Novice / Proficient,Novice / Able,Novice / Able,Novice / Able,Novice / Able,Novice / Able,Novice / Able,Novice / Able,Novice / Able,Novice / Able,Novice / Able,Novice / Able,Neophyte / Able,2026-10-05T23:23:06+00:00
https://emerald.puzzlepirates.com/yoweb/pirate.wm?classic=false&target=Sofifia,Sofifia,Pirate,Land's End Whalers,Member,High Spirits,Apprentice / Proficient,Broad / Distinguished,Broad / Proficient,Apprentice / Able,Narrow / Proficient,Broad / Proficient,Novice / Able,Novice / Able,Novice / Able,Novice / Proficient,Novice / Proficient,Novice / Able,Novice / Able,Novice / Able,Novice / Able,Novice / Able,Expert / Respected (archipelago: Distinguished ),Solid / Distinguished (archipelago: Respected ),Neophyte / Able,Novice / Able,Novice / Able,Novice / Able,2026-10-05T23:23:06+00:00
https://emerald.puzzlepirates.com/yoweb/pirate.wm?classic=false&target=Psychomantis,Psychomantis,Navigator,The Royal Lima Navy,Member,High Spirits,Solid / Distinguished (archipelago: Proficient ),Narrow / Able,Solid / Respected (archipelago: Distinguished ),Broad / Distinguished (archipelago: Proficient ),Narrow / Proficient (archipelago: Able),Solid / Distinguished (archipelago: Proficient ),Solid / Respected,Broad / Proficient,Solid / Respected,Narrow / Able,Novice / Proficient,Neophyte / Proficient,Novice / Able,Novice / Able,Neophyte / Proficient,Weighty / Able,Narrow / Able,Apprentice / Proficient,Broad / Proficient (archipelago: Distinguished ),Solid / Distinguished,Solid / Master (archipelago: Distinguished ),Solid / Respected,2026-10-05T23:23:06+00:00
https://emerald.puzzlepirates.com/yoweb/pirate.wm?classic=false&target=Lukecutlass,Lukecutlass,Officer,The Royal Lima Navy,Member,High Spirits,Broad / Distinguished (archipelago: Proficient ),Broad / Proficient,Broad / Proficient (archipelago: Able),Solid / Distinguished,Solid / Proficient,Solid / Proficient (archipelago: Able),Narrow / Proficient (archipelago: Able),Narrow / Able,Narrow / Proficient (archipelago: Able),Narrow / Able,Neophyte / Proficient,Neophyte / Proficient,Novice / Able,Novice / Able,Novice / Distinguished (archipelago: Proficient ),Narrow / Distinguished,Narrow / Proficient,Narrow / Proficient,Broad / Proficient,Solid / Respected (archipelago: Distinguished ),Neophyte / Proficient (archipelago: Able),Novice / Proficient (archipelago: Able),2026-10-05T23:23:06+00:00
https://emerald.puzzlepirates.com/yoweb/pirate.wm?classic=false&target=Mackraken,Mackraken,Officer,The Royal Lima Navy,Member,High Spirits,Apprentice / Able,Narrow / Able,Apprentice / Able,Neophyte / Proficient (archipelago: Able),Broad / Proficient (archipelago: Able),Narrow / Proficient (archipelago: Able),Neophyte / Able,Novice / Able,Novice / Able,Neophyte / Able,Neophyte / Proficient,Novice / Proficient,Novice / Able,Neophyte / Able,Novice / Able,Novice / Able,Novice / Able,Novice / Able,Novice / Able,Novice / Able,Novice / Able,Novice / Able,2026-10-05T23:23:06+00:00
https://emerald.puzzlepirates.com/yoweb/pirate.wm?classic=false&target=Geofvh,Geofvh,Pirate,The Royal Lima Navy,Member,High Spirits,Novice / Able,Narrow / Proficient,Novice / Able,Novice / Able,Novice / Able,Novice / Able,Solid / Proficient,Novice / Able,Novice / Able,Neophyte / Respected (archipelago: Distinguished ),Novice / Able,Novice / Able,Novice / Able,Neophyte / Able,Novice / Able,Apprentice / Renowned,Novice / Able,Novice / Able,Novice / Able,Novice / Able,Novice / Able,Novice / Able,2026-10-05T23:23:06+00:00
https://emerald.puzzlepirates.com/yoweb/pirate.wm?classic=false&target=Hawkshell,Hawkshell,Pirate,The Royal Lima Navy,Member,High Spirits,Apprentice / Proficient,Solid / Distinguished,Broad / Proficient,Neophyte / Proficient,Narrow / Proficient,Apprentice / Able,Neophyte / Proficient (archipelago: Able),Novice / Able,Novice / Able,Novice / Proficient (archipelago: Able),Novice / Proficient,Novice / Able,Novice / Able,Novice / Able,Novice / Able,Novice / Able,Neophyte / Able,Apprentice / Able (archipelago: Proficient ),Narrow / Able,Narrow / Proficient,Apprentice / Able (archipelago: Proficient ),Novice / Able,2026-10-05T23:23:06+00:00
https://emerald.puzzlepirates.com/yoweb/pirate.wm?classic=false&target=Albertpujols,Albertpujols,Captain,High Spirits Trading Co,Member,High Spirits,Paragon / Distinguished (archipelago: Proficient ),Solid / Distinguished,Paragon / Master (archipelago: Respected ),Narrow / Able,Sublime / Grand-Master,Illustrious / Renowned (archipelago: Master ),Solid / Master,Solid / Distinguished,Paragon / Renowned,Sublime / Respected,Solid / Proficient,Broad / Proficient,Broad / Able,Broad / Able,Solid / Respected,Expert / Renowned,Solid / Proficient,Solid / Renowned (archipelago: Master ),Weighty / Respected,Solid / Distinguished (archipelago: Proficient ),Broad / Able,Novice / Able,2026-10-05T23:23:06+00:00
https://emerald.puzzlepirates.com/yoweb/pirate.wm?classic=false&target=Aleale,Aleale,Officer,High Spirits Trading Co,Member,High Spirits,Novice / Able,Novice / Able,Novice / Able,Novice / Able,Novice / Able,Novice / Able,Neophyte / Able,Novice / Able,Novice / Able,Novice / Able,Novice / Able,Novice / Able,Novice / Able,Novice / Able,Novice / Able,Novice / Able,Novice / Able,Apprentice / Proficient (archipelago: Able),Solid / Respected (archipelago: Distinguished ),Novice / Able,Novice / Able,Solid / Respected (archipelago: Distinguished ),2026-10-05T23:23:06+00:00
https://emerald.puzzlepirates.com/yoweb/pirate.wm?classic=false&target=Bathbomb,Bathbomb,Officer,High Spirits Trading Co,Member,High Spirits,Neophyte / Able,Novice / Able,Narrow / Proficient,Apprentice / Proficient,Broad / Proficient,Novice / Able,Narrow / Proficient (archipelago: Able),Novice / Able,Novice / Able,Novice / Able,Novice / Able,Novice / Able,Novice / Able,Novice / Able,Novice / Able,Novice / Able,Solid / Renowned (archipelago: Respected ),Novice / Able,Novice / Able,Novice / Able,Novice / Grand-Master (archipelago: Master ),Novice / Able,2026-10-05T23:23:06+00:00
https://emerald.puzzlepirates.com/yoweb/pirate.wm?classic=false&target=Doktart,Doktart,Officer,High Spirits Trading Co,Member,High Spirits,Novice / Able,Neophyte / Able,Novice / Able,Novice / Proficient,Apprentice / Proficient (archipelago: Able),Novice / Able,Novice / Able,Novice / Able,Novice / Able,Novice / Able,Novice / Able,Novice / Able,Novice / Able,Novice / Able,Novice / Able,Novice / Able,Novice / Able,Novice / Able,Novice / Able,Novice / Able,Novice / Able,Novice / Able,2026-10-05T23:23:06+00:00
https://emerald.puzzlepirates.com/yoweb/pirate.wm?classic=false&target=Hempless,Hempless,Officer,High Spirits Trading Co,Member,High Spirits,Novice / Able,Novice / Able,Novice / Able,Novice / Able,Novice / Able,Novice / Able,Novice / Able,Novice / Able,Novice / Able,Novice / Able,Novice / Able,Novice / Able,Novice / Able,Novice / Able,Novice / Able,Novice / Able,Neophyte / Able,Novice / Able,Novice / Able,Novice / Able,Novice / Able,Novice / Able,2026-10-05T23:23:06+00:00
https://emerald.puzzlepirates.com/yoweb/pirate.wm?classic=false&target=Marienvonbal,Marienvonbal,Captain,Little Flower II,Member,High Spirits,Illustrious / Distinguished (archipelago: Proficient ),Narrow / Able,Illustrious / Proficient (archipelago: Able),Novice / Able,Illustrious / Distinguished,Expert / Proficient (archipelago: Able),Solid / Proficient (archipelago: Able),Sublime / Proficient,Illustrious / Grand-Master (archipelago: Renowned ),Solid / Able,Narrow / Able,Apprentice / Proficient,Novice / Able,Novice / Able,Narrow / Proficient,Solid / Proficient,Expert / Proficient,Expert / Master (archipelago: Respected ),Illustrious / Distinguished,Expert / Able,Weighty / Distinguished (archipelago: Proficient ),Solid / Distinguished (archipelago: Proficient ),2026-10-05T23:23:06+00:00
https://emerald.puzzlepirates.com/yoweb/pirate.wm?classic=false&target=Deadwhale,Deadwhale,Officer,Little Flower II,Member,High Spirits,Narrow / Able,Broad / Proficient (archipelago: Able),Weighty / Respected (archipelago: Distinguished ),Novice / Proficient (archipelago: Able),Broad / Proficient (archipelago: Able),Broad / Proficient (archipelago: Able),Apprentice / Proficient (archipelago: Able),Neophyte / Able,Novice / Able,Novice / Proficient,Novice / Able,Novice / Able,Novice / Able,Novice / Able,Novice / Able,Apprentice / Able,Novice / Able,Novice / Able,Novice / Able,Novice / Able,Novice / Proficient (archipelago: Able),Novice / Able,2026-10-05T23:23:06+00:00
https://emerald.puzzlepirates.com/yoweb/pirate.wm?classic=false&target=Vampi,Vampi,Officer,Little Flower II,Member,High Spirits,Illustrious / Master (archipelago: Distinguished ),Illustrious / Respected (archipelago: Distinguished ),Revered / Respected (archipelago: Distinguished ),Solid / Respected (archipelago: Distinguished ),Illustrious / Master,Expert / Proficient,Expert / Respected,Illustrious / Master (archipelago: Renowned ),Expert / Proficient (archipelago: Able),Expert / Distinguished,Expert / Renowned,Expert / Master,Illustrious / Able (archipelago: Proficient ),Illustrious / Proficient,Paragon / Master,Expert / Legendary (archipelago: Grand-Master ),Revered / Master,Illustrious / Legendary (archipelago: Renowned ),Illustrious / Master,Expert / Renowned,Illustrious / Renowned (archipelago: Respected ),Solid / Grand-Master,2026-10-05T23:23:06+00:00
https://emerald.puzzlepirates.com/yoweb/pirate.wm?classic=false&target=Ryterko,Ryterko,Pirate,Little Flower II,Member,High Spirits,Narrow / Able,Novice / Able,Broad / Able,Broad / Proficient,Narrow / Able,Narrow / Able,Novice / Able,Novice / Able,Novice / Able,Novice / Able,Novice / Able,Novice / Able,Novice / Able,Novice / Able,Novice / Able,Novice / Able,Solid / Proficient (archipelago: Distinguished ),Solid / Distinguished,Solid / Proficient,Solid / Proficient,Solid / Proficient (archipelago: Able),Novice / Able,2026-10-05T23:23:06+00:00
https://emerald.puzzlepirates.com/yoweb/pirate.wm?classic=false&target=Haltime,Haltime,Captain,Equanimity,Member,High Spirits,Solid / Respected (archipelago: Distinguished ),Solid / Proficient,Broad / Proficient,Paragon / Grand-Master,Expert / Respected,Narrow / Proficient (archipelago: Able),Solid / Respected,Paragon / Proficient (archipelago: Distinguished ),Solid / Respected (archipelago: Distinguished ),Narrow / Able,Apprentice / Able,Novice / Able,Novice / Able,Narrow / Able,Novice / Able,Broad / Able,Neophyte / Proficient,Narrow / Proficient,Neophyte / Able,Solid / Renowned (archipelago: Master ),Solid / Ultimate (archipelago: Grand-Master ),Narrow / Proficient,2026-10-05T23:23:06+00:00
https://emerald.puzzlepirates.com/yoweb/pirate.wm?classic=false&target=Halcrime,Halcrime,Officer,Equanimity,Member,High Spirits,Novice / Able,Novice / Able,Novice / Able,Solid / Renowned,Broad / Proficient,Novice / Able,Narrow / Respected (archipelago: Distinguished ),Narrow / Able (archipelago: Proficient ),Apprentice / Able,Novice / Proficient,Neophyte / Master (archipelago: Respected ),Novice / Able,Novice / Able,Novice / Able,Novice / Able,Narrow / Proficient,Novice / Able,Novice / Able,Novice / Able,Novice / Able,Neophyte / Respected (archipelago: Proficient ),Novice / Able,2026-10-05T23:23:06+00:00
https://emerald.puzzlepirates.com/yoweb/pirate.wm?classic=false&target=Lesprit,Lesprit,Officer,Equanimity,Member,High Spirits,Weighty / Ultimate (archipelago: Grand-Master ),Novice / Able,Solid / Distinguished (archipelago: Proficient ),Solid / Master (archipelago: Respected ),Solid / Master,Solid / Master (archipelago: Respected ),Solid / Proficient (archipelago: Able),Narrow / Able,Apprentice / Proficient (archipelago: Able),Narrow / Distinguished,Narrow / Respected,Novice / Able,Novice / Able,Novice / Able,Novice / Able,Novice / Able,Novice / Able,Novice / Able,Novice / Able,Novice / Able,Neophyte / Proficient (archipelago: Able),Novice / Able,2026-10-05T23:23:06+00:00
https://emerald.puzzlepirates.com/yoweb/pirate.wm?classic=false&target=Bkierzy,Bkierzy,Hunter,Piece Keepers,Lord,High Spirits,Broad / Distinguished (archipelago: Proficient ),Solid / Distinguished,Paragon / Respected (archipelago: Distinguished ),Broad / Distinguished (archipelago: Proficient ),Solid / Proficient,Expert / Master (archipelago: Respected ),Expert / Distinguished,Solid / Able (archipelago: Proficient ),Solid / Distinguished (archipelago: Proficient ),Narrow / Proficient,Neophyte / Proficient,Neophyte / Proficient,Narrow / Able,Narrow / Able,Narrow / Able,Solid / Able,Neophyte / Able,Apprentice / Proficient (archipelago: Able),Weighty / Master,Narrow / Distinguished (archipelago: Proficient ),Broad / Grand-Master (archipelago: Respected ),Neophyte / Proficient,2026-10-05T23:23:06+00:00
https://emerald.puzzlepirates.com/yoweb/pirate.wm?classic=false&target=Prrettywoman,Prrettywoman,Mate,Piece Keepers,Member,High Spirits,Solid / Proficient (archipelago: Able),Weighty / Proficient (archipelago: Able),Expert / Proficient,Narrow / Proficient,Solid / Proficient,Paragon / Respected (archipelago: Distinguished ),Solid / Distinguished (archipelago: Proficient ),Solid / Able,Weighty / Respected (archipelago: Distinguished ),Solid / Able,Narrow / Able,Narrow / Able,Solid / Able,Narrow / Able,Broad / Able,Illustrious / Proficient,Broad / Able,Broad / Proficient,Broad / Distinguished,Broad / Proficient,Solid / Proficient (archipelago: Able),Neophyte / Proficient,2026-10-05T23:23:06+00:00
https://emerald.puzzlepirates.com/yoweb/pirate.wm?classic=false&target=Kindermaxi,Kindermaxi,Officer,Piece Keepers,Member,High Spirits,Broad / Respected (archipelago: Distinguished ),Narrow / Distinguished (archipelago: Proficient ),Broad / Distinguished (archipelago: Proficient ),Neophyte / Proficient,Broad / Master,Broad / Master,Solid / Master,Apprentice / Able,Novice / Able,Neophyte / Able,Novice / Proficient,Novice / Able,Novice / Able,Novice / Able,Novice / Proficient,Narrow / Proficient,Novice / Able,Novice / Able,Novice / Able,Novice / Able,Novice / Able,Neophyte / Proficient,2026-10-05T23:23:06+00:00
https://emerald.puzzlepirates.com/yoweb/pirate.wm?classic=false&target=Chuckupp,Chuckupp,Captain,Flow Buckets,Member,High Spirits,Solid / Distinguished (archipelago: Proficient ),Broad / Proficient,Solid / Proficient,Narrow / Able,Solid / Respected,Narrow / Proficient (archipelago: Able),Narrow / Master (archipelago: Respected ),Broad / Proficient,Broad / Grand-Master,Narrow / Proficient,Novice / Able,Novice / Able (archipelago: Proficient ),Novice / Able,Novice / Able,Neophyte / Able,Weighty / Master,Novice / Able,Novice / Able,Narrow / Distinguished,Apprentice / Proficient,Solid / Grand-Master (archipelago: Respected ),Novice / Able,2026-10-05T23:23:06+00:00
https://emerald.puzzlepirates.com/yoweb/pirate.wm?classic=false&target=Chuckchuck,Chuckchuck,Officer,Flow Buckets,Member,High Spirits,Novice / Able,Novice / Able,Novice / Able,Novice / Able,Novice / Able,Novice / Able,Novice / Able,Novice / Able,Novice / Able,Novice / Able,Novice / Able,Novice / Able,Novice / Able,Novice / Able,Novice / Able,Apprentice / Proficient,Novice / Able,Novice / Able,Novice / Able,Novice / Able,Solid / Grand-Master (archipelago: Respected ),Novice / Able,2026-10-05T23:23:06+00:00
https://emerald.puzzlepirates.com/yoweb/pirate.wm?classic=false&target=Phauxx,Phauxx,Officer,Flow Buckets,Member,High Spirits,Apprentice / Able,Neophyte / Able,Apprentice / Able,Novice / Able,Solid / Distinguished (archipelago: Proficient ),Novice / Able,Neophyte / Proficient (archipelago: Able),Solid / Proficient (archipelago: Distinguished ),Solid / Distinguished (archipelago: Proficient ),Novice / Proficient,Novice / Able,Novice / Able,Novice / Able,Novice / Able,Novice / Able,Narrow / Able,Novice / Able,Novice / Able,Novice / Able,Novice / Able,Solid / Grand-Master (archipelago: Respected ),Novice / Able,2026-10-05T23:23:06+00:00
https://emerald.puzzlepirates.com/yoweb/pirate.wm?classic=false&target=Albatroni,Albatroni,Captain,The Toon Tide,Member,High Spirits,Narrow / Proficient,Narrow / Able,Solid / Respected (archipelago: Distinguished ),Narrow / Proficient,Narrow / Proficient,Broad / Respected (archipelago: Distinguished ),Narrow / Respected (archipelago: Distinguished ),Broad / Distinguished,Solid / Legendary,Narrow / Master (archipelago: Respected ),Novice / Respected,Apprentice / Respected,Novice / Able,Novice / Able,Neophyte / Able,Novice / Able,Novice / Able,Narrow / Proficient,Narrow / Proficient,Narrow / Distinguished,Apprentice / Grand-Master (archipelago: Respected ),Novice / Able,2026-10-05T23:23:06+00:00
https://emerald.puzzlepirates.com/yoweb/pirate.wm?classic=false&target=Tinkalink,Tinkalink,Officer,The Toon Tide,Member,High Spirits,Solid / Grand-Master (archipelago: Master ),Novice / Able,Broad / Proficient (archipelago: Able),Novice / Able,Broad / Proficient,Narrow / Able,Novice / Able,Novice / Able,Novice / Able,Novice / Proficient,Novice / Able,Novice / Able,Novice / Able,Novice / Able,Novice / Proficient,Novice / Able,Narrow / Proficient,Novice / Able,Novice / Able,Novice / Able,Novice / Proficient (archipelago: Able),Novice / Able,2026-10-05T23:23:06+00:00
https://emerald.puzzlepirates.com/yoweb/pirate.wm?classic=false&target=Wodobols,Wodobols,Captain,The Boneheads,Member,High Spirits,Weighty / Respected (archipelago: Distinguished ),Solid / Proficient,Weighty / Proficient,Broad / Proficient,Illustrious / Master,Solid / Proficient (archipelago: Able),Weighty / Proficient,Broad / Able,Solid / Master,Expert / Respected (archipelago: Distinguished ),Narrow / Proficient,Novice / Proficient,Novice / Able,Novice / Able,Apprentice / Able,Expert / Able,Novice / Able,Novice / Able,Apprentice / Able,Apprentice / Able,Solid / Distinguished (archipelago: Proficient ),Novice / Able,2026-10-05T23:23:06+00:00
https://emerald.puzzlepirates.com/yoweb/pirate.wm?classic=false&target=Jackspare,Jackspare,Bosun,The Boneheads,Member,High Spirits,Weighty / Proficient (archipelago: Able),Narrow / Able,Solid / Proficient (archipelago: Able),Narrow / Proficient (archipelago: Able),Weighty / Proficient (archipelago: Able),Broad / Distinguished (archipelago: Proficient ),Expert / Proficient (archipelago: Able),Broad / Able,Expert / Distinguished (archipelago: Master ),Broad / Able,Neophyte / Proficient (archipelago: Distinguished ),Neophyte / Distinguished (archipelago: Able),Novice / Able,Novice / Able,Novice / Proficient (archipelago: Respected ),Broad / Able,Novice / Able,Novice / Able,Novice / Able,Novice / Able,Solid / Proficient,Novice / Able,2026-10-05T23:23:06+00:00
https://emerald.puzzlepirates.com/yoweb/pirate.wm?classic=false&target=Mariodela,Mariodela,Pirate,The Boneheads,Member,High Spirits,Revered / Grand-Master (archipelago: Master ),Novice / Able,Paragon / Distinguished (archipelago: Proficient ),Novice / Able,Weighty / Proficient,Broad / Able,Solid / Grand-Master,Novice / Able,Novice / Able,Narrow / Able,Revered / Master,Novice / Able,Novice / Able,Revered / Distinguished,Neophyte / Able,Sublime / Distinguished,Novice / Able,Neophyte / Able,Neophyte / Able,Neophyte / Able,Illustrious / Renowned (archipelago: Distinguished ),Novice / Able,2026-10-05T23:23:06+00:00
https://emerald.puzzlepirates.com/yoweb/pirate.wm?classic=false&target=Kryptoff,Kryptoff,Profiteer,Taggart Transoceanic,Member,High Spirits,Solid / Master,Solid / Master (archipelago: Respected ),Weighty / Renowned,Narrow / Proficient (archipelago: Distinguished ),Paragon / Ultimate,Solid / Proficient,Solid / Distinguished (archipelago: Proficient ),Expert / Distinguished,Solid / Master,Narrow / Able,Novice / Proficient,Novice / Able,Novice / Able,Novice / Able,Novice / Able,Solid / Master,Narrow / Able,Neophyte / Able,Apprentice / Proficient,Solid / Ultimate (archipelago: Legendary ),Broad / Distinguished (archipelago: Proficient ),Novice / Able,2026-10-05T23:23:06+00:00
https://emerald.puzzlepirates.com/yoweb/pirate.wm?classic=false&target=Danconia,Danconia,Officer,Taggart Transoceanic,Member,High Spirits,Novice / Able,Novice / Able,Narrow / Able (archipelago: Proficient ),Novice / Able,Narrow / Proficient,Apprentice / Able,Narrow / Proficient,Novice / Able,Novice / Able,Novice / Able,Novice / Able,Novice / Able,Novice / Able,Novice / Able,Novice / Able,Novice / Able,Novice / Able,Novice / Able,Novice / Able,Novice / Able,Apprentice / Renowned (archipelago: Respected ),Novice / Able,2026-10-05T23:23:06+00:00
https://emerald.puzzlepirates.com/yoweb/pirate.wm?classic=false&target=Roterik,Roterik,Pirate,Taggart Transoceanic,Member,High Spirits,Broad / Distinguished (archipelago: Able),Apprentice / Able,Broad / Proficient (archipelago: Able),Novice / Able,Weighty / Grand-Master,Broad / Able,Neophyte / Proficient (archipelago: Able),Narrow / Able,Neophyte / Proficient (archipelago: Able),Novice / Proficient,Novice / Able,Novice / Able,Novice / Able,Novice / Able,Novice / Able,Neophyte / Ultimate,Novice / Able,Novice / Able,Novice / Able,Novice / Able,Narrow / Able,Novice / Able,2026-10-05T23:23:06+00:00
https://emerald.puzzlepirates.com/yoweb/pirate.wm?classic=false&target=Leftaii,Leftaii,Wench,Ice Melting,Member,High Spirits,Novice / Able,Novice / Able,Novice / Able,Novice / Able,Novice / Able,Novice / Able,Novice / Able,Novice / Able,Novice / Able,Novice / Able,Narrow / Grand-Master (archipelago: Renowned ),Novice / Able,Expert / Legendary,Apprentice / Able,Novice / Able,Neophyte / Legendary (archipelago: Grand-Master ),Novice / Able,Novice / Able,Novice / Able,Novice / Able,Neophyte / Able,Novice / Able,2026-10-05T23:23:06+00:00
https://emerald.puzzlepirates.com/yoweb/pirate.wm?classic=false&target=Jaihope,Jaihope,Pirate,Ice Melting,Member,High Spirits,Novice / Able,Novice / Able,Novice / Able,Novice / Able,Novice / Able,Novice / Able,Novice / Able,Novice / Able,Novice / Able,Novice / Able,Neophyte / Proficient,Novice / Able,Weighty / Legendary (archipelago: Grand-Master ),Neophyte / Able,Novice / Able,Novice / Able,Novice / Able,Novice / Able,Novice / Able,Novice / Able,Neophyte / Able,Novice / Able,2026-10-05T23:23:06+00:00
https://emerald.puzzlepirates.com/yoweb/pirate.wm?classic=false&target=Lovemimi,Lovemimi,Captain,Comic Relief,Lady,High Spirits,Revered / Grand-Master (archipelago: Master ),Weighty / Proficient (archipelago: Able),Broad / Able,Broad / Proficient,Expert / Proficient,Broad / Proficient,Solid / Proficient,Solid / Able,Solid / Distinguished (archipelago: Proficient ),Solid / Able,Narrow / Able,Neophyte / Able,Narrow / Able,Weighty / Proficient,Broad / Able,Novice / Able,Narrow / Proficient,Expert / Distinguished,Narrow / Able,Solid / Able,Solid / Master (archipelago: Distinguished ),Solid / Distinguished,2026-10-05T23:23:06+00:00
https://emerald.puzzlepirates.com/yoweb/pirate.wm?classic=false&target=Idnyc,Idnyc,Officer,Comic Relief,Member,High Spirits,Expert / Renowned (archipelago: Master ),Narrow / Proficient,Narrow / Able,Narrow / Proficient,Broad / Proficient (archipelago: Able),Broad / Proficient (archipelago: Able),Solid / Distinguished (archipelago: Proficient ),Broad / Able,Neophyte / Proficient (archipelago: Able),Novice / Proficient,Novice / Able,Novice / Able,Novice / Able,Novice / Able,Novice / Proficient,Novice / Able,Apprentice / Able (archipelago: Proficient ),Weighty / Respected,Novice / Able,Neophyte / Able,Narrow / Master (archipelago: Proficient ),Broad / Distinguished (archipelago: Proficient ),2026-10-05T23:23:06+00:00
https://emerald.puzzlepirates.com/yoweb/pirate.wm?classic=false&target=Bnanaalchemy,Bnanaalchemy,Berserker,Dead Reckoning,Member,High Spirits,Novice / Able,Novice / Able,Novice / Able,Novice / Able,Novice / Able,Novice / Able,Novice / Able,Novice / Able,Novice / Able,Novice / Respected (archipelago: Master ),Novice / Able,Novice / Able,Novice / Able,Novice / Able,Novice / Able,Novice / Able,Neophyte / Able,Novice / Able,Narrow / Renowned,Novice / Able,Novice / Able,Narrow / Respected (archipelago: Master ),2026-10-05T23:23:06+00:00
https://emerald.puzzlepirates.com/yoweb/pirate.wm?classic=false&target=Veritasium,Veritasium,Forager,Dead Reckoning,Member,High Spirits,Novice / Able,Novice / Able,Novice / Able,Novice / Able,Novice / Able,Novice / Able,Novice / Able,Novice / Able,Novice / Able,Novice / Able,Novice / Able,Novice / Able,Novice / Able,Novice / Able,Novice / Able,Novice / Able,Novice / Able,Novice / Able,Broad / Renowned (archipelago: Master ),Novice / Able,Solid / Ultimate (archipelago: Grand-Master ),Novice / Able,2026-10-05T23:23:06+00:00
https://emerald.puzzlepirates.com/yoweb/pirate.wm?classic=false&target=Mscat,Mscat,Captain,Cats Meow,Member,High Spirits,Sublime / Master (archipelago: Respected ),Broad / Able,Expert / Distinguished (archipelago: Proficient ),Weighty / Distinguished,Weighty / Distinguished (archipelago: Proficient ),Weighty / Distinguished (archipelago: Proficient ),Solid / Respected (archipelago: Distinguished ),Paragon / Respected (archipelago: Master ),Solid / Respected (archipelago: Distinguished ),Broad / Distinguished,Narrow / Master (archipelago: Respected ),Novice / Proficient,Novice / Able,Novice / Able,Novice / Able,Broad / Distinguished,Neophyte / Able,Solid / Distinguished,Expert / Respected (archipelago: Distinguished ),Narrow / Distinguished,Broad / Ultimate (archipelago: Renowned ),Apprentice / Proficient,2026-10-05T23:23:06+00:00
https://emerald.puzzlepirates.com/yoweb/pirate.wm?classic=false&target=Babykangaroo,Babykangaroo,Captain,Crazy Cats,Member,High Spirits,Broad / Proficient,Solid / Proficient (archipelago: Able),Solid / Proficient,Expert / Renowned,Weighty / Proficient (archipelago: Able),Solid / Master (archipelago: Respected ),Solid / Distinguished (archipelago: Proficient ),Solid / Able,Solid / Distinguished (archipelago: Proficient ),Solid / Distinguished,Apprentice / Respected,Novice / Distinguished,Narrow / Able,Novice / Able,Novice / Proficient,Weighty / Respected,Novice / Able,Novice / Able,Broad / Able,Solid / Distinguished (archipelago: Proficient ),Solid / Renowned (archipelago: Distinguished ),Novice / Able,2026-10-05T23:23:06+00:00
https://emerald.puzzlepirates.com/yoweb/pirate.wm?classic=false&target=Lemontwist,Lemontwist,Captain,Deja Voodoo,Member,High Spirits,Narrow / Proficient (archipelago: Able),Expert / Ultimate (archipelago: Grand-Master ),Solid / Master (archipelago: Distinguished ),Solid / Master (archipelago: Respected ),Weighty / Grand-Master (archipelago: Renowned ),Broad / Proficient (archipelago: Able),Solid / Distinguished,Solid / Respected,Broad / Distinguished,Solid / Able,Narrow / Proficient,Narrow / Able,Novice / Able,Novice / Able,Broad / Distinguished (archipelago: Proficient ),Weighty / Able,Novice / Able,Apprentice / Proficient (archipelago: Able),Narrow / Respected,Neophyte / Able,Solid / Grand-Master (archipelago: Master ),Solid / Legendary,2026-10-05T23:23:06+00:00
https://emerald.puzzlepirates.com/yoweb/pirate.wm?classic=false&target=Beean,Beean,Captain,Space Goats,Member,High Spirits,Expert / Master (archipelago: Respected ),Solid / Proficient,Solid / Proficient,Illustrious / Renowned,Solid / Proficient (archipelago: Able),Broad / Proficient (archipelago: Able),Solid / Distinguished (archipelago: Proficient ),Solid / Distinguished,Broad / Distinguished (archipelago: Proficient ),Broad / Able,Apprentice / Able,Apprentice / Able,Novice / Able,Novice / Able,Apprentice / Able,Weighty / Able,Weighty / Respected,Broad / Proficient,Narrow / Proficient,Broad / Distinguished (archipelago: Proficient ),Expert / Legendary (archipelago: Master ),Narrow / Proficient,2026-10-05T23:23:06+00:00
https://emerald.puzzlepirates.com/yoweb/pirate.wm?classic=false&target=Stopdroproll,Stopdroproll,Pirate,FEIN,Member,High Spirits,Novice / Able,Novice / Able,Novice / Able,Novice / Able,Novice / Able,Novice / Able,Neophyte / Legendary,Novice / Able,Novice / Able,Novice / Able,Novice / Able,Novice / Able,Novice / Able,Novice / Able,Novice / Able,Solid / Respected,Novice / Able,Novice / Able,Novice / Able,Novice / Able,Neophyte / Proficient (archipelago: Able),Novice / Able,2026-10-05T23:23:06+00:00
https://emerald.puzzlepirates.com/yoweb/pirate.wm?classic=false&target=Lilbrodog,Lilbrodog,Cantankerer,Neverafter,Member,High Spirits,Solid / Respected (archipelago: Distinguished ),Expert / Respected,Revered / Ultimate (archipelago: Legendary ),Solid / Respected (archipelago: Distinguished ),Weighty / Distinguished,Weighty / Distinguished,Weighty / Distinguished,Expert / Respected,Weighty / Master,Solid / Respected (archipelago: Distinguished ),Apprentice / Proficient,Apprentice / Proficient,Broad / Able,Solid / Able,Apprentice / Able,Weighty / Distinguished,Narrow / Proficient,Apprentice / Proficient (archipelago: Able),Solid / Distinguished,Solid / Master,Solid / Renowned (archipelago: Distinguished ),Broad / Distinguished (archipelago: Proficient ),2026-10-05T23:23:06+00:00
https://emerald.puzzlepirates.com/yoweb/pirate.wm?classic=false&target=Rikitoevent,Rikitoevent,Officer,Booze Cruise,Member,High Spirits,Novice / Able,Neophyte / Proficient,Novice / Able,Novice / Proficient (archipelago: Able),Narrow / Proficient (archipelago: Able),Novice / Able,Novice / Proficient (archipelago: Able),Novice / Able,Neophyte / Proficient (archipelago: Able),Novice / Proficient,Novice / Able,Novice / Able,Novice / Able,Novice / Able,Novice / Able,Novice / Able,Novice / Able,Novice / Able,Novice / Able,Novice / Able,Novice / Able,Novice / Able,2026-10-05T23:23:06+00:00
https://emerald.puzzlepirates.com/yoweb/pirate.wm?classic=false&target=Vanhaahr,Vanhaahr,Captain,New Pirate Order,Member,High Spirits,Expert / Master (archipelago: Respected ),Illustrious / Legendary (archipelago: Grand-Master ),Illustrious / Master (archipelago: Respected ),Broad / Proficient,Paragon / Master,Expert / Proficient,Solid / Distinguished,Illustrious / Master,Paragon / Master (archipelago: Respected ),Expert / Able,Solid / Proficient,Solid / Distinguished (archipelago: Respected ),Apprentice / Able,Solid / Able (archipelago: Proficient ),Broad / Able,Illustrious / Respected,Paragon / Master (archipelago: Respected ),Weighty / Master,Expert / Master (archipelago: Respected ),Weighty / Master (archipelago: Respected ),Expert / Renowned (archipelago: Distinguished ),Solid / Master (archipelago: Renowned ),2026-10-05T23:23:06+00:00
https://emerald.puzzlepirates.com/yoweb/pirate.wm?classic=false&target=Zuzane,Zuzane,Captain,Wind Dogs,Member,High Spirits,Solid / Respected (archipelago: Distinguished ),Weighty / Master (archipelago: Respected ),Sublime / Legendary (archipelago: Grand-Master ),Solid / Respected (archipelago: Distinguished ),Weighty / Respected (archipelago: Distinguished ),Solid / Proficient,Weighty / Respected,Weighty / Distinguished,Solid / Respected (archipelago: Distinguished ),Solid / Respected,Narrow / Proficient,Narrow / Able,Novice / Able,Novice / Able,Narrow / Distinguished,Novice / Able,Illustrious / Legendary (archipelago: Grand-Master ),Solid / Master (archipelago: Respected ),Paragon / Renowned (archipelago: Master ),Weighty / Renowned (archipelago: Master ),Weighty / Renowned (archipelago: Respected ),Narrow / Distinguished,2026-10-05T23:23:06+00:00
https://emerald.puzzlepirates.com/yoweb/pirate.wm?classic=false&target=Gurlar,Gurlar,Gambler,Roulette Pirates,Member,High Spirits,Solid / Distinguished (archipelago: Proficient ),Solid / Distinguished (archipelago: Proficient ),Solid / Respected (archipelago: Distinguished ),Weighty / Grand-Master (archipelago: Renowned ),Solid / Master,Solid / Proficient,Solid / Distinguished (archipelago: Proficient ),Expert / Grand-Master,Broad / Proficient (archipelago: Able),Solid / Respected (archipelago: Distinguished ),Broad / Respected (archipelago: Distinguished ),Solid / Master,Broad / Able (archipelago: Proficient ),Broad / Able,Broad / Able,Illustrious / Distinguished,Solid / Distinguished,Solid / Respected,Solid / Renowned (archipelago: Master ),Solid / Grand-Master (archipelago: Renowned ),Solid / Ultimate (archipelago: Grand-Master ),Apprentice / Proficient,2026-10-05T23:23:06+00:00
https://emerald.puzzlepirates.com/yoweb/pirate.wm?classic=false&target=Inthephantom,Inthephantom,Troublemaker,RIO,Member,High Spirits,Solid / Renowned (archipelago: Master ),Narrow / Able,Solid / Proficient,Broad / Distinguished (archipelago: Proficient ),Solid / Proficient,Weighty / Master (archipelago: Respected ),Weighty / Distinguished (archipelago: Proficient ),Narrow / Able,Broad / Renowned,Broad / Able,Novice / Proficient,Novice / Able,Weighty / Proficient,Weighty / Proficient,Neophyte / Able,Weighty / Able,Novice / Able,Novice / Able,Novice / Able,Novice / Able,Weighty / Renowned (archipelago: Respected ),Novice / Able,2026-10-05T23:23:06+00:00
